election_id,election_name,as_of_date,party_id,seats_won,vote_pct
612,UNS 2024-07-05,2024-07-05,1,411,34.593790
612,UNS 2024-07-05,2024-07-05,2,5,14.442286
612,UNS 2024-07-05,2024-07-05,3,4,0.733876
612,UNS 2024-07-05,2024-07-05,4,121,22.961757
612,UNS 2024-07-05,2024-07-05,5,72,11.427849
612,UNS 2024-07-05,2024-07-05,6,4,6.828824
612,UNS 2024-07-05,2024-07-05,7,8,3.972045
612,UNS 2024-07-05,2024-07-05,8,9,2.627596
612,UNS 2024-07-05,2024-07-05,9,5,0.615449
612,UNS 2024-07-05,2024-07-05,10,1,0.415718
612,UNS 2024-07-05,2024-07-05,11,1,0.326012
612,UNS 2024-07-05,2024-07-05,12,2,0.313514
612,UNS 2024-07-05,2024-07-05,13,7,0.741286
613,UNS 2024-07-06,2024-07-06,1,411,34.593790
613,UNS 2024-07-06,2024-07-06,2,5,14.442286
613,UNS 2024-07-06,2024-07-06,3,4,0.733876
613,UNS 2024-07-06,2024-07-06,4,121,22.961757
613,UNS 2024-07-06,2024-07-06,5,72,11.427849
613,UNS 2024-07-06,2024-07-06,6,4,6.828824
613,UNS 2024-07-06,2024-07-06,7,8,3.972045
613,UNS 2024-07-06,2024-07-06,8,9,2.627596
613,UNS 2024-07-06,2024-07-06,9,5,0.615449
613,UNS 2024-07-06,2024-07-06,10,1,0.415718
613,UNS 2024-07-06,2024-07-06,11,1,0.326012
613,UNS 2024-07-06,2024-07-06,12,2,0.313514
613,UNS 2024-07-06,2024-07-06,13,7,0.741286
614,UNS 2024-07-07,2024-07-07,1,411,34.593790
614,UNS 2024-07-07,2024-07-07,2,5,14.442286
614,UNS 2024-07-07,2024-07-07,3,4,0.733876
614,UNS 2024-07-07,2024-07-07,4,121,22.961757
614,UNS 2024-07-07,2024-07-07,5,72,11.427849
614,UNS 2024-07-07,2024-07-07,6,4,6.828824
614,UNS 2024-07-07,2024-07-07,7,8,3.972045
614,UNS 2024-07-07,2024-07-07,8,9,2.627596
614,UNS 2024-07-07,2024-07-07,9,5,0.615449
614,UNS 2024-07-07,2024-07-07,10,1,0.415718
614,UNS 2024-07-07,2024-07-07,11,1,0.326012
614,UNS 2024-07-07,2024-07-07,12,2,0.313514
614,UNS 2024-07-07,2024-07-07,13,7,0.741286
615,UNS 2024-07-08,2024-07-08,1,411,34.593790
615,UNS 2024-07-08,2024-07-08,2,5,14.442286
615,UNS 2024-07-08,2024-07-08,3,4,0.733876
615,UNS 2024-07-08,2024-07-08,4,121,22.961757
615,UNS 2024-07-08,2024-07-08,5,72,11.427849
615,UNS 2024-07-08,2024-07-08,6,4,6.828824
615,UNS 2024-07-08,2024-07-08,7,8,3.972045
615,UNS 2024-07-08,2024-07-08,8,9,2.627596
615,UNS 2024-07-08,2024-07-08,9,5,0.615449
615,UNS 2024-07-08,2024-07-08,10,1,0.415718
615,UNS 2024-07-08,2024-07-08,11,1,0.326012
615,UNS 2024-07-08,2024-07-08,12,2,0.313514
615,UNS 2024-07-08,2024-07-08,13,7,0.741286
616,UNS 2024-07-09,2024-07-09,1,411,34.593790
616,UNS 2024-07-09,2024-07-09,2,5,14.442286
616,UNS 2024-07-09,2024-07-09,3,4,0.733876
616,UNS 2024-07-09,2024-07-09,4,121,22.961757
616,UNS 2024-07-09,2024-07-09,5,72,11.427849
616,UNS 2024-07-09,2024-07-09,6,4,6.828824
616,UNS 2024-07-09,2024-07-09,7,8,3.972045
616,UNS 2024-07-09,2024-07-09,8,9,2.627596
616,UNS 2024-07-09,2024-07-09,9,5,0.615449
616,UNS 2024-07-09,2024-07-09,10,1,0.415718
616,UNS 2024-07-09,2024-07-09,11,1,0.326012
616,UNS 2024-07-09,2024-07-09,12,2,0.313514
616,UNS 2024-07-09,2024-07-09,13,7,0.741286
617,UNS 2024-07-10,2024-07-10,1,411,34.593790
617,UNS 2024-07-10,2024-07-10,2,5,14.442286
617,UNS 2024-07-10,2024-07-10,3,4,0.733876
617,UNS 2024-07-10,2024-07-10,4,121,22.961757
617,UNS 2024-07-10,2024-07-10,5,72,11.427849
617,UNS 2024-07-10,2024-07-10,6,4,6.828824
617,UNS 2024-07-10,2024-07-10,7,8,3.972045
617,UNS 2024-07-10,2024-07-10,8,9,2.627596
617,UNS 2024-07-10,2024-07-10,9,5,0.615449
617,UNS 2024-07-10,2024-07-10,10,1,0.415718
617,UNS 2024-07-10,2024-07-10,11,1,0.326012
617,UNS 2024-07-10,2024-07-10,12,2,0.313514
617,UNS 2024-07-10,2024-07-10,13,7,0.741286
618,UNS 2024-07-11,2024-07-11,1,411,34.593790
618,UNS 2024-07-11,2024-07-11,2,5,14.442286
618,UNS 2024-07-11,2024-07-11,3,4,0.733876
618,UNS 2024-07-11,2024-07-11,4,121,22.961757
618,UNS 2024-07-11,2024-07-11,5,72,11.427849
618,UNS 2024-07-11,2024-07-11,6,4,6.828824
618,UNS 2024-07-11,2024-07-11,7,8,3.972045
618,UNS 2024-07-11,2024-07-11,8,9,2.627596
618,UNS 2024-07-11,2024-07-11,9,5,0.615449
618,UNS 2024-07-11,2024-07-11,10,1,0.415718
618,UNS 2024-07-11,2024-07-11,11,1,0.326012
618,UNS 2024-07-11,2024-07-11,12,2,0.313514
618,UNS 2024-07-11,2024-07-11,13,7,0.741286
619,UNS 2024-07-12,2024-07-12,1,411,34.593790
619,UNS 2024-07-12,2024-07-12,2,5,14.442286
619,UNS 2024-07-12,2024-07-12,3,4,0.733876
619,UNS 2024-07-12,2024-07-12,4,121,22.961757
619,UNS 2024-07-12,2024-07-12,5,72,11.427849
619,UNS 2024-07-12,2024-07-12,6,4,6.828824
619,UNS 2024-07-12,2024-07-12,7,8,3.972045
619,UNS 2024-07-12,2024-07-12,8,9,2.627596
619,UNS 2024-07-12,2024-07-12,9,5,0.615449
619,UNS 2024-07-12,2024-07-12,10,1,0.415718
619,UNS 2024-07-12,2024-07-12,11,1,0.326012
619,UNS 2024-07-12,2024-07-12,12,2,0.313514
619,UNS 2024-07-12,2024-07-12,13,7,0.741286
620,UNS 2024-07-13,2024-07-13,1,411,34.593790
620,UNS 2024-07-13,2024-07-13,2,5,14.442286
620,UNS 2024-07-13,2024-07-13,3,4,0.733876
620,UNS 2024-07-13,2024-07-13,4,121,22.961757
620,UNS 2024-07-13,2024-07-13,5,72,11.427849
620,UNS 2024-07-13,2024-07-13,6,4,6.828824
620,UNS 2024-07-13,2024-07-13,7,8,3.972045
620,UNS 2024-07-13,2024-07-13,8,9,2.627596
620,UNS 2024-07-13,2024-07-13,9,5,0.615449
620,UNS 2024-07-13,2024-07-13,10,1,0.415718
620,UNS 2024-07-13,2024-07-13,11,1,0.326012
620,UNS 2024-07-13,2024-07-13,12,2,0.313514
620,UNS 2024-07-13,2024-07-13,13,7,0.741286
621,UNS 2024-07-14,2024-07-14,1,411,34.593790
621,UNS 2024-07-14,2024-07-14,2,5,14.442286
621,UNS 2024-07-14,2024-07-14,3,4,0.733876
621,UNS 2024-07-14,2024-07-14,4,121,22.961757
621,UNS 2024-07-14,2024-07-14,5,72,11.427849
621,UNS 2024-07-14,2024-07-14,6,4,6.828824
621,UNS 2024-07-14,2024-07-14,7,8,3.972045
621,UNS 2024-07-14,2024-07-14,8,9,2.627596
621,UNS 2024-07-14,2024-07-14,9,5,0.615449
621,UNS 2024-07-14,2024-07-14,10,1,0.415718
621,UNS 2024-07-14,2024-07-14,11,1,0.326012
621,UNS 2024-07-14,2024-07-14,12,2,0.313514
621,UNS 2024-07-14,2024-07-14,13,7,0.741286
622,UNS 2024-07-15,2024-07-15,1,411,34.593790
622,UNS 2024-07-15,2024-07-15,2,5,14.442286
622,UNS 2024-07-15,2024-07-15,3,4,0.733876
622,UNS 2024-07-15,2024-07-15,4,121,22.961757
622,UNS 2024-07-15,2024-07-15,5,72,11.427849
622,UNS 2024-07-15,2024-07-15,6,4,6.828824
622,UNS 2024-07-15,2024-07-15,7,8,3.972045
622,UNS 2024-07-15,2024-07-15,8,9,2.627596
622,UNS 2024-07-15,2024-07-15,9,5,0.615449
622,UNS 2024-07-15,2024-07-15,10,1,0.415718
622,UNS 2024-07-15,2024-07-15,11,1,0.326012
622,UNS 2024-07-15,2024-07-15,12,2,0.313514
622,UNS 2024-07-15,2024-07-15,13,7,0.741286
623,UNS 2024-07-16,2024-07-16,1,411,34.593790
623,UNS 2024-07-16,2024-07-16,2,5,14.442286
623,UNS 2024-07-16,2024-07-16,3,4,0.733876
623,UNS 2024-07-16,2024-07-16,4,121,22.961757
623,UNS 2024-07-16,2024-07-16,5,72,11.427849
623,UNS 2024-07-16,2024-07-16,6,4,6.828824
623,UNS 2024-07-16,2024-07-16,7,8,3.972045
623,UNS 2024-07-16,2024-07-16,8,9,2.627596
623,UNS 2024-07-16,2024-07-16,9,5,0.615449
623,UNS 2024-07-16,2024-07-16,10,1,0.415718
623,UNS 2024-07-16,2024-07-16,11,1,0.326012
623,UNS 2024-07-16,2024-07-16,12,2,0.313514
623,UNS 2024-07-16,2024-07-16,13,7,0.741286
624,UNS 2024-07-17,2024-07-17,1,411,34.593790
624,UNS 2024-07-17,2024-07-17,2,5,14.442286
624,UNS 2024-07-17,2024-07-17,3,4,0.733876
624,UNS 2024-07-17,2024-07-17,4,121,22.961757
624,UNS 2024-07-17,2024-07-17,5,72,11.427849
624,UNS 2024-07-17,2024-07-17,6,4,6.828824
624,UNS 2024-07-17,2024-07-17,7,8,3.972045
624,UNS 2024-07-17,2024-07-17,8,9,2.627596
624,UNS 2024-07-17,2024-07-17,9,5,0.615449
624,UNS 2024-07-17,2024-07-17,10,1,0.415718
624,UNS 2024-07-17,2024-07-17,11,1,0.326012
624,UNS 2024-07-17,2024-07-17,12,2,0.313514
624,UNS 2024-07-17,2024-07-17,13,7,0.741286
625,UNS 2024-07-18,2024-07-18,1,411,34.593790
625,UNS 2024-07-18,2024-07-18,2,5,14.442286
625,UNS 2024-07-18,2024-07-18,3,4,0.733876
625,UNS 2024-07-18,2024-07-18,4,121,22.961757
625,UNS 2024-07-18,2024-07-18,5,72,11.427849
625,UNS 2024-07-18,2024-07-18,6,4,6.828824
625,UNS 2024-07-18,2024-07-18,7,8,3.972045
625,UNS 2024-07-18,2024-07-18,8,9,2.627596
625,UNS 2024-07-18,2024-07-18,9,5,0.615449
625,UNS 2024-07-18,2024-07-18,10,1,0.415718
625,UNS 2024-07-18,2024-07-18,11,1,0.326012
625,UNS 2024-07-18,2024-07-18,12,2,0.313514
625,UNS 2024-07-18,2024-07-18,13,7,0.741286
626,UNS 2024-07-19,2024-07-19,1,411,34.593790
626,UNS 2024-07-19,2024-07-19,2,5,14.442286
626,UNS 2024-07-19,2024-07-19,3,4,0.733876
626,UNS 2024-07-19,2024-07-19,4,121,22.961757
626,UNS 2024-07-19,2024-07-19,5,72,11.427849
626,UNS 2024-07-19,2024-07-19,6,4,6.828824
626,UNS 2024-07-19,2024-07-19,7,8,3.972045
626,UNS 2024-07-19,2024-07-19,8,9,2.627596
626,UNS 2024-07-19,2024-07-19,9,5,0.615449
626,UNS 2024-07-19,2024-07-19,10,1,0.415718
626,UNS 2024-07-19,2024-07-19,11,1,0.326012
626,UNS 2024-07-19,2024-07-19,12,2,0.313514
626,UNS 2024-07-19,2024-07-19,13,7,0.741286
627,UNS 2024-07-20,2024-07-20,1,411,34.593790
627,UNS 2024-07-20,2024-07-20,2,5,14.442286
627,UNS 2024-07-20,2024-07-20,3,4,0.733876
627,UNS 2024-07-20,2024-07-20,4,121,22.961757
627,UNS 2024-07-20,2024-07-20,5,72,11.427849
627,UNS 2024-07-20,2024-07-20,6,4,6.828824
627,UNS 2024-07-20,2024-07-20,7,8,3.972045
627,UNS 2024-07-20,2024-07-20,8,9,2.627596
627,UNS 2024-07-20,2024-07-20,9,5,0.615449
627,UNS 2024-07-20,2024-07-20,10,1,0.415718
627,UNS 2024-07-20,2024-07-20,11,1,0.326012
627,UNS 2024-07-20,2024-07-20,12,2,0.313514
627,UNS 2024-07-20,2024-07-20,13,7,0.741286
628,UNS 2024-07-21,2024-07-21,1,411,34.593790
628,UNS 2024-07-21,2024-07-21,2,5,14.442286
628,UNS 2024-07-21,2024-07-21,3,4,0.733876
628,UNS 2024-07-21,2024-07-21,4,121,22.961757
628,UNS 2024-07-21,2024-07-21,5,72,11.427849
628,UNS 2024-07-21,2024-07-21,6,4,6.828824
628,UNS 2024-07-21,2024-07-21,7,8,3.972045
628,UNS 2024-07-21,2024-07-21,8,9,2.627596
628,UNS 2024-07-21,2024-07-21,9,5,0.615449
628,UNS 2024-07-21,2024-07-21,10,1,0.415718
628,UNS 2024-07-21,2024-07-21,11,1,0.326012
628,UNS 2024-07-21,2024-07-21,12,2,0.313514
628,UNS 2024-07-21,2024-07-21,13,7,0.741286
629,UNS 2024-07-22,2024-07-22,1,411,34.593790
629,UNS 2024-07-22,2024-07-22,2,5,14.442286
629,UNS 2024-07-22,2024-07-22,3,4,0.733876
629,UNS 2024-07-22,2024-07-22,4,121,22.961757
629,UNS 2024-07-22,2024-07-22,5,72,11.427849
629,UNS 2024-07-22,2024-07-22,6,4,6.828824
629,UNS 2024-07-22,2024-07-22,7,8,3.972045
629,UNS 2024-07-22,2024-07-22,8,9,2.627596
629,UNS 2024-07-22,2024-07-22,9,5,0.615449
629,UNS 2024-07-22,2024-07-22,10,1,0.415718
629,UNS 2024-07-22,2024-07-22,11,1,0.326012
629,UNS 2024-07-22,2024-07-22,12,2,0.313514
629,UNS 2024-07-22,2024-07-22,13,7,0.741286
630,UNS 2024-07-23,2024-07-23,1,411,34.593790
630,UNS 2024-07-23,2024-07-23,2,5,14.442286
630,UNS 2024-07-23,2024-07-23,3,4,0.733876
630,UNS 2024-07-23,2024-07-23,4,121,22.961757
630,UNS 2024-07-23,2024-07-23,5,72,11.427849
630,UNS 2024-07-23,2024-07-23,6,4,6.828824
630,UNS 2024-07-23,2024-07-23,7,8,3.972045
630,UNS 2024-07-23,2024-07-23,8,9,2.627596
630,UNS 2024-07-23,2024-07-23,9,5,0.615449
630,UNS 2024-07-23,2024-07-23,10,1,0.415718
630,UNS 2024-07-23,2024-07-23,11,1,0.326012
630,UNS 2024-07-23,2024-07-23,12,2,0.313514
630,UNS 2024-07-23,2024-07-23,13,7,0.741286
631,UNS 2024-07-24,2024-07-24,1,411,34.593790
631,UNS 2024-07-24,2024-07-24,2,5,14.442286
631,UNS 2024-07-24,2024-07-24,3,4,0.733876
631,UNS 2024-07-24,2024-07-24,4,121,22.961757
631,UNS 2024-07-24,2024-07-24,5,72,11.427849
631,UNS 2024-07-24,2024-07-24,6,4,6.828824
631,UNS 2024-07-24,2024-07-24,7,8,3.972045
631,UNS 2024-07-24,2024-07-24,8,9,2.627596
631,UNS 2024-07-24,2024-07-24,9,5,0.615449
631,UNS 2024-07-24,2024-07-24,10,1,0.415718
631,UNS 2024-07-24,2024-07-24,11,1,0.326012
631,UNS 2024-07-24,2024-07-24,12,2,0.313514
631,UNS 2024-07-24,2024-07-24,13,7,0.741286
632,UNS 2024-07-25,2024-07-25,1,411,34.593790
632,UNS 2024-07-25,2024-07-25,2,5,14.442286
632,UNS 2024-07-25,2024-07-25,3,4,0.733876
632,UNS 2024-07-25,2024-07-25,4,121,22.961757
632,UNS 2024-07-25,2024-07-25,5,72,11.427849
632,UNS 2024-07-25,2024-07-25,6,4,6.828824
632,UNS 2024-07-25,2024-07-25,7,8,3.972045
632,UNS 2024-07-25,2024-07-25,8,9,2.627596
632,UNS 2024-07-25,2024-07-25,9,5,0.615449
632,UNS 2024-07-25,2024-07-25,10,1,0.415718
632,UNS 2024-07-25,2024-07-25,11,1,0.326012
632,UNS 2024-07-25,2024-07-25,12,2,0.313514
632,UNS 2024-07-25,2024-07-25,13,7,0.741286
633,UNS 2024-07-26,2024-07-26,1,411,34.593790
633,UNS 2024-07-26,2024-07-26,2,5,14.442286
633,UNS 2024-07-26,2024-07-26,3,4,0.733876
633,UNS 2024-07-26,2024-07-26,4,121,22.961757
633,UNS 2024-07-26,2024-07-26,5,72,11.427849
633,UNS 2024-07-26,2024-07-26,6,4,6.828824
633,UNS 2024-07-26,2024-07-26,7,8,3.972045
633,UNS 2024-07-26,2024-07-26,8,9,2.627596
633,UNS 2024-07-26,2024-07-26,9,5,0.615449
633,UNS 2024-07-26,2024-07-26,10,1,0.415718
633,UNS 2024-07-26,2024-07-26,11,1,0.326012
633,UNS 2024-07-26,2024-07-26,12,2,0.313514
633,UNS 2024-07-26,2024-07-26,13,7,0.741286
634,UNS 2024-07-27,2024-07-27,1,411,34.593790
634,UNS 2024-07-27,2024-07-27,2,5,14.442286
634,UNS 2024-07-27,2024-07-27,3,4,0.733876
634,UNS 2024-07-27,2024-07-27,4,121,22.961757
634,UNS 2024-07-27,2024-07-27,5,72,11.427849
634,UNS 2024-07-27,2024-07-27,6,4,6.828824
634,UNS 2024-07-27,2024-07-27,7,8,3.972045
634,UNS 2024-07-27,2024-07-27,8,9,2.627596
634,UNS 2024-07-27,2024-07-27,9,5,0.615449
634,UNS 2024-07-27,2024-07-27,10,1,0.415718
634,UNS 2024-07-27,2024-07-27,11,1,0.326012
634,UNS 2024-07-27,2024-07-27,12,2,0.313514
634,UNS 2024-07-27,2024-07-27,13,7,0.741286
635,UNS 2024-07-28,2024-07-28,1,411,34.593790
635,UNS 2024-07-28,2024-07-28,2,5,14.442286
635,UNS 2024-07-28,2024-07-28,3,4,0.733876
635,UNS 2024-07-28,2024-07-28,4,121,22.961757
635,UNS 2024-07-28,2024-07-28,5,72,11.427849
635,UNS 2024-07-28,2024-07-28,6,4,6.828824
635,UNS 2024-07-28,2024-07-28,7,8,3.972045
635,UNS 2024-07-28,2024-07-28,8,9,2.627596
635,UNS 2024-07-28,2024-07-28,9,5,0.615449
635,UNS 2024-07-28,2024-07-28,10,1,0.415718
635,UNS 2024-07-28,2024-07-28,11,1,0.326012
635,UNS 2024-07-28,2024-07-28,12,2,0.313514
635,UNS 2024-07-28,2024-07-28,13,7,0.741286
636,UNS 2024-07-29,2024-07-29,1,411,34.593790
636,UNS 2024-07-29,2024-07-29,2,5,14.442286
636,UNS 2024-07-29,2024-07-29,3,4,0.733876
636,UNS 2024-07-29,2024-07-29,4,121,22.961757
636,UNS 2024-07-29,2024-07-29,5,72,11.427849
636,UNS 2024-07-29,2024-07-29,6,4,6.828824
636,UNS 2024-07-29,2024-07-29,7,8,3.972045
636,UNS 2024-07-29,2024-07-29,8,9,2.627596
636,UNS 2024-07-29,2024-07-29,9,5,0.615449
636,UNS 2024-07-29,2024-07-29,10,1,0.415718
636,UNS 2024-07-29,2024-07-29,11,1,0.326012
636,UNS 2024-07-29,2024-07-29,12,2,0.313514
636,UNS 2024-07-29,2024-07-29,13,7,0.741286
637,UNS 2024-07-30,2024-07-30,1,411,34.593790
637,UNS 2024-07-30,2024-07-30,2,5,14.442286
637,UNS 2024-07-30,2024-07-30,3,4,0.733876
637,UNS 2024-07-30,2024-07-30,4,121,22.961757
637,UNS 2024-07-30,2024-07-30,5,72,11.427849
637,UNS 2024-07-30,2024-07-30,6,4,6.828824
637,UNS 2024-07-30,2024-07-30,7,8,3.972045
637,UNS 2024-07-30,2024-07-30,8,9,2.627596
637,UNS 2024-07-30,2024-07-30,9,5,0.615449
637,UNS 2024-07-30,2024-07-30,10,1,0.415718
637,UNS 2024-07-30,2024-07-30,11,1,0.326012
637,UNS 2024-07-30,2024-07-30,12,2,0.313514
637,UNS 2024-07-30,2024-07-30,13,7,0.741286
638,UNS 2024-07-31,2024-07-31,1,411,34.593790
638,UNS 2024-07-31,2024-07-31,2,5,14.442286
638,UNS 2024-07-31,2024-07-31,3,4,0.733876
638,UNS 2024-07-31,2024-07-31,4,121,22.961757
638,UNS 2024-07-31,2024-07-31,5,72,11.427849
638,UNS 2024-07-31,2024-07-31,6,4,6.828824
638,UNS 2024-07-31,2024-07-31,7,8,3.972045
638,UNS 2024-07-31,2024-07-31,8,9,2.627596
638,UNS 2024-07-31,2024-07-31,9,5,0.615449
638,UNS 2024-07-31,2024-07-31,10,1,0.415718
638,UNS 2024-07-31,2024-07-31,11,1,0.326012
638,UNS 2024-07-31,2024-07-31,12,2,0.313514
638,UNS 2024-07-31,2024-07-31,13,7,0.741286
639,UNS 2024-08-01,2024-08-01,1,411,34.593790
639,UNS 2024-08-01,2024-08-01,2,5,14.442286
639,UNS 2024-08-01,2024-08-01,3,4,0.733876
639,UNS 2024-08-01,2024-08-01,4,121,22.961757
639,UNS 2024-08-01,2024-08-01,5,72,11.427849
639,UNS 2024-08-01,2024-08-01,6,4,6.828824
639,UNS 2024-08-01,2024-08-01,7,8,3.972045
639,UNS 2024-08-01,2024-08-01,8,9,2.627596
639,UNS 2024-08-01,2024-08-01,9,5,0.615449
639,UNS 2024-08-01,2024-08-01,10,1,0.415718
639,UNS 2024-08-01,2024-08-01,11,1,0.326012
639,UNS 2024-08-01,2024-08-01,12,2,0.313514
639,UNS 2024-08-01,2024-08-01,13,7,0.741286
640,UNS 2024-08-02,2024-08-02,1,411,34.593790
640,UNS 2024-08-02,2024-08-02,2,5,14.442286
640,UNS 2024-08-02,2024-08-02,3,4,0.733876
640,UNS 2024-08-02,2024-08-02,4,121,22.961757
640,UNS 2024-08-02,2024-08-02,5,72,11.427849
640,UNS 2024-08-02,2024-08-02,6,4,6.828824
640,UNS 2024-08-02,2024-08-02,7,8,3.972045
640,UNS 2024-08-02,2024-08-02,8,9,2.627596
640,UNS 2024-08-02,2024-08-02,9,5,0.615449
640,UNS 2024-08-02,2024-08-02,10,1,0.415718
640,UNS 2024-08-02,2024-08-02,11,1,0.326012
640,UNS 2024-08-02,2024-08-02,12,2,0.313514
640,UNS 2024-08-02,2024-08-02,13,7,0.741286
641,UNS 2024-08-03,2024-08-03,1,411,34.593790
641,UNS 2024-08-03,2024-08-03,2,5,14.442286
641,UNS 2024-08-03,2024-08-03,3,4,0.733876
641,UNS 2024-08-03,2024-08-03,4,121,22.961757
641,UNS 2024-08-03,2024-08-03,5,72,11.427849
641,UNS 2024-08-03,2024-08-03,6,4,6.828824
641,UNS 2024-08-03,2024-08-03,7,8,3.972045
641,UNS 2024-08-03,2024-08-03,8,9,2.627596
641,UNS 2024-08-03,2024-08-03,9,5,0.615449
641,UNS 2024-08-03,2024-08-03,10,1,0.415718
641,UNS 2024-08-03,2024-08-03,11,1,0.326012
641,UNS 2024-08-03,2024-08-03,12,2,0.313514
641,UNS 2024-08-03,2024-08-03,13,7,0.741286
642,UNS 2024-08-04,2024-08-04,1,411,34.593790
642,UNS 2024-08-04,2024-08-04,2,5,14.442286
642,UNS 2024-08-04,2024-08-04,3,4,0.733876
642,UNS 2024-08-04,2024-08-04,4,121,22.961757
642,UNS 2024-08-04,2024-08-04,5,72,11.427849
642,UNS 2024-08-04,2024-08-04,6,4,6.828824
642,UNS 2024-08-04,2024-08-04,7,8,3.972045
642,UNS 2024-08-04,2024-08-04,8,9,2.627596
642,UNS 2024-08-04,2024-08-04,9,5,0.615449
642,UNS 2024-08-04,2024-08-04,10,1,0.415718
642,UNS 2024-08-04,2024-08-04,11,1,0.326012
642,UNS 2024-08-04,2024-08-04,12,2,0.313514
642,UNS 2024-08-04,2024-08-04,13,7,0.741286
643,UNS 2024-08-05,2024-08-05,1,411,34.593790
643,UNS 2024-08-05,2024-08-05,2,5,14.442286
643,UNS 2024-08-05,2024-08-05,3,4,0.733876
643,UNS 2024-08-05,2024-08-05,4,121,22.961757
643,UNS 2024-08-05,2024-08-05,5,72,11.427849
643,UNS 2024-08-05,2024-08-05,6,4,6.828824
643,UNS 2024-08-05,2024-08-05,7,8,3.972045
643,UNS 2024-08-05,2024-08-05,8,9,2.627596
643,UNS 2024-08-05,2024-08-05,9,5,0.615449
643,UNS 2024-08-05,2024-08-05,10,1,0.415718
643,UNS 2024-08-05,2024-08-05,11,1,0.326012
643,UNS 2024-08-05,2024-08-05,12,2,0.313514
643,UNS 2024-08-05,2024-08-05,13,7,0.741286
644,UNS 2024-08-06,2024-08-06,1,411,34.593790
644,UNS 2024-08-06,2024-08-06,2,5,14.442286
644,UNS 2024-08-06,2024-08-06,3,4,0.733876
644,UNS 2024-08-06,2024-08-06,4,121,22.961757
644,UNS 2024-08-06,2024-08-06,5,72,11.427849
644,UNS 2024-08-06,2024-08-06,6,4,6.828824
644,UNS 2024-08-06,2024-08-06,7,8,3.972045
644,UNS 2024-08-06,2024-08-06,8,9,2.627596
644,UNS 2024-08-06,2024-08-06,9,5,0.615449
644,UNS 2024-08-06,2024-08-06,10,1,0.415718
644,UNS 2024-08-06,2024-08-06,11,1,0.326012
644,UNS 2024-08-06,2024-08-06,12,2,0.313514
644,UNS 2024-08-06,2024-08-06,13,7,0.741286
645,UNS 2024-08-07,2024-08-07,1,403,32.676252
645,UNS 2024-08-07,2024-08-07,2,10,17.287713
645,UNS 2024-08-07,2024-08-07,3,3,0.453012
645,UNS 2024-08-07,2024-08-07,4,133,23.007956
645,UNS 2024-08-07,2024-08-07,5,70,10.898747
645,UNS 2024-08-07,2024-08-07,6,4,7.848221
645,UNS 2024-08-07,2024-08-07,7,8,3.014315
645,UNS 2024-08-07,2024-08-07,8,2,2.178213
645,UNS 2024-08-07,2024-08-07,9,6,0.670886
645,UNS 2024-08-07,2024-08-07,10,1,0.454061
645,UNS 2024-08-07,2024-08-07,11,1,0.353618
645,UNS 2024-08-07,2024-08-07,12,2,0.344255
645,UNS 2024-08-07,2024-08-07,13,7,0.812752
646,UNS 2024-08-08,2024-08-08,1,403,32.676252
646,UNS 2024-08-08,2024-08-08,2,10,17.287713
646,UNS 2024-08-08,2024-08-08,3,3,0.453012
646,UNS 2024-08-08,2024-08-08,4,133,23.007956
646,UNS 2024-08-08,2024-08-08,5,70,10.898747
646,UNS 2024-08-08,2024-08-08,6,4,7.848221
646,UNS 2024-08-08,2024-08-08,7,8,3.014315
646,UNS 2024-08-08,2024-08-08,8,2,2.178213
646,UNS 2024-08-08,2024-08-08,9,6,0.670886
646,UNS 2024-08-08,2024-08-08,10,1,0.454061
646,UNS 2024-08-08,2024-08-08,11,1,0.353618
646,UNS 2024-08-08,2024-08-08,12,2,0.344255
646,UNS 2024-08-08,2024-08-08,13,7,0.812752
647,UNS 2024-08-09,2024-08-09,1,403,32.676252
647,UNS 2024-08-09,2024-08-09,2,10,17.287713
647,UNS 2024-08-09,2024-08-09,3,3,0.453012
647,UNS 2024-08-09,2024-08-09,4,133,23.007956
647,UNS 2024-08-09,2024-08-09,5,70,10.898747
647,UNS 2024-08-09,2024-08-09,6,4,7.848221
647,UNS 2024-08-09,2024-08-09,7,8,3.014315
647,UNS 2024-08-09,2024-08-09,8,2,2.178213
647,UNS 2024-08-09,2024-08-09,9,6,0.670886
647,UNS 2024-08-09,2024-08-09,10,1,0.454061
647,UNS 2024-08-09,2024-08-09,11,1,0.353618
647,UNS 2024-08-09,2024-08-09,12,2,0.344255
647,UNS 2024-08-09,2024-08-09,13,7,0.812752
648,UNS 2024-08-10,2024-08-10,1,403,32.676252
648,UNS 2024-08-10,2024-08-10,2,10,17.287713
648,UNS 2024-08-10,2024-08-10,3,3,0.453012
648,UNS 2024-08-10,2024-08-10,4,133,23.007956
648,UNS 2024-08-10,2024-08-10,5,70,10.898747
648,UNS 2024-08-10,2024-08-10,6,4,7.848221
648,UNS 2024-08-10,2024-08-10,7,8,3.014315
648,UNS 2024-08-10,2024-08-10,8,2,2.178213
648,UNS 2024-08-10,2024-08-10,9,6,0.670886
648,UNS 2024-08-10,2024-08-10,10,1,0.454061
648,UNS 2024-08-10,2024-08-10,11,1,0.353618
648,UNS 2024-08-10,2024-08-10,12,2,0.344255
648,UNS 2024-08-10,2024-08-10,13,7,0.812752
649,UNS 2024-08-11,2024-08-11,1,403,32.676252
649,UNS 2024-08-11,2024-08-11,2,10,17.287713
649,UNS 2024-08-11,2024-08-11,3,3,0.453012
649,UNS 2024-08-11,2024-08-11,4,133,23.007956
649,UNS 2024-08-11,2024-08-11,5,70,10.898747
649,UNS 2024-08-11,2024-08-11,6,4,7.848221
649,UNS 2024-08-11,2024-08-11,7,8,3.014315
649,UNS 2024-08-11,2024-08-11,8,2,2.178213
649,UNS 2024-08-11,2024-08-11,9,6,0.670886
649,UNS 2024-08-11,2024-08-11,10,1,0.454061
649,UNS 2024-08-11,2024-08-11,11,1,0.353618
649,UNS 2024-08-11,2024-08-11,12,2,0.344255
649,UNS 2024-08-11,2024-08-11,13,7,0.812752
650,UNS 2024-08-12,2024-08-12,1,403,32.676252
650,UNS 2024-08-12,2024-08-12,2,10,17.287713
650,UNS 2024-08-12,2024-08-12,3,3,0.453012
650,UNS 2024-08-12,2024-08-12,4,133,23.007956
650,UNS 2024-08-12,2024-08-12,5,70,10.898747
650,UNS 2024-08-12,2024-08-12,6,4,7.848221
650,UNS 2024-08-12,2024-08-12,7,8,3.014315
650,UNS 2024-08-12,2024-08-12,8,2,2.178213
650,UNS 2024-08-12,2024-08-12,9,6,0.670886
650,UNS 2024-08-12,2024-08-12,10,1,0.454061
650,UNS 2024-08-12,2024-08-12,11,1,0.353618
650,UNS 2024-08-12,2024-08-12,12,2,0.344255
650,UNS 2024-08-12,2024-08-12,13,7,0.812752
651,UNS 2024-08-13,2024-08-13,1,403,32.676252
651,UNS 2024-08-13,2024-08-13,2,10,17.287713
651,UNS 2024-08-13,2024-08-13,3,3,0.453012
651,UNS 2024-08-13,2024-08-13,4,133,23.007956
651,UNS 2024-08-13,2024-08-13,5,70,10.898747
651,UNS 2024-08-13,2024-08-13,6,4,7.848221
651,UNS 2024-08-13,2024-08-13,7,8,3.014315
651,UNS 2024-08-13,2024-08-13,8,2,2.178213
651,UNS 2024-08-13,2024-08-13,9,6,0.670886
651,UNS 2024-08-13,2024-08-13,10,1,0.454061
651,UNS 2024-08-13,2024-08-13,11,1,0.353618
651,UNS 2024-08-13,2024-08-13,12,2,0.344255
651,UNS 2024-08-13,2024-08-13,13,7,0.812752
652,UNS 2024-08-14,2024-08-14,1,403,32.676252
652,UNS 2024-08-14,2024-08-14,2,10,17.287713
652,UNS 2024-08-14,2024-08-14,3,3,0.453012
652,UNS 2024-08-14,2024-08-14,4,133,23.007956
652,UNS 2024-08-14,2024-08-14,5,70,10.898747
652,UNS 2024-08-14,2024-08-14,6,4,7.848221
652,UNS 2024-08-14,2024-08-14,7,8,3.014315
652,UNS 2024-08-14,2024-08-14,8,2,2.178213
652,UNS 2024-08-14,2024-08-14,9,6,0.670886
652,UNS 2024-08-14,2024-08-14,10,1,0.454061
652,UNS 2024-08-14,2024-08-14,11,1,0.353618
652,UNS 2024-08-14,2024-08-14,12,2,0.344255
652,UNS 2024-08-14,2024-08-14,13,7,0.812752
653,UNS 2024-08-15,2024-08-15,1,403,32.676252
653,UNS 2024-08-15,2024-08-15,2,10,17.287713
653,UNS 2024-08-15,2024-08-15,3,3,0.453012
653,UNS 2024-08-15,2024-08-15,4,133,23.007956
653,UNS 2024-08-15,2024-08-15,5,70,10.898747
653,UNS 2024-08-15,2024-08-15,6,4,7.848221
653,UNS 2024-08-15,2024-08-15,7,8,3.014315
653,UNS 2024-08-15,2024-08-15,8,2,2.178213
653,UNS 2024-08-15,2024-08-15,9,6,0.670886
653,UNS 2024-08-15,2024-08-15,10,1,0.454061
653,UNS 2024-08-15,2024-08-15,11,1,0.353618
653,UNS 2024-08-15,2024-08-15,12,2,0.344255
653,UNS 2024-08-15,2024-08-15,13,7,0.812752
654,UNS 2024-08-16,2024-08-16,1,403,32.676252
654,UNS 2024-08-16,2024-08-16,2,10,17.287713
654,UNS 2024-08-16,2024-08-16,3,3,0.453012
654,UNS 2024-08-16,2024-08-16,4,133,23.007956
654,UNS 2024-08-16,2024-08-16,5,70,10.898747
654,UNS 2024-08-16,2024-08-16,6,4,7.848221
654,UNS 2024-08-16,2024-08-16,7,8,3.014315
654,UNS 2024-08-16,2024-08-16,8,2,2.178213
654,UNS 2024-08-16,2024-08-16,9,6,0.670886
654,UNS 2024-08-16,2024-08-16,10,1,0.454061
654,UNS 2024-08-16,2024-08-16,11,1,0.353618
654,UNS 2024-08-16,2024-08-16,12,2,0.344255
654,UNS 2024-08-16,2024-08-16,13,7,0.812752
655,UNS 2024-08-17,2024-08-17,1,403,32.676252
655,UNS 2024-08-17,2024-08-17,2,10,17.287713
655,UNS 2024-08-17,2024-08-17,3,3,0.453012
655,UNS 2024-08-17,2024-08-17,4,133,23.007956
655,UNS 2024-08-17,2024-08-17,5,70,10.898747
655,UNS 2024-08-17,2024-08-17,6,4,7.848221
655,UNS 2024-08-17,2024-08-17,7,8,3.014315
655,UNS 2024-08-17,2024-08-17,8,2,2.178213
655,UNS 2024-08-17,2024-08-17,9,6,0.670886
655,UNS 2024-08-17,2024-08-17,10,1,0.454061
655,UNS 2024-08-17,2024-08-17,11,1,0.353618
655,UNS 2024-08-17,2024-08-17,12,2,0.344255
655,UNS 2024-08-17,2024-08-17,13,7,0.812752
656,UNS 2024-08-18,2024-08-18,1,403,32.676252
656,UNS 2024-08-18,2024-08-18,2,10,17.287713
656,UNS 2024-08-18,2024-08-18,3,3,0.453012
656,UNS 2024-08-18,2024-08-18,4,133,23.007956
656,UNS 2024-08-18,2024-08-18,5,70,10.898747
656,UNS 2024-08-18,2024-08-18,6,4,7.848221
656,UNS 2024-08-18,2024-08-18,7,8,3.014315
656,UNS 2024-08-18,2024-08-18,8,2,2.178213
656,UNS 2024-08-18,2024-08-18,9,6,0.670886
656,UNS 2024-08-18,2024-08-18,10,1,0.454061
656,UNS 2024-08-18,2024-08-18,11,1,0.353618
656,UNS 2024-08-18,2024-08-18,12,2,0.344255
656,UNS 2024-08-18,2024-08-18,13,7,0.812752
657,UNS 2024-08-19,2024-08-19,1,403,32.676252
657,UNS 2024-08-19,2024-08-19,2,10,17.287713
657,UNS 2024-08-19,2024-08-19,3,3,0.453012
657,UNS 2024-08-19,2024-08-19,4,133,23.007956
657,UNS 2024-08-19,2024-08-19,5,70,10.898747
657,UNS 2024-08-19,2024-08-19,6,4,7.848221
657,UNS 2024-08-19,2024-08-19,7,8,3.014315
657,UNS 2024-08-19,2024-08-19,8,2,2.178213
657,UNS 2024-08-19,2024-08-19,9,6,0.670886
657,UNS 2024-08-19,2024-08-19,10,1,0.454061
657,UNS 2024-08-19,2024-08-19,11,1,0.353618
657,UNS 2024-08-19,2024-08-19,12,2,0.344255
657,UNS 2024-08-19,2024-08-19,13,7,0.812752
658,UNS 2024-08-20,2024-08-20,1,403,32.676252
658,UNS 2024-08-20,2024-08-20,2,10,17.287713
658,UNS 2024-08-20,2024-08-20,3,3,0.453012
658,UNS 2024-08-20,2024-08-20,4,133,23.007956
658,UNS 2024-08-20,2024-08-20,5,70,10.898747
658,UNS 2024-08-20,2024-08-20,6,4,7.848221
658,UNS 2024-08-20,2024-08-20,7,8,3.014315
658,UNS 2024-08-20,2024-08-20,8,2,2.178213
658,UNS 2024-08-20,2024-08-20,9,6,0.670886
658,UNS 2024-08-20,2024-08-20,10,1,0.454061
658,UNS 2024-08-20,2024-08-20,11,1,0.353618
658,UNS 2024-08-20,2024-08-20,12,2,0.344255
658,UNS 2024-08-20,2024-08-20,13,7,0.812752
659,UNS 2024-08-21,2024-08-21,1,403,32.676252
659,UNS 2024-08-21,2024-08-21,2,10,17.287713
659,UNS 2024-08-21,2024-08-21,3,3,0.453012
659,UNS 2024-08-21,2024-08-21,4,133,23.007956
659,UNS 2024-08-21,2024-08-21,5,70,10.898747
659,UNS 2024-08-21,2024-08-21,6,4,7.848221
659,UNS 2024-08-21,2024-08-21,7,8,3.014315
659,UNS 2024-08-21,2024-08-21,8,2,2.178213
659,UNS 2024-08-21,2024-08-21,9,6,0.670886
659,UNS 2024-08-21,2024-08-21,10,1,0.454061
659,UNS 2024-08-21,2024-08-21,11,1,0.353618
659,UNS 2024-08-21,2024-08-21,12,2,0.344255
659,UNS 2024-08-21,2024-08-21,13,7,0.812752
660,UNS 2024-08-22,2024-08-22,1,403,32.676252
660,UNS 2024-08-22,2024-08-22,2,10,17.287713
660,UNS 2024-08-22,2024-08-22,3,3,0.453012
660,UNS 2024-08-22,2024-08-22,4,133,23.007956
660,UNS 2024-08-22,2024-08-22,5,70,10.898747
660,UNS 2024-08-22,2024-08-22,6,4,7.848221
660,UNS 2024-08-22,2024-08-22,7,8,3.014315
660,UNS 2024-08-22,2024-08-22,8,2,2.178213
660,UNS 2024-08-22,2024-08-22,9,6,0.670886
660,UNS 2024-08-22,2024-08-22,10,1,0.454061
660,UNS 2024-08-22,2024-08-22,11,1,0.353618
660,UNS 2024-08-22,2024-08-22,12,2,0.344255
660,UNS 2024-08-22,2024-08-22,13,7,0.812752
661,UNS 2024-08-23,2024-08-23,1,403,32.676252
661,UNS 2024-08-23,2024-08-23,2,10,17.287713
661,UNS 2024-08-23,2024-08-23,3,3,0.453012
661,UNS 2024-08-23,2024-08-23,4,133,23.007956
661,UNS 2024-08-23,2024-08-23,5,70,10.898747
661,UNS 2024-08-23,2024-08-23,6,4,7.848221
661,UNS 2024-08-23,2024-08-23,7,8,3.014315
661,UNS 2024-08-23,2024-08-23,8,2,2.178213
661,UNS 2024-08-23,2024-08-23,9,6,0.670886
661,UNS 2024-08-23,2024-08-23,10,1,0.454061
661,UNS 2024-08-23,2024-08-23,11,1,0.353618
661,UNS 2024-08-23,2024-08-23,12,2,0.344255
661,UNS 2024-08-23,2024-08-23,13,7,0.812752
662,UNS 2024-08-24,2024-08-24,1,403,32.676252
662,UNS 2024-08-24,2024-08-24,2,10,17.287713
662,UNS 2024-08-24,2024-08-24,3,3,0.453012
662,UNS 2024-08-24,2024-08-24,4,133,23.007956
662,UNS 2024-08-24,2024-08-24,5,70,10.898747
662,UNS 2024-08-24,2024-08-24,6,4,7.848221
662,UNS 2024-08-24,2024-08-24,7,8,3.014315
662,UNS 2024-08-24,2024-08-24,8,2,2.178213
662,UNS 2024-08-24,2024-08-24,9,6,0.670886
662,UNS 2024-08-24,2024-08-24,10,1,0.454061
662,UNS 2024-08-24,2024-08-24,11,1,0.353618
662,UNS 2024-08-24,2024-08-24,12,2,0.344255
662,UNS 2024-08-24,2024-08-24,13,7,0.812752
663,UNS 2024-08-25,2024-08-25,1,403,32.676252
663,UNS 2024-08-25,2024-08-25,2,10,17.287713
663,UNS 2024-08-25,2024-08-25,3,3,0.453012
663,UNS 2024-08-25,2024-08-25,4,133,23.007956
663,UNS 2024-08-25,2024-08-25,5,70,10.898747
663,UNS 2024-08-25,2024-08-25,6,4,7.848221
663,UNS 2024-08-25,2024-08-25,7,8,3.014315
663,UNS 2024-08-25,2024-08-25,8,2,2.178213
663,UNS 2024-08-25,2024-08-25,9,6,0.670886
663,UNS 2024-08-25,2024-08-25,10,1,0.454061
663,UNS 2024-08-25,2024-08-25,11,1,0.353618
663,UNS 2024-08-25,2024-08-25,12,2,0.344255
663,UNS 2024-08-25,2024-08-25,13,7,0.812752
664,UNS 2024-08-26,2024-08-26,1,403,32.676252
664,UNS 2024-08-26,2024-08-26,2,10,17.287713
664,UNS 2024-08-26,2024-08-26,3,3,0.453012
664,UNS 2024-08-26,2024-08-26,4,133,23.007956
664,UNS 2024-08-26,2024-08-26,5,70,10.898747
664,UNS 2024-08-26,2024-08-26,6,4,7.848221
664,UNS 2024-08-26,2024-08-26,7,8,3.014315
664,UNS 2024-08-26,2024-08-26,8,2,2.178213
664,UNS 2024-08-26,2024-08-26,9,6,0.670886
664,UNS 2024-08-26,2024-08-26,10,1,0.454061
664,UNS 2024-08-26,2024-08-26,11,1,0.353618
664,UNS 2024-08-26,2024-08-26,12,2,0.344255
664,UNS 2024-08-26,2024-08-26,13,7,0.812752
665,UNS 2024-08-27,2024-08-27,1,403,32.676252
665,UNS 2024-08-27,2024-08-27,2,10,17.287713
665,UNS 2024-08-27,2024-08-27,3,3,0.453012
665,UNS 2024-08-27,2024-08-27,4,133,23.007956
665,UNS 2024-08-27,2024-08-27,5,70,10.898747
665,UNS 2024-08-27,2024-08-27,6,4,7.848221
665,UNS 2024-08-27,2024-08-27,7,8,3.014315
665,UNS 2024-08-27,2024-08-27,8,2,2.178213
665,UNS 2024-08-27,2024-08-27,9,6,0.670886
665,UNS 2024-08-27,2024-08-27,10,1,0.454061
665,UNS 2024-08-27,2024-08-27,11,1,0.353618
665,UNS 2024-08-27,2024-08-27,12,2,0.344255
665,UNS 2024-08-27,2024-08-27,13,7,0.812752
666,UNS 2024-08-28,2024-08-28,1,403,32.676252
666,UNS 2024-08-28,2024-08-28,2,10,17.287713
666,UNS 2024-08-28,2024-08-28,3,3,0.453012
666,UNS 2024-08-28,2024-08-28,4,133,23.007956
666,UNS 2024-08-28,2024-08-28,5,70,10.898747
666,UNS 2024-08-28,2024-08-28,6,4,7.848221
666,UNS 2024-08-28,2024-08-28,7,8,3.014315
666,UNS 2024-08-28,2024-08-28,8,2,2.178213
666,UNS 2024-08-28,2024-08-28,9,6,0.670886
666,UNS 2024-08-28,2024-08-28,10,1,0.454061
666,UNS 2024-08-28,2024-08-28,11,1,0.353618
666,UNS 2024-08-28,2024-08-28,12,2,0.344255
666,UNS 2024-08-28,2024-08-28,13,7,0.812752
667,UNS 2024-08-29,2024-08-29,1,359,30.658560
667,UNS 2024-08-29,2024-08-29,2,22,17.981497
667,UNS 2024-08-29,2024-08-29,3,3,0.514933
667,UNS 2024-08-29,2024-08-29,4,165,24.187513
667,UNS 2024-08-29,2024-08-29,5,65,10.851019
667,UNS 2024-08-29,2024-08-29,6,4,7.890802
667,UNS 2024-08-29,2024-08-29,7,8,2.774848
667,UNS 2024-08-29,2024-08-29,8,7,2.505256
667,UNS 2024-08-29,2024-08-29,9,6,0.670886
667,UNS 2024-08-29,2024-08-29,10,1,0.454061
667,UNS 2024-08-29,2024-08-29,11,1,0.353618
667,UNS 2024-08-29,2024-08-29,12,2,0.344255
667,UNS 2024-08-29,2024-08-29,13,7,0.812752
668,UNS 2024-08-30,2024-08-30,1,359,30.658560
668,UNS 2024-08-30,2024-08-30,2,22,17.981497
668,UNS 2024-08-30,2024-08-30,3,3,0.514933
668,UNS 2024-08-30,2024-08-30,4,165,24.187513
668,UNS 2024-08-30,2024-08-30,5,65,10.851019
668,UNS 2024-08-30,2024-08-30,6,4,7.890802
668,UNS 2024-08-30,2024-08-30,7,8,2.774848
668,UNS 2024-08-30,2024-08-30,8,7,2.505256
668,UNS 2024-08-30,2024-08-30,9,6,0.670886
668,UNS 2024-08-30,2024-08-30,10,1,0.454061
668,UNS 2024-08-30,2024-08-30,11,1,0.353618
668,UNS 2024-08-30,2024-08-30,12,2,0.344255
668,UNS 2024-08-30,2024-08-30,13,7,0.812752
669,UNS 2024-08-31,2024-08-31,1,359,30.658560
669,UNS 2024-08-31,2024-08-31,2,22,17.981497
669,UNS 2024-08-31,2024-08-31,3,3,0.514933
669,UNS 2024-08-31,2024-08-31,4,165,24.187513
669,UNS 2024-08-31,2024-08-31,5,65,10.851019
669,UNS 2024-08-31,2024-08-31,6,4,7.890802
669,UNS 2024-08-31,2024-08-31,7,8,2.774848
669,UNS 2024-08-31,2024-08-31,8,7,2.505256
669,UNS 2024-08-31,2024-08-31,9,6,0.670886
669,UNS 2024-08-31,2024-08-31,10,1,0.454061
669,UNS 2024-08-31,2024-08-31,11,1,0.353618
669,UNS 2024-08-31,2024-08-31,12,2,0.344255
669,UNS 2024-08-31,2024-08-31,13,7,0.812752
670,UNS 2024-09-01,2024-09-01,1,359,30.658560
670,UNS 2024-09-01,2024-09-01,2,22,17.981497
670,UNS 2024-09-01,2024-09-01,3,3,0.514933
670,UNS 2024-09-01,2024-09-01,4,165,24.187513
670,UNS 2024-09-01,2024-09-01,5,65,10.851019
670,UNS 2024-09-01,2024-09-01,6,4,7.890802
670,UNS 2024-09-01,2024-09-01,7,8,2.774848
670,UNS 2024-09-01,2024-09-01,8,7,2.505256
670,UNS 2024-09-01,2024-09-01,9,6,0.670886
670,UNS 2024-09-01,2024-09-01,10,1,0.454061
670,UNS 2024-09-01,2024-09-01,11,1,0.353618
670,UNS 2024-09-01,2024-09-01,12,2,0.344255
670,UNS 2024-09-01,2024-09-01,13,7,0.812752
671,UNS 2024-09-02,2024-09-02,1,359,30.658560
671,UNS 2024-09-02,2024-09-02,2,22,17.981497
671,UNS 2024-09-02,2024-09-02,3,3,0.514933
671,UNS 2024-09-02,2024-09-02,4,165,24.187513
671,UNS 2024-09-02,2024-09-02,5,65,10.851019
671,UNS 2024-09-02,2024-09-02,6,4,7.890802
671,UNS 2024-09-02,2024-09-02,7,8,2.774848
671,UNS 2024-09-02,2024-09-02,8,7,2.505256
671,UNS 2024-09-02,2024-09-02,9,6,0.670886
671,UNS 2024-09-02,2024-09-02,10,1,0.454061
671,UNS 2024-09-02,2024-09-02,11,1,0.353618
671,UNS 2024-09-02,2024-09-02,12,2,0.344255
671,UNS 2024-09-02,2024-09-02,13,7,0.812752
672,UNS 2024-09-03,2024-09-03,1,359,30.658560
672,UNS 2024-09-03,2024-09-03,2,22,17.981497
672,UNS 2024-09-03,2024-09-03,3,3,0.514933
672,UNS 2024-09-03,2024-09-03,4,165,24.187513
672,UNS 2024-09-03,2024-09-03,5,65,10.851019
672,UNS 2024-09-03,2024-09-03,6,4,7.890802
672,UNS 2024-09-03,2024-09-03,7,8,2.774848
672,UNS 2024-09-03,2024-09-03,8,7,2.505256
672,UNS 2024-09-03,2024-09-03,9,6,0.670886
672,UNS 2024-09-03,2024-09-03,10,1,0.454061
672,UNS 2024-09-03,2024-09-03,11,1,0.353618
672,UNS 2024-09-03,2024-09-03,12,2,0.344255
672,UNS 2024-09-03,2024-09-03,13,7,0.812752
673,UNS 2024-09-04,2024-09-04,1,359,30.658560
673,UNS 2024-09-04,2024-09-04,2,22,17.981497
673,UNS 2024-09-04,2024-09-04,3,3,0.514933
673,UNS 2024-09-04,2024-09-04,4,165,24.187513
673,UNS 2024-09-04,2024-09-04,5,65,10.851019
673,UNS 2024-09-04,2024-09-04,6,4,7.890802
673,UNS 2024-09-04,2024-09-04,7,8,2.774848
673,UNS 2024-09-04,2024-09-04,8,7,2.505256
673,UNS 2024-09-04,2024-09-04,9,6,0.670886
673,UNS 2024-09-04,2024-09-04,10,1,0.454061
673,UNS 2024-09-04,2024-09-04,11,1,0.353618
673,UNS 2024-09-04,2024-09-04,12,2,0.344255
673,UNS 2024-09-04,2024-09-04,13,7,0.812752
674,UNS 2024-09-05,2024-09-05,1,359,30.658560
674,UNS 2024-09-05,2024-09-05,2,22,17.981497
674,UNS 2024-09-05,2024-09-05,3,3,0.514933
674,UNS 2024-09-05,2024-09-05,4,165,24.187513
674,UNS 2024-09-05,2024-09-05,5,65,10.851019
674,UNS 2024-09-05,2024-09-05,6,4,7.890802
674,UNS 2024-09-05,2024-09-05,7,8,2.774848
674,UNS 2024-09-05,2024-09-05,8,7,2.505256
674,UNS 2024-09-05,2024-09-05,9,6,0.670886
674,UNS 2024-09-05,2024-09-05,10,1,0.454061
674,UNS 2024-09-05,2024-09-05,11,1,0.353618
674,UNS 2024-09-05,2024-09-05,12,2,0.344255
674,UNS 2024-09-05,2024-09-05,13,7,0.812752
675,UNS 2024-09-06,2024-09-06,1,359,30.658560
675,UNS 2024-09-06,2024-09-06,2,22,17.981497
675,UNS 2024-09-06,2024-09-06,3,3,0.514933
675,UNS 2024-09-06,2024-09-06,4,165,24.187513
675,UNS 2024-09-06,2024-09-06,5,65,10.851019
675,UNS 2024-09-06,2024-09-06,6,4,7.890802
675,UNS 2024-09-06,2024-09-06,7,8,2.774848
675,UNS 2024-09-06,2024-09-06,8,7,2.505256
675,UNS 2024-09-06,2024-09-06,9,6,0.670886
675,UNS 2024-09-06,2024-09-06,10,1,0.454061
675,UNS 2024-09-06,2024-09-06,11,1,0.353618
675,UNS 2024-09-06,2024-09-06,12,2,0.344255
675,UNS 2024-09-06,2024-09-06,13,7,0.812752
676,UNS 2024-09-07,2024-09-07,1,359,30.658560
676,UNS 2024-09-07,2024-09-07,2,22,17.981497
676,UNS 2024-09-07,2024-09-07,3,3,0.514933
676,UNS 2024-09-07,2024-09-07,4,165,24.187513
676,UNS 2024-09-07,2024-09-07,5,65,10.851019
676,UNS 2024-09-07,2024-09-07,6,4,7.890802
676,UNS 2024-09-07,2024-09-07,7,8,2.774848
676,UNS 2024-09-07,2024-09-07,8,7,2.505256
676,UNS 2024-09-07,2024-09-07,9,6,0.670886
676,UNS 2024-09-07,2024-09-07,10,1,0.454061
676,UNS 2024-09-07,2024-09-07,11,1,0.353618
676,UNS 2024-09-07,2024-09-07,12,2,0.344255
676,UNS 2024-09-07,2024-09-07,13,7,0.812752
677,UNS 2024-09-08,2024-09-08,1,359,30.658560
677,UNS 2024-09-08,2024-09-08,2,22,17.981497
677,UNS 2024-09-08,2024-09-08,3,3,0.514933
677,UNS 2024-09-08,2024-09-08,4,165,24.187513
677,UNS 2024-09-08,2024-09-08,5,65,10.851019
677,UNS 2024-09-08,2024-09-08,6,4,7.890802
677,UNS 2024-09-08,2024-09-08,7,8,2.774848
677,UNS 2024-09-08,2024-09-08,8,7,2.505256
677,UNS 2024-09-08,2024-09-08,9,6,0.670886
677,UNS 2024-09-08,2024-09-08,10,1,0.454061
677,UNS 2024-09-08,2024-09-08,11,1,0.353618
677,UNS 2024-09-08,2024-09-08,12,2,0.344255
677,UNS 2024-09-08,2024-09-08,13,7,0.812752
678,UNS 2024-09-09,2024-09-09,1,359,30.658560
678,UNS 2024-09-09,2024-09-09,2,22,17.981497
678,UNS 2024-09-09,2024-09-09,3,3,0.514933
678,UNS 2024-09-09,2024-09-09,4,165,24.187513
678,UNS 2024-09-09,2024-09-09,5,65,10.851019
678,UNS 2024-09-09,2024-09-09,6,4,7.890802
678,UNS 2024-09-09,2024-09-09,7,8,2.774848
678,UNS 2024-09-09,2024-09-09,8,7,2.505256
678,UNS 2024-09-09,2024-09-09,9,6,0.670886
678,UNS 2024-09-09,2024-09-09,10,1,0.454061
678,UNS 2024-09-09,2024-09-09,11,1,0.353618
678,UNS 2024-09-09,2024-09-09,12,2,0.344255
678,UNS 2024-09-09,2024-09-09,13,7,0.812752
679,UNS 2024-09-10,2024-09-10,1,359,30.658560
679,UNS 2024-09-10,2024-09-10,2,22,17.981497
679,UNS 2024-09-10,2024-09-10,3,3,0.514933
679,UNS 2024-09-10,2024-09-10,4,165,24.187513
679,UNS 2024-09-10,2024-09-10,5,65,10.851019
679,UNS 2024-09-10,2024-09-10,6,4,7.890802
679,UNS 2024-09-10,2024-09-10,7,8,2.774848
679,UNS 2024-09-10,2024-09-10,8,7,2.505256
679,UNS 2024-09-10,2024-09-10,9,6,0.670886
679,UNS 2024-09-10,2024-09-10,10,1,0.454061
679,UNS 2024-09-10,2024-09-10,11,1,0.353618
679,UNS 2024-09-10,2024-09-10,12,2,0.344255
679,UNS 2024-09-10,2024-09-10,13,7,0.812752
680,UNS 2024-09-11,2024-09-11,1,359,30.658560
680,UNS 2024-09-11,2024-09-11,2,22,17.981497
680,UNS 2024-09-11,2024-09-11,3,3,0.514933
680,UNS 2024-09-11,2024-09-11,4,165,24.187513
680,UNS 2024-09-11,2024-09-11,5,65,10.851019
680,UNS 2024-09-11,2024-09-11,6,4,7.890802
680,UNS 2024-09-11,2024-09-11,7,8,2.774848
680,UNS 2024-09-11,2024-09-11,8,7,2.505256
680,UNS 2024-09-11,2024-09-11,9,6,0.670886
680,UNS 2024-09-11,2024-09-11,10,1,0.454061
680,UNS 2024-09-11,2024-09-11,11,1,0.353618
680,UNS 2024-09-11,2024-09-11,12,2,0.344255
680,UNS 2024-09-11,2024-09-11,13,7,0.812752
681,UNS 2024-09-12,2024-09-12,1,359,30.658560
681,UNS 2024-09-12,2024-09-12,2,22,17.981497
681,UNS 2024-09-12,2024-09-12,3,3,0.514933
681,UNS 2024-09-12,2024-09-12,4,165,24.187513
681,UNS 2024-09-12,2024-09-12,5,65,10.851019
681,UNS 2024-09-12,2024-09-12,6,4,7.890802
681,UNS 2024-09-12,2024-09-12,7,8,2.774848
681,UNS 2024-09-12,2024-09-12,8,7,2.505256
681,UNS 2024-09-12,2024-09-12,9,6,0.670886
681,UNS 2024-09-12,2024-09-12,10,1,0.454061
681,UNS 2024-09-12,2024-09-12,11,1,0.353618
681,UNS 2024-09-12,2024-09-12,12,2,0.344255
681,UNS 2024-09-12,2024-09-12,13,7,0.812752
682,UNS 2024-09-13,2024-09-13,1,359,30.658560
682,UNS 2024-09-13,2024-09-13,2,22,17.981497
682,UNS 2024-09-13,2024-09-13,3,3,0.514933
682,UNS 2024-09-13,2024-09-13,4,165,24.187513
682,UNS 2024-09-13,2024-09-13,5,65,10.851019
682,UNS 2024-09-13,2024-09-13,6,4,7.890802
682,UNS 2024-09-13,2024-09-13,7,8,2.774848
682,UNS 2024-09-13,2024-09-13,8,7,2.505256
682,UNS 2024-09-13,2024-09-13,9,6,0.670886
682,UNS 2024-09-13,2024-09-13,10,1,0.454061
682,UNS 2024-09-13,2024-09-13,11,1,0.353618
682,UNS 2024-09-13,2024-09-13,12,2,0.344255
682,UNS 2024-09-13,2024-09-13,13,7,0.812752
683,UNS 2024-09-14,2024-09-14,1,359,30.658560
683,UNS 2024-09-14,2024-09-14,2,22,17.981497
683,UNS 2024-09-14,2024-09-14,3,3,0.514933
683,UNS 2024-09-14,2024-09-14,4,165,24.187513
683,UNS 2024-09-14,2024-09-14,5,65,10.851019
683,UNS 2024-09-14,2024-09-14,6,4,7.890802
683,UNS 2024-09-14,2024-09-14,7,8,2.774848
683,UNS 2024-09-14,2024-09-14,8,7,2.505256
683,UNS 2024-09-14,2024-09-14,9,6,0.670886
683,UNS 2024-09-14,2024-09-14,10,1,0.454061
683,UNS 2024-09-14,2024-09-14,11,1,0.353618
683,UNS 2024-09-14,2024-09-14,12,2,0.344255
683,UNS 2024-09-14,2024-09-14,13,7,0.812752
684,UNS 2024-09-15,2024-09-15,1,359,30.658560
684,UNS 2024-09-15,2024-09-15,2,22,17.981497
684,UNS 2024-09-15,2024-09-15,3,3,0.514933
684,UNS 2024-09-15,2024-09-15,4,165,24.187513
684,UNS 2024-09-15,2024-09-15,5,65,10.851019
684,UNS 2024-09-15,2024-09-15,6,4,7.890802
684,UNS 2024-09-15,2024-09-15,7,8,2.774848
684,UNS 2024-09-15,2024-09-15,8,7,2.505256
684,UNS 2024-09-15,2024-09-15,9,6,0.670886
684,UNS 2024-09-15,2024-09-15,10,1,0.454061
684,UNS 2024-09-15,2024-09-15,11,1,0.353618
684,UNS 2024-09-15,2024-09-15,12,2,0.344255
684,UNS 2024-09-15,2024-09-15,13,7,0.812752
685,UNS 2024-09-16,2024-09-16,1,359,30.658560
685,UNS 2024-09-16,2024-09-16,2,22,17.981497
685,UNS 2024-09-16,2024-09-16,3,3,0.514933
685,UNS 2024-09-16,2024-09-16,4,165,24.187513
685,UNS 2024-09-16,2024-09-16,5,65,10.851019
685,UNS 2024-09-16,2024-09-16,6,4,7.890802
685,UNS 2024-09-16,2024-09-16,7,8,2.774848
685,UNS 2024-09-16,2024-09-16,8,7,2.505256
685,UNS 2024-09-16,2024-09-16,9,6,0.670886
685,UNS 2024-09-16,2024-09-16,10,1,0.454061
685,UNS 2024-09-16,2024-09-16,11,1,0.353618
685,UNS 2024-09-16,2024-09-16,12,2,0.344255
685,UNS 2024-09-16,2024-09-16,13,7,0.812752
686,UNS 2024-09-17,2024-09-17,1,359,30.658560
686,UNS 2024-09-17,2024-09-17,2,22,17.981497
686,UNS 2024-09-17,2024-09-17,3,3,0.514933
686,UNS 2024-09-17,2024-09-17,4,165,24.187513
686,UNS 2024-09-17,2024-09-17,5,65,10.851019
686,UNS 2024-09-17,2024-09-17,6,4,7.890802
686,UNS 2024-09-17,2024-09-17,7,8,2.774848
686,UNS 2024-09-17,2024-09-17,8,7,2.505256
686,UNS 2024-09-17,2024-09-17,9,6,0.670886
686,UNS 2024-09-17,2024-09-17,10,1,0.454061
686,UNS 2024-09-17,2024-09-17,11,1,0.353618
686,UNS 2024-09-17,2024-09-17,12,2,0.344255
686,UNS 2024-09-17,2024-09-17,13,7,0.812752
687,UNS 2024-09-18,2024-09-18,1,359,30.658560
687,UNS 2024-09-18,2024-09-18,2,22,17.981497
687,UNS 2024-09-18,2024-09-18,3,3,0.514933
687,UNS 2024-09-18,2024-09-18,4,165,24.187513
687,UNS 2024-09-18,2024-09-18,5,65,10.851019
687,UNS 2024-09-18,2024-09-18,6,4,7.890802
687,UNS 2024-09-18,2024-09-18,7,8,2.774848
687,UNS 2024-09-18,2024-09-18,8,7,2.505256
687,UNS 2024-09-18,2024-09-18,9,6,0.670886
687,UNS 2024-09-18,2024-09-18,10,1,0.454061
687,UNS 2024-09-18,2024-09-18,11,1,0.353618
687,UNS 2024-09-18,2024-09-18,12,2,0.344255
687,UNS 2024-09-18,2024-09-18,13,7,0.812752
688,UNS 2024-09-19,2024-09-19,1,359,30.658560
688,UNS 2024-09-19,2024-09-19,2,22,17.981497
688,UNS 2024-09-19,2024-09-19,3,3,0.514933
688,UNS 2024-09-19,2024-09-19,4,165,24.187513
688,UNS 2024-09-19,2024-09-19,5,65,10.851019
688,UNS 2024-09-19,2024-09-19,6,4,7.890802
688,UNS 2024-09-19,2024-09-19,7,8,2.774848
688,UNS 2024-09-19,2024-09-19,8,7,2.505256
688,UNS 2024-09-19,2024-09-19,9,6,0.670886
688,UNS 2024-09-19,2024-09-19,10,1,0.454061
688,UNS 2024-09-19,2024-09-19,11,1,0.353618
688,UNS 2024-09-19,2024-09-19,12,2,0.344255
688,UNS 2024-09-19,2024-09-19,13,7,0.812752
689,UNS 2024-09-20,2024-09-20,1,359,30.658560
689,UNS 2024-09-20,2024-09-20,2,22,17.981497
689,UNS 2024-09-20,2024-09-20,3,3,0.514933
689,UNS 2024-09-20,2024-09-20,4,165,24.187513
689,UNS 2024-09-20,2024-09-20,5,65,10.851019
689,UNS 2024-09-20,2024-09-20,6,4,7.890802
689,UNS 2024-09-20,2024-09-20,7,8,2.774848
689,UNS 2024-09-20,2024-09-20,8,7,2.505256
689,UNS 2024-09-20,2024-09-20,9,6,0.670886
689,UNS 2024-09-20,2024-09-20,10,1,0.454061
689,UNS 2024-09-20,2024-09-20,11,1,0.353618
689,UNS 2024-09-20,2024-09-20,12,2,0.344255
689,UNS 2024-09-20,2024-09-20,13,7,0.812752
690,UNS 2024-09-21,2024-09-21,1,359,30.658560
690,UNS 2024-09-21,2024-09-21,2,22,17.981497
690,UNS 2024-09-21,2024-09-21,3,3,0.514933
690,UNS 2024-09-21,2024-09-21,4,165,24.187513
690,UNS 2024-09-21,2024-09-21,5,65,10.851019
690,UNS 2024-09-21,2024-09-21,6,4,7.890802
690,UNS 2024-09-21,2024-09-21,7,8,2.774848
690,UNS 2024-09-21,2024-09-21,8,7,2.505256
690,UNS 2024-09-21,2024-09-21,9,6,0.670886
690,UNS 2024-09-21,2024-09-21,10,1,0.454061
690,UNS 2024-09-21,2024-09-21,11,1,0.353618
690,UNS 2024-09-21,2024-09-21,12,2,0.344255
690,UNS 2024-09-21,2024-09-21,13,7,0.812752
691,UNS 2024-09-22,2024-09-22,1,359,30.658560
691,UNS 2024-09-22,2024-09-22,2,22,17.981497
691,UNS 2024-09-22,2024-09-22,3,3,0.514933
691,UNS 2024-09-22,2024-09-22,4,165,24.187513
691,UNS 2024-09-22,2024-09-22,5,65,10.851019
691,UNS 2024-09-22,2024-09-22,6,4,7.890802
691,UNS 2024-09-22,2024-09-22,7,8,2.774848
691,UNS 2024-09-22,2024-09-22,8,7,2.505256
691,UNS 2024-09-22,2024-09-22,9,6,0.670886
691,UNS 2024-09-22,2024-09-22,10,1,0.454061
691,UNS 2024-09-22,2024-09-22,11,1,0.353618
691,UNS 2024-09-22,2024-09-22,12,2,0.344255
691,UNS 2024-09-22,2024-09-22,13,7,0.812752
692,UNS 2024-09-23,2024-09-23,1,359,30.658560
692,UNS 2024-09-23,2024-09-23,2,22,17.981497
692,UNS 2024-09-23,2024-09-23,3,3,0.514933
692,UNS 2024-09-23,2024-09-23,4,165,24.187513
692,UNS 2024-09-23,2024-09-23,5,65,10.851019
692,UNS 2024-09-23,2024-09-23,6,4,7.890802
692,UNS 2024-09-23,2024-09-23,7,8,2.774848
692,UNS 2024-09-23,2024-09-23,8,7,2.505256
692,UNS 2024-09-23,2024-09-23,9,6,0.670886
692,UNS 2024-09-23,2024-09-23,10,1,0.454061
692,UNS 2024-09-23,2024-09-23,11,1,0.353618
692,UNS 2024-09-23,2024-09-23,12,2,0.344255
692,UNS 2024-09-23,2024-09-23,13,7,0.812752
693,UNS 2024-09-24,2024-09-24,1,359,30.658560
693,UNS 2024-09-24,2024-09-24,2,22,17.981497
693,UNS 2024-09-24,2024-09-24,3,3,0.514933
693,UNS 2024-09-24,2024-09-24,4,165,24.187513
693,UNS 2024-09-24,2024-09-24,5,65,10.851019
693,UNS 2024-09-24,2024-09-24,6,4,7.890802
693,UNS 2024-09-24,2024-09-24,7,8,2.774848
693,UNS 2024-09-24,2024-09-24,8,7,2.505256
693,UNS 2024-09-24,2024-09-24,9,6,0.670886
693,UNS 2024-09-24,2024-09-24,10,1,0.454061
693,UNS 2024-09-24,2024-09-24,11,1,0.353618
693,UNS 2024-09-24,2024-09-24,12,2,0.344255
693,UNS 2024-09-24,2024-09-24,13,7,0.812752
694,UNS 2024-09-25,2024-09-25,1,359,30.658560
694,UNS 2024-09-25,2024-09-25,2,22,17.981497
694,UNS 2024-09-25,2024-09-25,3,3,0.514933
694,UNS 2024-09-25,2024-09-25,4,165,24.187513
694,UNS 2024-09-25,2024-09-25,5,65,10.851019
694,UNS 2024-09-25,2024-09-25,6,4,7.890802
694,UNS 2024-09-25,2024-09-25,7,8,2.774848
694,UNS 2024-09-25,2024-09-25,8,7,2.505256
694,UNS 2024-09-25,2024-09-25,9,6,0.670886
694,UNS 2024-09-25,2024-09-25,10,1,0.454061
694,UNS 2024-09-25,2024-09-25,11,1,0.353618
694,UNS 2024-09-25,2024-09-25,12,2,0.344255
694,UNS 2024-09-25,2024-09-25,13,7,0.812752
695,UNS 2024-09-26,2024-09-26,1,359,30.658560
695,UNS 2024-09-26,2024-09-26,2,22,17.981497
695,UNS 2024-09-26,2024-09-26,3,3,0.514933
695,UNS 2024-09-26,2024-09-26,4,165,24.187513
695,UNS 2024-09-26,2024-09-26,5,65,10.851019
695,UNS 2024-09-26,2024-09-26,6,4,7.890802
695,UNS 2024-09-26,2024-09-26,7,8,2.774848
695,UNS 2024-09-26,2024-09-26,8,7,2.505256
695,UNS 2024-09-26,2024-09-26,9,6,0.670886
695,UNS 2024-09-26,2024-09-26,10,1,0.454061
695,UNS 2024-09-26,2024-09-26,11,1,0.353618
695,UNS 2024-09-26,2024-09-26,12,2,0.344255
695,UNS 2024-09-26,2024-09-26,13,7,0.812752
696,UNS 2024-09-27,2024-09-27,1,359,30.658560
696,UNS 2024-09-27,2024-09-27,2,22,17.981497
696,UNS 2024-09-27,2024-09-27,3,3,0.514933
696,UNS 2024-09-27,2024-09-27,4,165,24.187513
696,UNS 2024-09-27,2024-09-27,5,65,10.851019
696,UNS 2024-09-27,2024-09-27,6,4,7.890802
696,UNS 2024-09-27,2024-09-27,7,8,2.774848
696,UNS 2024-09-27,2024-09-27,8,7,2.505256
696,UNS 2024-09-27,2024-09-27,9,6,0.670886
696,UNS 2024-09-27,2024-09-27,10,1,0.454061
696,UNS 2024-09-27,2024-09-27,11,1,0.353618
696,UNS 2024-09-27,2024-09-27,12,2,0.344255
696,UNS 2024-09-27,2024-09-27,13,7,0.812752
697,UNS 2024-09-28,2024-09-28,1,359,30.658560
697,UNS 2024-09-28,2024-09-28,2,22,17.981497
697,UNS 2024-09-28,2024-09-28,3,3,0.514933
697,UNS 2024-09-28,2024-09-28,4,165,24.187513
697,UNS 2024-09-28,2024-09-28,5,65,10.851019
697,UNS 2024-09-28,2024-09-28,6,4,7.890802
697,UNS 2024-09-28,2024-09-28,7,8,2.774848
697,UNS 2024-09-28,2024-09-28,8,7,2.505256
697,UNS 2024-09-28,2024-09-28,9,6,0.670886
697,UNS 2024-09-28,2024-09-28,10,1,0.454061
697,UNS 2024-09-28,2024-09-28,11,1,0.353618
697,UNS 2024-09-28,2024-09-28,12,2,0.344255
697,UNS 2024-09-28,2024-09-28,13,7,0.812752
698,UNS 2024-09-29,2024-09-29,1,359,30.658560
698,UNS 2024-09-29,2024-09-29,2,22,17.981497
698,UNS 2024-09-29,2024-09-29,3,3,0.514933
698,UNS 2024-09-29,2024-09-29,4,165,24.187513
698,UNS 2024-09-29,2024-09-29,5,65,10.851019
698,UNS 2024-09-29,2024-09-29,6,4,7.890802
698,UNS 2024-09-29,2024-09-29,7,8,2.774848
698,UNS 2024-09-29,2024-09-29,8,7,2.505256
698,UNS 2024-09-29,2024-09-29,9,6,0.670886
698,UNS 2024-09-29,2024-09-29,10,1,0.454061
698,UNS 2024-09-29,2024-09-29,11,1,0.353618
698,UNS 2024-09-29,2024-09-29,12,2,0.344255
698,UNS 2024-09-29,2024-09-29,13,7,0.812752
699,UNS 2024-09-30,2024-09-30,1,359,30.658560
699,UNS 2024-09-30,2024-09-30,2,22,17.981497
699,UNS 2024-09-30,2024-09-30,3,3,0.514933
699,UNS 2024-09-30,2024-09-30,4,165,24.187513
699,UNS 2024-09-30,2024-09-30,5,65,10.851019
699,UNS 2024-09-30,2024-09-30,6,4,7.890802
699,UNS 2024-09-30,2024-09-30,7,8,2.774848
699,UNS 2024-09-30,2024-09-30,8,7,2.505256
699,UNS 2024-09-30,2024-09-30,9,6,0.670886
699,UNS 2024-09-30,2024-09-30,10,1,0.454061
699,UNS 2024-09-30,2024-09-30,11,1,0.353618
699,UNS 2024-09-30,2024-09-30,12,2,0.344255
699,UNS 2024-09-30,2024-09-30,13,7,0.812752
700,UNS 2024-10-01,2024-10-01,1,359,30.658560
700,UNS 2024-10-01,2024-10-01,2,22,17.981497
700,UNS 2024-10-01,2024-10-01,3,3,0.514933
700,UNS 2024-10-01,2024-10-01,4,165,24.187513
700,UNS 2024-10-01,2024-10-01,5,65,10.851019
700,UNS 2024-10-01,2024-10-01,6,4,7.890802
700,UNS 2024-10-01,2024-10-01,7,8,2.774848
700,UNS 2024-10-01,2024-10-01,8,7,2.505256
700,UNS 2024-10-01,2024-10-01,9,6,0.670886
700,UNS 2024-10-01,2024-10-01,10,1,0.454061
700,UNS 2024-10-01,2024-10-01,11,1,0.353618
700,UNS 2024-10-01,2024-10-01,12,2,0.344255
700,UNS 2024-10-01,2024-10-01,13,7,0.812752
701,UNS 2024-10-02,2024-10-02,1,359,30.658560
701,UNS 2024-10-02,2024-10-02,2,22,17.981497
701,UNS 2024-10-02,2024-10-02,3,3,0.514933
701,UNS 2024-10-02,2024-10-02,4,165,24.187513
701,UNS 2024-10-02,2024-10-02,5,65,10.851019
701,UNS 2024-10-02,2024-10-02,6,4,7.890802
701,UNS 2024-10-02,2024-10-02,7,8,2.774848
701,UNS 2024-10-02,2024-10-02,8,7,2.505256
701,UNS 2024-10-02,2024-10-02,9,6,0.670886
701,UNS 2024-10-02,2024-10-02,10,1,0.454061
701,UNS 2024-10-02,2024-10-02,11,1,0.353618
701,UNS 2024-10-02,2024-10-02,12,2,0.344255
701,UNS 2024-10-02,2024-10-02,13,7,0.812752
702,UNS 2024-10-03,2024-10-03,1,350,30.131138
702,UNS 2024-10-03,2024-10-03,2,28,18.743349
702,UNS 2024-10-03,2024-10-03,3,3,0.484431
702,UNS 2024-10-03,2024-10-03,4,165,23.885772
702,UNS 2024-10-03,2024-10-03,5,66,11.534986
702,UNS 2024-10-03,2024-10-03,6,5,7.525027
702,UNS 2024-10-03,2024-10-03,7,8,2.549308
702,UNS 2024-10-03,2024-10-03,8,8,2.510419
702,UNS 2024-10-03,2024-10-03,9,6,0.670886
702,UNS 2024-10-03,2024-10-03,10,1,0.454061
702,UNS 2024-10-03,2024-10-03,11,1,0.353618
702,UNS 2024-10-03,2024-10-03,12,2,0.344255
702,UNS 2024-10-03,2024-10-03,13,7,0.812752
703,UNS 2024-10-04,2024-10-04,1,369,30.533797
703,UNS 2024-10-04,2024-10-04,2,18,19.396552
703,UNS 2024-10-04,2024-10-04,3,3,0.366635
703,UNS 2024-10-04,2024-10-04,4,167,23.616294
703,UNS 2024-10-04,2024-10-04,5,63,11.327441
703,UNS 2024-10-04,2024-10-04,6,4,7.755101
703,UNS 2024-10-04,2024-10-04,7,8,2.596667
703,UNS 2024-10-04,2024-10-04,8,1,1.771940
703,UNS 2024-10-04,2024-10-04,9,6,0.670886
703,UNS 2024-10-04,2024-10-04,10,1,0.454061
703,UNS 2024-10-04,2024-10-04,11,1,0.353618
703,UNS 2024-10-04,2024-10-04,12,2,0.344255
703,UNS 2024-10-04,2024-10-04,13,7,0.812752
704,UNS 2024-10-05,2024-10-05,1,369,30.533797
704,UNS 2024-10-05,2024-10-05,2,18,19.396552
704,UNS 2024-10-05,2024-10-05,3,3,0.366635
704,UNS 2024-10-05,2024-10-05,4,167,23.616294
704,UNS 2024-10-05,2024-10-05,5,63,11.327441
704,UNS 2024-10-05,2024-10-05,6,4,7.755101
704,UNS 2024-10-05,2024-10-05,7,8,2.596667
704,UNS 2024-10-05,2024-10-05,8,1,1.771940
704,UNS 2024-10-05,2024-10-05,9,6,0.670886
704,UNS 2024-10-05,2024-10-05,10,1,0.454061
704,UNS 2024-10-05,2024-10-05,11,1,0.353618
704,UNS 2024-10-05,2024-10-05,12,2,0.344255
704,UNS 2024-10-05,2024-10-05,13,7,0.812752
705,UNS 2024-10-06,2024-10-06,1,369,30.533797
705,UNS 2024-10-06,2024-10-06,2,18,19.396552
705,UNS 2024-10-06,2024-10-06,3,3,0.366635
705,UNS 2024-10-06,2024-10-06,4,167,23.616294
705,UNS 2024-10-06,2024-10-06,5,63,11.327441
705,UNS 2024-10-06,2024-10-06,6,4,7.755101
705,UNS 2024-10-06,2024-10-06,7,8,2.596667
705,UNS 2024-10-06,2024-10-06,8,1,1.771940
705,UNS 2024-10-06,2024-10-06,9,6,0.670886
705,UNS 2024-10-06,2024-10-06,10,1,0.454061
705,UNS 2024-10-06,2024-10-06,11,1,0.353618
705,UNS 2024-10-06,2024-10-06,12,2,0.344255
705,UNS 2024-10-06,2024-10-06,13,7,0.812752
706,UNS 2024-10-07,2024-10-07,1,369,30.533797
706,UNS 2024-10-07,2024-10-07,2,18,19.396552
706,UNS 2024-10-07,2024-10-07,3,3,0.366635
706,UNS 2024-10-07,2024-10-07,4,167,23.616294
706,UNS 2024-10-07,2024-10-07,5,63,11.327441
706,UNS 2024-10-07,2024-10-07,6,4,7.755101
706,UNS 2024-10-07,2024-10-07,7,8,2.596667
706,UNS 2024-10-07,2024-10-07,8,1,1.771940
706,UNS 2024-10-07,2024-10-07,9,6,0.670886
706,UNS 2024-10-07,2024-10-07,10,1,0.454061
706,UNS 2024-10-07,2024-10-07,11,1,0.353618
706,UNS 2024-10-07,2024-10-07,12,2,0.344255
706,UNS 2024-10-07,2024-10-07,13,7,0.812752
707,UNS 2024-10-08,2024-10-08,1,369,30.533797
707,UNS 2024-10-08,2024-10-08,2,18,19.396552
707,UNS 2024-10-08,2024-10-08,3,3,0.366635
707,UNS 2024-10-08,2024-10-08,4,167,23.616294
707,UNS 2024-10-08,2024-10-08,5,63,11.327441
707,UNS 2024-10-08,2024-10-08,6,4,7.755101
707,UNS 2024-10-08,2024-10-08,7,8,2.596667
707,UNS 2024-10-08,2024-10-08,8,1,1.771940
707,UNS 2024-10-08,2024-10-08,9,6,0.670886
707,UNS 2024-10-08,2024-10-08,10,1,0.454061
707,UNS 2024-10-08,2024-10-08,11,1,0.353618
707,UNS 2024-10-08,2024-10-08,12,2,0.344255
707,UNS 2024-10-08,2024-10-08,13,7,0.812752
708,UNS 2024-10-09,2024-10-09,1,369,30.533797
708,UNS 2024-10-09,2024-10-09,2,18,19.396552
708,UNS 2024-10-09,2024-10-09,3,3,0.366635
708,UNS 2024-10-09,2024-10-09,4,167,23.616294
708,UNS 2024-10-09,2024-10-09,5,63,11.327441
708,UNS 2024-10-09,2024-10-09,6,4,7.755101
708,UNS 2024-10-09,2024-10-09,7,8,2.596667
708,UNS 2024-10-09,2024-10-09,8,1,1.771940
708,UNS 2024-10-09,2024-10-09,9,6,0.670886
708,UNS 2024-10-09,2024-10-09,10,1,0.454061
708,UNS 2024-10-09,2024-10-09,11,1,0.353618
708,UNS 2024-10-09,2024-10-09,12,2,0.344255
708,UNS 2024-10-09,2024-10-09,13,7,0.812752
709,UNS 2024-10-10,2024-10-10,1,369,30.533797
709,UNS 2024-10-10,2024-10-10,2,18,19.396552
709,UNS 2024-10-10,2024-10-10,3,3,0.366635
709,UNS 2024-10-10,2024-10-10,4,167,23.616294
709,UNS 2024-10-10,2024-10-10,5,63,11.327441
709,UNS 2024-10-10,2024-10-10,6,4,7.755101
709,UNS 2024-10-10,2024-10-10,7,8,2.596667
709,UNS 2024-10-10,2024-10-10,8,1,1.771940
709,UNS 2024-10-10,2024-10-10,9,6,0.670886
709,UNS 2024-10-10,2024-10-10,10,1,0.454061
709,UNS 2024-10-10,2024-10-10,11,1,0.353618
709,UNS 2024-10-10,2024-10-10,12,2,0.344255
709,UNS 2024-10-10,2024-10-10,13,7,0.812752
710,UNS 2024-10-11,2024-10-11,1,369,30.533797
710,UNS 2024-10-11,2024-10-11,2,18,19.396552
710,UNS 2024-10-11,2024-10-11,3,3,0.366635
710,UNS 2024-10-11,2024-10-11,4,167,23.616294
710,UNS 2024-10-11,2024-10-11,5,63,11.327441
710,UNS 2024-10-11,2024-10-11,6,4,7.755101
710,UNS 2024-10-11,2024-10-11,7,8,2.596667
710,UNS 2024-10-11,2024-10-11,8,1,1.771940
710,UNS 2024-10-11,2024-10-11,9,6,0.670886
710,UNS 2024-10-11,2024-10-11,10,1,0.454061
710,UNS 2024-10-11,2024-10-11,11,1,0.353618
710,UNS 2024-10-11,2024-10-11,12,2,0.344255
710,UNS 2024-10-11,2024-10-11,13,7,0.812752
711,UNS 2024-10-12,2024-10-12,1,369,30.533797
711,UNS 2024-10-12,2024-10-12,2,18,19.396552
711,UNS 2024-10-12,2024-10-12,3,3,0.366635
711,UNS 2024-10-12,2024-10-12,4,167,23.616294
711,UNS 2024-10-12,2024-10-12,5,63,11.327441
711,UNS 2024-10-12,2024-10-12,6,4,7.755101
711,UNS 2024-10-12,2024-10-12,7,8,2.596667
711,UNS 2024-10-12,2024-10-12,8,1,1.771940
711,UNS 2024-10-12,2024-10-12,9,6,0.670886
711,UNS 2024-10-12,2024-10-12,10,1,0.454061
711,UNS 2024-10-12,2024-10-12,11,1,0.353618
711,UNS 2024-10-12,2024-10-12,12,2,0.344255
711,UNS 2024-10-12,2024-10-12,13,7,0.812752
712,UNS 2024-10-13,2024-10-13,1,369,30.533797
712,UNS 2024-10-13,2024-10-13,2,18,19.396552
712,UNS 2024-10-13,2024-10-13,3,3,0.366635
712,UNS 2024-10-13,2024-10-13,4,167,23.616294
712,UNS 2024-10-13,2024-10-13,5,63,11.327441
712,UNS 2024-10-13,2024-10-13,6,4,7.755101
712,UNS 2024-10-13,2024-10-13,7,8,2.596667
712,UNS 2024-10-13,2024-10-13,8,1,1.771940
712,UNS 2024-10-13,2024-10-13,9,6,0.670886
712,UNS 2024-10-13,2024-10-13,10,1,0.454061
712,UNS 2024-10-13,2024-10-13,11,1,0.353618
712,UNS 2024-10-13,2024-10-13,12,2,0.344255
712,UNS 2024-10-13,2024-10-13,13,7,0.812752
713,UNS 2024-10-14,2024-10-14,1,369,30.533797
713,UNS 2024-10-14,2024-10-14,2,18,19.396552
713,UNS 2024-10-14,2024-10-14,3,3,0.366635
713,UNS 2024-10-14,2024-10-14,4,167,23.616294
713,UNS 2024-10-14,2024-10-14,5,63,11.327441
713,UNS 2024-10-14,2024-10-14,6,4,7.755101
713,UNS 2024-10-14,2024-10-14,7,8,2.596667
713,UNS 2024-10-14,2024-10-14,8,1,1.771940
713,UNS 2024-10-14,2024-10-14,9,6,0.670886
713,UNS 2024-10-14,2024-10-14,10,1,0.454061
713,UNS 2024-10-14,2024-10-14,11,1,0.353618
713,UNS 2024-10-14,2024-10-14,12,2,0.344255
713,UNS 2024-10-14,2024-10-14,13,7,0.812752
714,UNS 2024-10-15,2024-10-15,1,369,30.533797
714,UNS 2024-10-15,2024-10-15,2,18,19.396552
714,UNS 2024-10-15,2024-10-15,3,3,0.366635
714,UNS 2024-10-15,2024-10-15,4,167,23.616294
714,UNS 2024-10-15,2024-10-15,5,63,11.327441
714,UNS 2024-10-15,2024-10-15,6,4,7.755101
714,UNS 2024-10-15,2024-10-15,7,8,2.596667
714,UNS 2024-10-15,2024-10-15,8,1,1.771940
714,UNS 2024-10-15,2024-10-15,9,6,0.670886
714,UNS 2024-10-15,2024-10-15,10,1,0.454061
714,UNS 2024-10-15,2024-10-15,11,1,0.353618
714,UNS 2024-10-15,2024-10-15,12,2,0.344255
714,UNS 2024-10-15,2024-10-15,13,7,0.812752
715,UNS 2024-10-16,2024-10-16,1,369,30.533797
715,UNS 2024-10-16,2024-10-16,2,18,19.396552
715,UNS 2024-10-16,2024-10-16,3,3,0.366635
715,UNS 2024-10-16,2024-10-16,4,167,23.616294
715,UNS 2024-10-16,2024-10-16,5,63,11.327441
715,UNS 2024-10-16,2024-10-16,6,4,7.755101
715,UNS 2024-10-16,2024-10-16,7,8,2.596667
715,UNS 2024-10-16,2024-10-16,8,1,1.771940
715,UNS 2024-10-16,2024-10-16,9,6,0.670886
715,UNS 2024-10-16,2024-10-16,10,1,0.454061
715,UNS 2024-10-16,2024-10-16,11,1,0.353618
715,UNS 2024-10-16,2024-10-16,12,2,0.344255
715,UNS 2024-10-16,2024-10-16,13,7,0.812752
716,UNS 2024-10-17,2024-10-17,1,369,30.533797
716,UNS 2024-10-17,2024-10-17,2,18,19.396552
716,UNS 2024-10-17,2024-10-17,3,3,0.366635
716,UNS 2024-10-17,2024-10-17,4,167,23.616294
716,UNS 2024-10-17,2024-10-17,5,63,11.327441
716,UNS 2024-10-17,2024-10-17,6,4,7.755101
716,UNS 2024-10-17,2024-10-17,7,8,2.596667
716,UNS 2024-10-17,2024-10-17,8,1,1.771940
716,UNS 2024-10-17,2024-10-17,9,6,0.670886
716,UNS 2024-10-17,2024-10-17,10,1,0.454061
716,UNS 2024-10-17,2024-10-17,11,1,0.353618
716,UNS 2024-10-17,2024-10-17,12,2,0.344255
716,UNS 2024-10-17,2024-10-17,13,7,0.812752
717,UNS 2024-10-18,2024-10-18,1,369,30.533797
717,UNS 2024-10-18,2024-10-18,2,18,19.396552
717,UNS 2024-10-18,2024-10-18,3,3,0.366635
717,UNS 2024-10-18,2024-10-18,4,167,23.616294
717,UNS 2024-10-18,2024-10-18,5,63,11.327441
717,UNS 2024-10-18,2024-10-18,6,4,7.755101
717,UNS 2024-10-18,2024-10-18,7,8,2.596667
717,UNS 2024-10-18,2024-10-18,8,1,1.771940
717,UNS 2024-10-18,2024-10-18,9,6,0.670886
717,UNS 2024-10-18,2024-10-18,10,1,0.454061
717,UNS 2024-10-18,2024-10-18,11,1,0.353618
717,UNS 2024-10-18,2024-10-18,12,2,0.344255
717,UNS 2024-10-18,2024-10-18,13,7,0.812752
718,UNS 2024-10-19,2024-10-19,1,369,30.533797
718,UNS 2024-10-19,2024-10-19,2,18,19.396552
718,UNS 2024-10-19,2024-10-19,3,3,0.366635
718,UNS 2024-10-19,2024-10-19,4,167,23.616294
718,UNS 2024-10-19,2024-10-19,5,63,11.327441
718,UNS 2024-10-19,2024-10-19,6,4,7.755101
718,UNS 2024-10-19,2024-10-19,7,8,2.596667
718,UNS 2024-10-19,2024-10-19,8,1,1.771940
718,UNS 2024-10-19,2024-10-19,9,6,0.670886
718,UNS 2024-10-19,2024-10-19,10,1,0.454061
718,UNS 2024-10-19,2024-10-19,11,1,0.353618
718,UNS 2024-10-19,2024-10-19,12,2,0.344255
718,UNS 2024-10-19,2024-10-19,13,7,0.812752
719,UNS 2024-10-20,2024-10-20,1,369,30.533797
719,UNS 2024-10-20,2024-10-20,2,18,19.396552
719,UNS 2024-10-20,2024-10-20,3,3,0.366635
719,UNS 2024-10-20,2024-10-20,4,167,23.616294
719,UNS 2024-10-20,2024-10-20,5,63,11.327441
719,UNS 2024-10-20,2024-10-20,6,4,7.755101
719,UNS 2024-10-20,2024-10-20,7,8,2.596667
719,UNS 2024-10-20,2024-10-20,8,1,1.771940
719,UNS 2024-10-20,2024-10-20,9,6,0.670886
719,UNS 2024-10-20,2024-10-20,10,1,0.454061
719,UNS 2024-10-20,2024-10-20,11,1,0.353618
719,UNS 2024-10-20,2024-10-20,12,2,0.344255
719,UNS 2024-10-20,2024-10-20,13,7,0.812752
720,UNS 2024-10-21,2024-10-21,1,369,30.533797
720,UNS 2024-10-21,2024-10-21,2,18,19.396552
720,UNS 2024-10-21,2024-10-21,3,3,0.366635
720,UNS 2024-10-21,2024-10-21,4,167,23.616294
720,UNS 2024-10-21,2024-10-21,5,63,11.327441
720,UNS 2024-10-21,2024-10-21,6,4,7.755101
720,UNS 2024-10-21,2024-10-21,7,8,2.596667
720,UNS 2024-10-21,2024-10-21,8,1,1.771940
720,UNS 2024-10-21,2024-10-21,9,6,0.670886
720,UNS 2024-10-21,2024-10-21,10,1,0.454061
720,UNS 2024-10-21,2024-10-21,11,1,0.353618
720,UNS 2024-10-21,2024-10-21,12,2,0.344255
720,UNS 2024-10-21,2024-10-21,13,7,0.812752
721,UNS 2024-10-22,2024-10-22,1,369,30.533797
721,UNS 2024-10-22,2024-10-22,2,18,19.396552
721,UNS 2024-10-22,2024-10-22,3,3,0.366635
721,UNS 2024-10-22,2024-10-22,4,167,23.616294
721,UNS 2024-10-22,2024-10-22,5,63,11.327441
721,UNS 2024-10-22,2024-10-22,6,4,7.755101
721,UNS 2024-10-22,2024-10-22,7,8,2.596667
721,UNS 2024-10-22,2024-10-22,8,1,1.771940
721,UNS 2024-10-22,2024-10-22,9,6,0.670886
721,UNS 2024-10-22,2024-10-22,10,1,0.454061
721,UNS 2024-10-22,2024-10-22,11,1,0.353618
721,UNS 2024-10-22,2024-10-22,12,2,0.344255
721,UNS 2024-10-22,2024-10-22,13,7,0.812752
722,UNS 2024-10-23,2024-10-23,1,369,30.533797
722,UNS 2024-10-23,2024-10-23,2,18,19.396552
722,UNS 2024-10-23,2024-10-23,3,3,0.366635
722,UNS 2024-10-23,2024-10-23,4,167,23.616294
722,UNS 2024-10-23,2024-10-23,5,63,11.327441
722,UNS 2024-10-23,2024-10-23,6,4,7.755101
722,UNS 2024-10-23,2024-10-23,7,8,2.596667
722,UNS 2024-10-23,2024-10-23,8,1,1.771940
722,UNS 2024-10-23,2024-10-23,9,6,0.670886
722,UNS 2024-10-23,2024-10-23,10,1,0.454061
722,UNS 2024-10-23,2024-10-23,11,1,0.353618
722,UNS 2024-10-23,2024-10-23,12,2,0.344255
722,UNS 2024-10-23,2024-10-23,13,7,0.812752
723,UNS 2024-10-24,2024-10-24,1,369,30.533797
723,UNS 2024-10-24,2024-10-24,2,18,19.396552
723,UNS 2024-10-24,2024-10-24,3,3,0.366635
723,UNS 2024-10-24,2024-10-24,4,167,23.616294
723,UNS 2024-10-24,2024-10-24,5,63,11.327441
723,UNS 2024-10-24,2024-10-24,6,4,7.755101
723,UNS 2024-10-24,2024-10-24,7,8,2.596667
723,UNS 2024-10-24,2024-10-24,8,1,1.771940
723,UNS 2024-10-24,2024-10-24,9,6,0.670886
723,UNS 2024-10-24,2024-10-24,10,1,0.454061
723,UNS 2024-10-24,2024-10-24,11,1,0.353618
723,UNS 2024-10-24,2024-10-24,12,2,0.344255
723,UNS 2024-10-24,2024-10-24,13,7,0.812752
724,UNS 2024-10-25,2024-10-25,1,369,30.533797
724,UNS 2024-10-25,2024-10-25,2,18,19.396552
724,UNS 2024-10-25,2024-10-25,3,3,0.366635
724,UNS 2024-10-25,2024-10-25,4,167,23.616294
724,UNS 2024-10-25,2024-10-25,5,63,11.327441
724,UNS 2024-10-25,2024-10-25,6,4,7.755101
724,UNS 2024-10-25,2024-10-25,7,8,2.596667
724,UNS 2024-10-25,2024-10-25,8,1,1.771940
724,UNS 2024-10-25,2024-10-25,9,6,0.670886
724,UNS 2024-10-25,2024-10-25,10,1,0.454061
724,UNS 2024-10-25,2024-10-25,11,1,0.353618
724,UNS 2024-10-25,2024-10-25,12,2,0.344255
724,UNS 2024-10-25,2024-10-25,13,7,0.812752
725,UNS 2024-10-26,2024-10-26,1,369,30.533797
725,UNS 2024-10-26,2024-10-26,2,18,19.396552
725,UNS 2024-10-26,2024-10-26,3,3,0.366635
725,UNS 2024-10-26,2024-10-26,4,167,23.616294
725,UNS 2024-10-26,2024-10-26,5,63,11.327441
725,UNS 2024-10-26,2024-10-26,6,4,7.755101
725,UNS 2024-10-26,2024-10-26,7,8,2.596667
725,UNS 2024-10-26,2024-10-26,8,1,1.771940
725,UNS 2024-10-26,2024-10-26,9,6,0.670886
725,UNS 2024-10-26,2024-10-26,10,1,0.454061
725,UNS 2024-10-26,2024-10-26,11,1,0.353618
725,UNS 2024-10-26,2024-10-26,12,2,0.344255
725,UNS 2024-10-26,2024-10-26,13,7,0.812752
726,UNS 2024-10-27,2024-10-27,1,369,30.533797
726,UNS 2024-10-27,2024-10-27,2,18,19.396552
726,UNS 2024-10-27,2024-10-27,3,3,0.366635
726,UNS 2024-10-27,2024-10-27,4,167,23.616294
726,UNS 2024-10-27,2024-10-27,5,63,11.327441
726,UNS 2024-10-27,2024-10-27,6,4,7.755101
726,UNS 2024-10-27,2024-10-27,7,8,2.596667
726,UNS 2024-10-27,2024-10-27,8,1,1.771940
726,UNS 2024-10-27,2024-10-27,9,6,0.670886
726,UNS 2024-10-27,2024-10-27,10,1,0.454061
726,UNS 2024-10-27,2024-10-27,11,1,0.353618
726,UNS 2024-10-27,2024-10-27,12,2,0.344255
726,UNS 2024-10-27,2024-10-27,13,7,0.812752
727,UNS 2024-10-28,2024-10-28,1,369,30.533797
727,UNS 2024-10-28,2024-10-28,2,18,19.396552
727,UNS 2024-10-28,2024-10-28,3,3,0.366635
727,UNS 2024-10-28,2024-10-28,4,167,23.616294
727,UNS 2024-10-28,2024-10-28,5,63,11.327441
727,UNS 2024-10-28,2024-10-28,6,4,7.755101
727,UNS 2024-10-28,2024-10-28,7,8,2.596667
727,UNS 2024-10-28,2024-10-28,8,1,1.771940
727,UNS 2024-10-28,2024-10-28,9,6,0.670886
727,UNS 2024-10-28,2024-10-28,10,1,0.454061
727,UNS 2024-10-28,2024-10-28,11,1,0.353618
727,UNS 2024-10-28,2024-10-28,12,2,0.344255
727,UNS 2024-10-28,2024-10-28,13,7,0.812752
728,UNS 2024-10-29,2024-10-29,1,369,30.533797
728,UNS 2024-10-29,2024-10-29,2,18,19.396552
728,UNS 2024-10-29,2024-10-29,3,3,0.366635
728,UNS 2024-10-29,2024-10-29,4,167,23.616294
728,UNS 2024-10-29,2024-10-29,5,63,11.327441
728,UNS 2024-10-29,2024-10-29,6,4,7.755101
728,UNS 2024-10-29,2024-10-29,7,8,2.596667
728,UNS 2024-10-29,2024-10-29,8,1,1.771940
728,UNS 2024-10-29,2024-10-29,9,6,0.670886
728,UNS 2024-10-29,2024-10-29,10,1,0.454061
728,UNS 2024-10-29,2024-10-29,11,1,0.353618
728,UNS 2024-10-29,2024-10-29,12,2,0.344255
728,UNS 2024-10-29,2024-10-29,13,7,0.812752
729,UNS 2024-10-30,2024-10-30,1,369,30.533797
729,UNS 2024-10-30,2024-10-30,2,18,19.396552
729,UNS 2024-10-30,2024-10-30,3,3,0.366635
729,UNS 2024-10-30,2024-10-30,4,167,23.616294
729,UNS 2024-10-30,2024-10-30,5,63,11.327441
729,UNS 2024-10-30,2024-10-30,6,4,7.755101
729,UNS 2024-10-30,2024-10-30,7,8,2.596667
729,UNS 2024-10-30,2024-10-30,8,1,1.771940
729,UNS 2024-10-30,2024-10-30,9,6,0.670886
729,UNS 2024-10-30,2024-10-30,10,1,0.454061
729,UNS 2024-10-30,2024-10-30,11,1,0.353618
729,UNS 2024-10-30,2024-10-30,12,2,0.344255
729,UNS 2024-10-30,2024-10-30,13,7,0.812752
730,UNS 2024-10-31,2024-10-31,1,369,30.533797
730,UNS 2024-10-31,2024-10-31,2,18,19.396552
730,UNS 2024-10-31,2024-10-31,3,3,0.366635
730,UNS 2024-10-31,2024-10-31,4,167,23.616294
730,UNS 2024-10-31,2024-10-31,5,63,11.327441
730,UNS 2024-10-31,2024-10-31,6,4,7.755101
730,UNS 2024-10-31,2024-10-31,7,8,2.596667
730,UNS 2024-10-31,2024-10-31,8,1,1.771940
730,UNS 2024-10-31,2024-10-31,9,6,0.670886
730,UNS 2024-10-31,2024-10-31,10,1,0.454061
730,UNS 2024-10-31,2024-10-31,11,1,0.353618
730,UNS 2024-10-31,2024-10-31,12,2,0.344255
730,UNS 2024-10-31,2024-10-31,13,7,0.812752
731,UNS 2024-11-01,2024-11-01,1,369,30.533797
731,UNS 2024-11-01,2024-11-01,2,18,19.396552
731,UNS 2024-11-01,2024-11-01,3,3,0.366635
731,UNS 2024-11-01,2024-11-01,4,167,23.616294
731,UNS 2024-11-01,2024-11-01,5,63,11.327441
731,UNS 2024-11-01,2024-11-01,6,4,7.755101
731,UNS 2024-11-01,2024-11-01,7,8,2.596667
731,UNS 2024-11-01,2024-11-01,8,1,1.771940
731,UNS 2024-11-01,2024-11-01,9,6,0.670886
731,UNS 2024-11-01,2024-11-01,10,1,0.454061
731,UNS 2024-11-01,2024-11-01,11,1,0.353618
731,UNS 2024-11-01,2024-11-01,12,2,0.344255
731,UNS 2024-11-01,2024-11-01,13,7,0.812752
732,UNS 2024-11-02,2024-11-02,1,369,30.533797
732,UNS 2024-11-02,2024-11-02,2,18,19.396552
732,UNS 2024-11-02,2024-11-02,3,3,0.366635
732,UNS 2024-11-02,2024-11-02,4,167,23.616294
732,UNS 2024-11-02,2024-11-02,5,63,11.327441
732,UNS 2024-11-02,2024-11-02,6,4,7.755101
732,UNS 2024-11-02,2024-11-02,7,8,2.596667
732,UNS 2024-11-02,2024-11-02,8,1,1.771940
732,UNS 2024-11-02,2024-11-02,9,6,0.670886
732,UNS 2024-11-02,2024-11-02,10,1,0.454061
732,UNS 2024-11-02,2024-11-02,11,1,0.353618
732,UNS 2024-11-02,2024-11-02,12,2,0.344255
732,UNS 2024-11-02,2024-11-02,13,7,0.812752
733,UNS 2024-11-03,2024-11-03,1,369,30.533797
733,UNS 2024-11-03,2024-11-03,2,18,19.396552
733,UNS 2024-11-03,2024-11-03,3,3,0.366635
733,UNS 2024-11-03,2024-11-03,4,167,23.616294
733,UNS 2024-11-03,2024-11-03,5,63,11.327441
733,UNS 2024-11-03,2024-11-03,6,4,7.755101
733,UNS 2024-11-03,2024-11-03,7,8,2.596667
733,UNS 2024-11-03,2024-11-03,8,1,1.771940
733,UNS 2024-11-03,2024-11-03,9,6,0.670886
733,UNS 2024-11-03,2024-11-03,10,1,0.454061
733,UNS 2024-11-03,2024-11-03,11,1,0.353618
733,UNS 2024-11-03,2024-11-03,12,2,0.344255
733,UNS 2024-11-03,2024-11-03,13,7,0.812752
734,UNS 2024-11-04,2024-11-04,1,369,30.533797
734,UNS 2024-11-04,2024-11-04,2,18,19.396552
734,UNS 2024-11-04,2024-11-04,3,3,0.366635
734,UNS 2024-11-04,2024-11-04,4,167,23.616294
734,UNS 2024-11-04,2024-11-04,5,63,11.327441
734,UNS 2024-11-04,2024-11-04,6,4,7.755101
734,UNS 2024-11-04,2024-11-04,7,8,2.596667
734,UNS 2024-11-04,2024-11-04,8,1,1.771940
734,UNS 2024-11-04,2024-11-04,9,6,0.670886
734,UNS 2024-11-04,2024-11-04,10,1,0.454061
734,UNS 2024-11-04,2024-11-04,11,1,0.353618
734,UNS 2024-11-04,2024-11-04,12,2,0.344255
734,UNS 2024-11-04,2024-11-04,13,7,0.812752
735,UNS 2024-11-05,2024-11-05,1,369,30.533797
735,UNS 2024-11-05,2024-11-05,2,18,19.396552
735,UNS 2024-11-05,2024-11-05,3,3,0.366635
735,UNS 2024-11-05,2024-11-05,4,167,23.616294
735,UNS 2024-11-05,2024-11-05,5,63,11.327441
735,UNS 2024-11-05,2024-11-05,6,4,7.755101
735,UNS 2024-11-05,2024-11-05,7,8,2.596667
735,UNS 2024-11-05,2024-11-05,8,1,1.771940
735,UNS 2024-11-05,2024-11-05,9,6,0.670886
735,UNS 2024-11-05,2024-11-05,10,1,0.454061
735,UNS 2024-11-05,2024-11-05,11,1,0.353618
735,UNS 2024-11-05,2024-11-05,12,2,0.344255
735,UNS 2024-11-05,2024-11-05,13,7,0.812752
736,UNS 2024-11-06,2024-11-06,1,369,30.533797
736,UNS 2024-11-06,2024-11-06,2,18,19.396552
736,UNS 2024-11-06,2024-11-06,3,3,0.366635
736,UNS 2024-11-06,2024-11-06,4,167,23.616294
736,UNS 2024-11-06,2024-11-06,5,63,11.327441
736,UNS 2024-11-06,2024-11-06,6,4,7.755101
736,UNS 2024-11-06,2024-11-06,7,8,2.596667
736,UNS 2024-11-06,2024-11-06,8,1,1.771940
736,UNS 2024-11-06,2024-11-06,9,6,0.670886
736,UNS 2024-11-06,2024-11-06,10,1,0.454061
736,UNS 2024-11-06,2024-11-06,11,1,0.353618
736,UNS 2024-11-06,2024-11-06,12,2,0.344255
736,UNS 2024-11-06,2024-11-06,13,7,0.812752
737,UNS 2024-11-07,2024-11-07,1,369,30.533797
737,UNS 2024-11-07,2024-11-07,2,18,19.396552
737,UNS 2024-11-07,2024-11-07,3,3,0.366635
737,UNS 2024-11-07,2024-11-07,4,167,23.616294
737,UNS 2024-11-07,2024-11-07,5,63,11.327441
737,UNS 2024-11-07,2024-11-07,6,4,7.755101
737,UNS 2024-11-07,2024-11-07,7,8,2.596667
737,UNS 2024-11-07,2024-11-07,8,1,1.771940
737,UNS 2024-11-07,2024-11-07,9,6,0.670886
737,UNS 2024-11-07,2024-11-07,10,1,0.454061
737,UNS 2024-11-07,2024-11-07,11,1,0.353618
737,UNS 2024-11-07,2024-11-07,12,2,0.344255
737,UNS 2024-11-07,2024-11-07,13,7,0.812752
738,UNS 2024-11-08,2024-11-08,1,369,30.533797
738,UNS 2024-11-08,2024-11-08,2,18,19.396552
738,UNS 2024-11-08,2024-11-08,3,3,0.366635
738,UNS 2024-11-08,2024-11-08,4,167,23.616294
738,UNS 2024-11-08,2024-11-08,5,63,11.327441
738,UNS 2024-11-08,2024-11-08,6,4,7.755101
738,UNS 2024-11-08,2024-11-08,7,8,2.596667
738,UNS 2024-11-08,2024-11-08,8,1,1.771940
738,UNS 2024-11-08,2024-11-08,9,6,0.670886
738,UNS 2024-11-08,2024-11-08,10,1,0.454061
738,UNS 2024-11-08,2024-11-08,11,1,0.353618
738,UNS 2024-11-08,2024-11-08,12,2,0.344255
738,UNS 2024-11-08,2024-11-08,13,7,0.812752
739,UNS 2024-11-09,2024-11-09,1,369,30.533797
739,UNS 2024-11-09,2024-11-09,2,18,19.396552
739,UNS 2024-11-09,2024-11-09,3,3,0.366635
739,UNS 2024-11-09,2024-11-09,4,167,23.616294
739,UNS 2024-11-09,2024-11-09,5,63,11.327441
739,UNS 2024-11-09,2024-11-09,6,4,7.755101
739,UNS 2024-11-09,2024-11-09,7,8,2.596667
739,UNS 2024-11-09,2024-11-09,8,1,1.771940
739,UNS 2024-11-09,2024-11-09,9,6,0.670886
739,UNS 2024-11-09,2024-11-09,10,1,0.454061
739,UNS 2024-11-09,2024-11-09,11,1,0.353618
739,UNS 2024-11-09,2024-11-09,12,2,0.344255
739,UNS 2024-11-09,2024-11-09,13,7,0.812752
740,UNS 2024-11-10,2024-11-10,1,369,30.533797
740,UNS 2024-11-10,2024-11-10,2,18,19.396552
740,UNS 2024-11-10,2024-11-10,3,3,0.366635
740,UNS 2024-11-10,2024-11-10,4,167,23.616294
740,UNS 2024-11-10,2024-11-10,5,63,11.327441
740,UNS 2024-11-10,2024-11-10,6,4,7.755101
740,UNS 2024-11-10,2024-11-10,7,8,2.596667
740,UNS 2024-11-10,2024-11-10,8,1,1.771940
740,UNS 2024-11-10,2024-11-10,9,6,0.670886
740,UNS 2024-11-10,2024-11-10,10,1,0.454061
740,UNS 2024-11-10,2024-11-10,11,1,0.353618
740,UNS 2024-11-10,2024-11-10,12,2,0.344255
740,UNS 2024-11-10,2024-11-10,13,7,0.812752
741,UNS 2024-11-11,2024-11-11,1,369,30.533797
741,UNS 2024-11-11,2024-11-11,2,18,19.396552
741,UNS 2024-11-11,2024-11-11,3,3,0.366635
741,UNS 2024-11-11,2024-11-11,4,167,23.616294
741,UNS 2024-11-11,2024-11-11,5,63,11.327441
741,UNS 2024-11-11,2024-11-11,6,4,7.755101
741,UNS 2024-11-11,2024-11-11,7,8,2.596667
741,UNS 2024-11-11,2024-11-11,8,1,1.771940
741,UNS 2024-11-11,2024-11-11,9,6,0.670886
741,UNS 2024-11-11,2024-11-11,10,1,0.454061
741,UNS 2024-11-11,2024-11-11,11,1,0.353618
741,UNS 2024-11-11,2024-11-11,12,2,0.344255
741,UNS 2024-11-11,2024-11-11,13,7,0.812752
742,UNS 2024-11-12,2024-11-12,1,369,30.533797
742,UNS 2024-11-12,2024-11-12,2,18,19.396552
742,UNS 2024-11-12,2024-11-12,3,3,0.366635
742,UNS 2024-11-12,2024-11-12,4,167,23.616294
742,UNS 2024-11-12,2024-11-12,5,63,11.327441
742,UNS 2024-11-12,2024-11-12,6,4,7.755101
742,UNS 2024-11-12,2024-11-12,7,8,2.596667
742,UNS 2024-11-12,2024-11-12,8,1,1.771940
742,UNS 2024-11-12,2024-11-12,9,6,0.670886
742,UNS 2024-11-12,2024-11-12,10,1,0.454061
742,UNS 2024-11-12,2024-11-12,11,1,0.353618
742,UNS 2024-11-12,2024-11-12,12,2,0.344255
742,UNS 2024-11-12,2024-11-12,13,7,0.812752
743,UNS 2024-11-13,2024-11-13,1,369,30.533797
743,UNS 2024-11-13,2024-11-13,2,18,19.396552
743,UNS 2024-11-13,2024-11-13,3,3,0.366635
743,UNS 2024-11-13,2024-11-13,4,167,23.616294
743,UNS 2024-11-13,2024-11-13,5,63,11.327441
743,UNS 2024-11-13,2024-11-13,6,4,7.755101
743,UNS 2024-11-13,2024-11-13,7,8,2.596667
743,UNS 2024-11-13,2024-11-13,8,1,1.771940
743,UNS 2024-11-13,2024-11-13,9,6,0.670886
743,UNS 2024-11-13,2024-11-13,10,1,0.454061
743,UNS 2024-11-13,2024-11-13,11,1,0.353618
743,UNS 2024-11-13,2024-11-13,12,2,0.344255
743,UNS 2024-11-13,2024-11-13,13,7,0.812752
744,UNS 2024-11-14,2024-11-14,1,369,30.533797
744,UNS 2024-11-14,2024-11-14,2,18,19.396552
744,UNS 2024-11-14,2024-11-14,3,3,0.366635
744,UNS 2024-11-14,2024-11-14,4,167,23.616294
744,UNS 2024-11-14,2024-11-14,5,63,11.327441
744,UNS 2024-11-14,2024-11-14,6,4,7.755101
744,UNS 2024-11-14,2024-11-14,7,8,2.596667
744,UNS 2024-11-14,2024-11-14,8,1,1.771940
744,UNS 2024-11-14,2024-11-14,9,6,0.670886
744,UNS 2024-11-14,2024-11-14,10,1,0.454061
744,UNS 2024-11-14,2024-11-14,11,1,0.353618
744,UNS 2024-11-14,2024-11-14,12,2,0.344255
744,UNS 2024-11-14,2024-11-14,13,7,0.812752
745,UNS 2024-11-15,2024-11-15,1,369,30.533797
745,UNS 2024-11-15,2024-11-15,2,18,19.396552
745,UNS 2024-11-15,2024-11-15,3,3,0.366635
745,UNS 2024-11-15,2024-11-15,4,167,23.616294
745,UNS 2024-11-15,2024-11-15,5,63,11.327441
745,UNS 2024-11-15,2024-11-15,6,4,7.755101
745,UNS 2024-11-15,2024-11-15,7,8,2.596667
745,UNS 2024-11-15,2024-11-15,8,1,1.771940
745,UNS 2024-11-15,2024-11-15,9,6,0.670886
745,UNS 2024-11-15,2024-11-15,10,1,0.454061
745,UNS 2024-11-15,2024-11-15,11,1,0.353618
745,UNS 2024-11-15,2024-11-15,12,2,0.344255
745,UNS 2024-11-15,2024-11-15,13,7,0.812752
746,UNS 2024-11-16,2024-11-16,1,369,30.533797
746,UNS 2024-11-16,2024-11-16,2,18,19.396552
746,UNS 2024-11-16,2024-11-16,3,3,0.366635
746,UNS 2024-11-16,2024-11-16,4,167,23.616294
746,UNS 2024-11-16,2024-11-16,5,63,11.327441
746,UNS 2024-11-16,2024-11-16,6,4,7.755101
746,UNS 2024-11-16,2024-11-16,7,8,2.596667
746,UNS 2024-11-16,2024-11-16,8,1,1.771940
746,UNS 2024-11-16,2024-11-16,9,6,0.670886
746,UNS 2024-11-16,2024-11-16,10,1,0.454061
746,UNS 2024-11-16,2024-11-16,11,1,0.353618
746,UNS 2024-11-16,2024-11-16,12,2,0.344255
746,UNS 2024-11-16,2024-11-16,13,7,0.812752
747,UNS 2024-11-17,2024-11-17,1,369,30.533797
747,UNS 2024-11-17,2024-11-17,2,18,19.396552
747,UNS 2024-11-17,2024-11-17,3,3,0.366635
747,UNS 2024-11-17,2024-11-17,4,167,23.616294
747,UNS 2024-11-17,2024-11-17,5,63,11.327441
747,UNS 2024-11-17,2024-11-17,6,4,7.755101
747,UNS 2024-11-17,2024-11-17,7,8,2.596667
747,UNS 2024-11-17,2024-11-17,8,1,1.771940
747,UNS 2024-11-17,2024-11-17,9,6,0.670886
747,UNS 2024-11-17,2024-11-17,10,1,0.454061
747,UNS 2024-11-17,2024-11-17,11,1,0.353618
747,UNS 2024-11-17,2024-11-17,12,2,0.344255
747,UNS 2024-11-17,2024-11-17,13,7,0.812752
748,UNS 2024-11-18,2024-11-18,1,332,29.251241
748,UNS 2024-11-18,2024-11-18,2,9,18.544217
748,UNS 2024-11-18,2024-11-18,3,4,0.524534
748,UNS 2024-11-18,2024-11-18,4,187,24.587989
748,UNS 2024-11-18,2024-11-18,5,67,11.201092
748,UNS 2024-11-18,2024-11-18,6,4,7.892438
748,UNS 2024-11-18,2024-11-18,7,8,2.431929
748,UNS 2024-11-18,2024-11-18,8,22,2.930987
748,UNS 2024-11-18,2024-11-18,9,6,0.670886
748,UNS 2024-11-18,2024-11-18,10,1,0.454061
748,UNS 2024-11-18,2024-11-18,11,1,0.353618
748,UNS 2024-11-18,2024-11-18,12,2,0.344255
748,UNS 2024-11-18,2024-11-18,13,7,0.812752
749,UNS 2024-11-19,2024-11-19,1,332,29.251241
749,UNS 2024-11-19,2024-11-19,2,9,18.544217
749,UNS 2024-11-19,2024-11-19,3,4,0.524534
749,UNS 2024-11-19,2024-11-19,4,187,24.587989
749,UNS 2024-11-19,2024-11-19,5,67,11.201092
749,UNS 2024-11-19,2024-11-19,6,4,7.892438
749,UNS 2024-11-19,2024-11-19,7,8,2.431929
749,UNS 2024-11-19,2024-11-19,8,22,2.930987
749,UNS 2024-11-19,2024-11-19,9,6,0.670886
749,UNS 2024-11-19,2024-11-19,10,1,0.454061
749,UNS 2024-11-19,2024-11-19,11,1,0.353618
749,UNS 2024-11-19,2024-11-19,12,2,0.344255
749,UNS 2024-11-19,2024-11-19,13,7,0.812752
750,UNS 2024-11-20,2024-11-20,1,332,29.251241
750,UNS 2024-11-20,2024-11-20,2,9,18.544217
750,UNS 2024-11-20,2024-11-20,3,4,0.524534
750,UNS 2024-11-20,2024-11-20,4,187,24.587989
750,UNS 2024-11-20,2024-11-20,5,67,11.201092
750,UNS 2024-11-20,2024-11-20,6,4,7.892438
750,UNS 2024-11-20,2024-11-20,7,8,2.431929
750,UNS 2024-11-20,2024-11-20,8,22,2.930987
750,UNS 2024-11-20,2024-11-20,9,6,0.670886
750,UNS 2024-11-20,2024-11-20,10,1,0.454061
750,UNS 2024-11-20,2024-11-20,11,1,0.353618
750,UNS 2024-11-20,2024-11-20,12,2,0.344255
750,UNS 2024-11-20,2024-11-20,13,7,0.812752
751,UNS 2024-11-21,2024-11-21,1,332,29.251241
751,UNS 2024-11-21,2024-11-21,2,9,18.544217
751,UNS 2024-11-21,2024-11-21,3,4,0.524534
751,UNS 2024-11-21,2024-11-21,4,187,24.587989
751,UNS 2024-11-21,2024-11-21,5,67,11.201092
751,UNS 2024-11-21,2024-11-21,6,4,7.892438
751,UNS 2024-11-21,2024-11-21,7,8,2.431929
751,UNS 2024-11-21,2024-11-21,8,22,2.930987
751,UNS 2024-11-21,2024-11-21,9,6,0.670886
751,UNS 2024-11-21,2024-11-21,10,1,0.454061
751,UNS 2024-11-21,2024-11-21,11,1,0.353618
751,UNS 2024-11-21,2024-11-21,12,2,0.344255
751,UNS 2024-11-21,2024-11-21,13,7,0.812752
752,UNS 2024-11-22,2024-11-22,1,332,29.251241
752,UNS 2024-11-22,2024-11-22,2,9,18.544217
752,UNS 2024-11-22,2024-11-22,3,4,0.524534
752,UNS 2024-11-22,2024-11-22,4,187,24.587989
752,UNS 2024-11-22,2024-11-22,5,67,11.201092
752,UNS 2024-11-22,2024-11-22,6,4,7.892438
752,UNS 2024-11-22,2024-11-22,7,8,2.431929
752,UNS 2024-11-22,2024-11-22,8,22,2.930987
752,UNS 2024-11-22,2024-11-22,9,6,0.670886
752,UNS 2024-11-22,2024-11-22,10,1,0.454061
752,UNS 2024-11-22,2024-11-22,11,1,0.353618
752,UNS 2024-11-22,2024-11-22,12,2,0.344255
752,UNS 2024-11-22,2024-11-22,13,7,0.812752
753,UNS 2024-11-23,2024-11-23,1,332,29.251241
753,UNS 2024-11-23,2024-11-23,2,9,18.544217
753,UNS 2024-11-23,2024-11-23,3,4,0.524534
753,UNS 2024-11-23,2024-11-23,4,187,24.587989
753,UNS 2024-11-23,2024-11-23,5,67,11.201092
753,UNS 2024-11-23,2024-11-23,6,4,7.892438
753,UNS 2024-11-23,2024-11-23,7,8,2.431929
753,UNS 2024-11-23,2024-11-23,8,22,2.930987
753,UNS 2024-11-23,2024-11-23,9,6,0.670886
753,UNS 2024-11-23,2024-11-23,10,1,0.454061
753,UNS 2024-11-23,2024-11-23,11,1,0.353618
753,UNS 2024-11-23,2024-11-23,12,2,0.344255
753,UNS 2024-11-23,2024-11-23,13,7,0.812752
754,UNS 2024-11-24,2024-11-24,1,332,29.251241
754,UNS 2024-11-24,2024-11-24,2,9,18.544217
754,UNS 2024-11-24,2024-11-24,3,4,0.524534
754,UNS 2024-11-24,2024-11-24,4,187,24.587989
754,UNS 2024-11-24,2024-11-24,5,67,11.201092
754,UNS 2024-11-24,2024-11-24,6,4,7.892438
754,UNS 2024-11-24,2024-11-24,7,8,2.431929
754,UNS 2024-11-24,2024-11-24,8,22,2.930987
754,UNS 2024-11-24,2024-11-24,9,6,0.670886
754,UNS 2024-11-24,2024-11-24,10,1,0.454061
754,UNS 2024-11-24,2024-11-24,11,1,0.353618
754,UNS 2024-11-24,2024-11-24,12,2,0.344255
754,UNS 2024-11-24,2024-11-24,13,7,0.812752
755,UNS 2024-11-25,2024-11-25,1,332,29.251241
755,UNS 2024-11-25,2024-11-25,2,9,18.544217
755,UNS 2024-11-25,2024-11-25,3,4,0.524534
755,UNS 2024-11-25,2024-11-25,4,187,24.587989
755,UNS 2024-11-25,2024-11-25,5,67,11.201092
755,UNS 2024-11-25,2024-11-25,6,4,7.892438
755,UNS 2024-11-25,2024-11-25,7,8,2.431929
755,UNS 2024-11-25,2024-11-25,8,22,2.930987
755,UNS 2024-11-25,2024-11-25,9,6,0.670886
755,UNS 2024-11-25,2024-11-25,10,1,0.454061
755,UNS 2024-11-25,2024-11-25,11,1,0.353618
755,UNS 2024-11-25,2024-11-25,12,2,0.344255
755,UNS 2024-11-25,2024-11-25,13,7,0.812752
756,UNS 2024-11-26,2024-11-26,1,332,29.251241
756,UNS 2024-11-26,2024-11-26,2,9,18.544217
756,UNS 2024-11-26,2024-11-26,3,4,0.524534
756,UNS 2024-11-26,2024-11-26,4,187,24.587989
756,UNS 2024-11-26,2024-11-26,5,67,11.201092
756,UNS 2024-11-26,2024-11-26,6,4,7.892438
756,UNS 2024-11-26,2024-11-26,7,8,2.431929
756,UNS 2024-11-26,2024-11-26,8,22,2.930987
756,UNS 2024-11-26,2024-11-26,9,6,0.670886
756,UNS 2024-11-26,2024-11-26,10,1,0.454061
756,UNS 2024-11-26,2024-11-26,11,1,0.353618
756,UNS 2024-11-26,2024-11-26,12,2,0.344255
756,UNS 2024-11-26,2024-11-26,13,7,0.812752
757,UNS 2024-11-27,2024-11-27,1,292,27.137297
757,UNS 2024-11-27,2024-11-27,2,22,19.357271
757,UNS 2024-11-27,2024-11-27,3,3,0.631614
757,UNS 2024-11-27,2024-11-27,4,207,25.774987
757,UNS 2024-11-27,2024-11-27,5,68,11.115864
757,UNS 2024-11-27,2024-11-27,6,5,8.012463
757,UNS 2024-11-27,2024-11-27,7,12,2.691666
757,UNS 2024-11-27,2024-11-27,8,24,2.643266
757,UNS 2024-11-27,2024-11-27,9,6,0.670886
757,UNS 2024-11-27,2024-11-27,10,1,0.454061
757,UNS 2024-11-27,2024-11-27,11,1,0.353618
757,UNS 2024-11-27,2024-11-27,12,2,0.344255
757,UNS 2024-11-27,2024-11-27,13,7,0.812752
758,UNS 2024-11-28,2024-11-28,1,292,27.137297
758,UNS 2024-11-28,2024-11-28,2,22,19.357271
758,UNS 2024-11-28,2024-11-28,3,3,0.631614
758,UNS 2024-11-28,2024-11-28,4,207,25.774987
758,UNS 2024-11-28,2024-11-28,5,68,11.115864
758,UNS 2024-11-28,2024-11-28,6,5,8.012463
758,UNS 2024-11-28,2024-11-28,7,12,2.691666
758,UNS 2024-11-28,2024-11-28,8,24,2.643266
758,UNS 2024-11-28,2024-11-28,9,6,0.670886
758,UNS 2024-11-28,2024-11-28,10,1,0.454061
758,UNS 2024-11-28,2024-11-28,11,1,0.353618
758,UNS 2024-11-28,2024-11-28,12,2,0.344255
758,UNS 2024-11-28,2024-11-28,13,7,0.812752
759,UNS 2024-11-29,2024-11-29,1,292,27.137297
759,UNS 2024-11-29,2024-11-29,2,22,19.357271
759,UNS 2024-11-29,2024-11-29,3,3,0.631614
759,UNS 2024-11-29,2024-11-29,4,207,25.774987
759,UNS 2024-11-29,2024-11-29,5,68,11.115864
759,UNS 2024-11-29,2024-11-29,6,5,8.012463
759,UNS 2024-11-29,2024-11-29,7,12,2.691666
759,UNS 2024-11-29,2024-11-29,8,24,2.643266
759,UNS 2024-11-29,2024-11-29,9,6,0.670886
759,UNS 2024-11-29,2024-11-29,10,1,0.454061
759,UNS 2024-11-29,2024-11-29,11,1,0.353618
759,UNS 2024-11-29,2024-11-29,12,2,0.344255
759,UNS 2024-11-29,2024-11-29,13,7,0.812752
760,UNS 2024-11-30,2024-11-30,1,292,27.137297
760,UNS 2024-11-30,2024-11-30,2,22,19.357271
760,UNS 2024-11-30,2024-11-30,3,3,0.631614
760,UNS 2024-11-30,2024-11-30,4,207,25.774987
760,UNS 2024-11-30,2024-11-30,5,68,11.115864
760,UNS 2024-11-30,2024-11-30,6,5,8.012463
760,UNS 2024-11-30,2024-11-30,7,12,2.691666
760,UNS 2024-11-30,2024-11-30,8,24,2.643266
760,UNS 2024-11-30,2024-11-30,9,6,0.670886
760,UNS 2024-11-30,2024-11-30,10,1,0.454061
760,UNS 2024-11-30,2024-11-30,11,1,0.353618
760,UNS 2024-11-30,2024-11-30,12,2,0.344255
760,UNS 2024-11-30,2024-11-30,13,7,0.812752
761,UNS 2024-12-01,2024-12-01,1,292,27.137297
761,UNS 2024-12-01,2024-12-01,2,22,19.357271
761,UNS 2024-12-01,2024-12-01,3,3,0.631614
761,UNS 2024-12-01,2024-12-01,4,207,25.774987
761,UNS 2024-12-01,2024-12-01,5,68,11.115864
761,UNS 2024-12-01,2024-12-01,6,5,8.012463
761,UNS 2024-12-01,2024-12-01,7,12,2.691666
761,UNS 2024-12-01,2024-12-01,8,24,2.643266
761,UNS 2024-12-01,2024-12-01,9,6,0.670886
761,UNS 2024-12-01,2024-12-01,10,1,0.454061
761,UNS 2024-12-01,2024-12-01,11,1,0.353618
761,UNS 2024-12-01,2024-12-01,12,2,0.344255
761,UNS 2024-12-01,2024-12-01,13,7,0.812752
762,UNS 2024-12-02,2024-12-02,1,292,27.137297
762,UNS 2024-12-02,2024-12-02,2,22,19.357271
762,UNS 2024-12-02,2024-12-02,3,3,0.631614
762,UNS 2024-12-02,2024-12-02,4,207,25.774987
762,UNS 2024-12-02,2024-12-02,5,68,11.115864
762,UNS 2024-12-02,2024-12-02,6,5,8.012463
762,UNS 2024-12-02,2024-12-02,7,12,2.691666
762,UNS 2024-12-02,2024-12-02,8,24,2.643266
762,UNS 2024-12-02,2024-12-02,9,6,0.670886
762,UNS 2024-12-02,2024-12-02,10,1,0.454061
762,UNS 2024-12-02,2024-12-02,11,1,0.353618
762,UNS 2024-12-02,2024-12-02,12,2,0.344255
762,UNS 2024-12-02,2024-12-02,13,7,0.812752
763,UNS 2024-12-03,2024-12-03,1,292,27.137297
763,UNS 2024-12-03,2024-12-03,2,22,19.357271
763,UNS 2024-12-03,2024-12-03,3,3,0.631614
763,UNS 2024-12-03,2024-12-03,4,207,25.774987
763,UNS 2024-12-03,2024-12-03,5,68,11.115864
763,UNS 2024-12-03,2024-12-03,6,5,8.012463
763,UNS 2024-12-03,2024-12-03,7,12,2.691666
763,UNS 2024-12-03,2024-12-03,8,24,2.643266
763,UNS 2024-12-03,2024-12-03,9,6,0.670886
763,UNS 2024-12-03,2024-12-03,10,1,0.454061
763,UNS 2024-12-03,2024-12-03,11,1,0.353618
763,UNS 2024-12-03,2024-12-03,12,2,0.344255
763,UNS 2024-12-03,2024-12-03,13,7,0.812752
764,UNS 2024-12-04,2024-12-04,1,292,27.137297
764,UNS 2024-12-04,2024-12-04,2,22,19.357271
764,UNS 2024-12-04,2024-12-04,3,3,0.631614
764,UNS 2024-12-04,2024-12-04,4,207,25.774987
764,UNS 2024-12-04,2024-12-04,5,68,11.115864
764,UNS 2024-12-04,2024-12-04,6,5,8.012463
764,UNS 2024-12-04,2024-12-04,7,12,2.691666
764,UNS 2024-12-04,2024-12-04,8,24,2.643266
764,UNS 2024-12-04,2024-12-04,9,6,0.670886
764,UNS 2024-12-04,2024-12-04,10,1,0.454061
764,UNS 2024-12-04,2024-12-04,11,1,0.353618
764,UNS 2024-12-04,2024-12-04,12,2,0.344255
764,UNS 2024-12-04,2024-12-04,13,7,0.812752
765,UNS 2024-12-05,2024-12-05,1,292,27.137297
765,UNS 2024-12-05,2024-12-05,2,22,19.357271
765,UNS 2024-12-05,2024-12-05,3,3,0.631614
765,UNS 2024-12-05,2024-12-05,4,207,25.774987
765,UNS 2024-12-05,2024-12-05,5,68,11.115864
765,UNS 2024-12-05,2024-12-05,6,5,8.012463
765,UNS 2024-12-05,2024-12-05,7,12,2.691666
765,UNS 2024-12-05,2024-12-05,8,24,2.643266
765,UNS 2024-12-05,2024-12-05,9,6,0.670886
765,UNS 2024-12-05,2024-12-05,10,1,0.454061
765,UNS 2024-12-05,2024-12-05,11,1,0.353618
765,UNS 2024-12-05,2024-12-05,12,2,0.344255
765,UNS 2024-12-05,2024-12-05,13,7,0.812752
766,UNS 2024-12-06,2024-12-06,1,292,27.137297
766,UNS 2024-12-06,2024-12-06,2,22,19.357271
766,UNS 2024-12-06,2024-12-06,3,3,0.631614
766,UNS 2024-12-06,2024-12-06,4,207,25.774987
766,UNS 2024-12-06,2024-12-06,5,68,11.115864
766,UNS 2024-12-06,2024-12-06,6,5,8.012463
766,UNS 2024-12-06,2024-12-06,7,12,2.691666
766,UNS 2024-12-06,2024-12-06,8,24,2.643266
766,UNS 2024-12-06,2024-12-06,9,6,0.670886
766,UNS 2024-12-06,2024-12-06,10,1,0.454061
766,UNS 2024-12-06,2024-12-06,11,1,0.353618
766,UNS 2024-12-06,2024-12-06,12,2,0.344255
766,UNS 2024-12-06,2024-12-06,13,7,0.812752
767,UNS 2024-12-07,2024-12-07,1,292,27.137297
767,UNS 2024-12-07,2024-12-07,2,22,19.357271
767,UNS 2024-12-07,2024-12-07,3,3,0.631614
767,UNS 2024-12-07,2024-12-07,4,207,25.774987
767,UNS 2024-12-07,2024-12-07,5,68,11.115864
767,UNS 2024-12-07,2024-12-07,6,5,8.012463
767,UNS 2024-12-07,2024-12-07,7,12,2.691666
767,UNS 2024-12-07,2024-12-07,8,24,2.643266
767,UNS 2024-12-07,2024-12-07,9,6,0.670886
767,UNS 2024-12-07,2024-12-07,10,1,0.454061
767,UNS 2024-12-07,2024-12-07,11,1,0.353618
767,UNS 2024-12-07,2024-12-07,12,2,0.344255
767,UNS 2024-12-07,2024-12-07,13,7,0.812752
768,UNS 2024-12-08,2024-12-08,1,292,27.137297
768,UNS 2024-12-08,2024-12-08,2,22,19.357271
768,UNS 2024-12-08,2024-12-08,3,3,0.631614
768,UNS 2024-12-08,2024-12-08,4,207,25.774987
768,UNS 2024-12-08,2024-12-08,5,68,11.115864
768,UNS 2024-12-08,2024-12-08,6,5,8.012463
768,UNS 2024-12-08,2024-12-08,7,12,2.691666
768,UNS 2024-12-08,2024-12-08,8,24,2.643266
768,UNS 2024-12-08,2024-12-08,9,6,0.670886
768,UNS 2024-12-08,2024-12-08,10,1,0.454061
768,UNS 2024-12-08,2024-12-08,11,1,0.353618
768,UNS 2024-12-08,2024-12-08,12,2,0.344255
768,UNS 2024-12-08,2024-12-08,13,7,0.812752
769,UNS 2024-12-09,2024-12-09,1,292,27.137297
769,UNS 2024-12-09,2024-12-09,2,22,19.357271
769,UNS 2024-12-09,2024-12-09,3,3,0.631614
769,UNS 2024-12-09,2024-12-09,4,207,25.774987
769,UNS 2024-12-09,2024-12-09,5,68,11.115864
769,UNS 2024-12-09,2024-12-09,6,5,8.012463
769,UNS 2024-12-09,2024-12-09,7,12,2.691666
769,UNS 2024-12-09,2024-12-09,8,24,2.643266
769,UNS 2024-12-09,2024-12-09,9,6,0.670886
769,UNS 2024-12-09,2024-12-09,10,1,0.454061
769,UNS 2024-12-09,2024-12-09,11,1,0.353618
769,UNS 2024-12-09,2024-12-09,12,2,0.344255
769,UNS 2024-12-09,2024-12-09,13,7,0.812752
770,UNS 2024-12-10,2024-12-10,1,292,27.137297
770,UNS 2024-12-10,2024-12-10,2,22,19.357271
770,UNS 2024-12-10,2024-12-10,3,3,0.631614
770,UNS 2024-12-10,2024-12-10,4,207,25.774987
770,UNS 2024-12-10,2024-12-10,5,68,11.115864
770,UNS 2024-12-10,2024-12-10,6,5,8.012463
770,UNS 2024-12-10,2024-12-10,7,12,2.691666
770,UNS 2024-12-10,2024-12-10,8,24,2.643266
770,UNS 2024-12-10,2024-12-10,9,6,0.670886
770,UNS 2024-12-10,2024-12-10,10,1,0.454061
770,UNS 2024-12-10,2024-12-10,11,1,0.353618
770,UNS 2024-12-10,2024-12-10,12,2,0.344255
770,UNS 2024-12-10,2024-12-10,13,7,0.812752
771,UNS 2024-12-11,2024-12-11,1,292,27.137297
771,UNS 2024-12-11,2024-12-11,2,22,19.357271
771,UNS 2024-12-11,2024-12-11,3,3,0.631614
771,UNS 2024-12-11,2024-12-11,4,207,25.774987
771,UNS 2024-12-11,2024-12-11,5,68,11.115864
771,UNS 2024-12-11,2024-12-11,6,5,8.012463
771,UNS 2024-12-11,2024-12-11,7,12,2.691666
771,UNS 2024-12-11,2024-12-11,8,24,2.643266
771,UNS 2024-12-11,2024-12-11,9,6,0.670886
771,UNS 2024-12-11,2024-12-11,10,1,0.454061
771,UNS 2024-12-11,2024-12-11,11,1,0.353618
771,UNS 2024-12-11,2024-12-11,12,2,0.344255
771,UNS 2024-12-11,2024-12-11,13,7,0.812752
772,UNS 2024-12-12,2024-12-12,1,292,27.137297
772,UNS 2024-12-12,2024-12-12,2,22,19.357271
772,UNS 2024-12-12,2024-12-12,3,3,0.631614
772,UNS 2024-12-12,2024-12-12,4,207,25.774987
772,UNS 2024-12-12,2024-12-12,5,68,11.115864
772,UNS 2024-12-12,2024-12-12,6,5,8.012463
772,UNS 2024-12-12,2024-12-12,7,12,2.691666
772,UNS 2024-12-12,2024-12-12,8,24,2.643266
772,UNS 2024-12-12,2024-12-12,9,6,0.670886
772,UNS 2024-12-12,2024-12-12,10,1,0.454061
772,UNS 2024-12-12,2024-12-12,11,1,0.353618
772,UNS 2024-12-12,2024-12-12,12,2,0.344255
772,UNS 2024-12-12,2024-12-12,13,7,0.812752
773,UNS 2024-12-13,2024-12-13,1,292,27.137297
773,UNS 2024-12-13,2024-12-13,2,22,19.357271
773,UNS 2024-12-13,2024-12-13,3,3,0.631614
773,UNS 2024-12-13,2024-12-13,4,207,25.774987
773,UNS 2024-12-13,2024-12-13,5,68,11.115864
773,UNS 2024-12-13,2024-12-13,6,5,8.012463
773,UNS 2024-12-13,2024-12-13,7,12,2.691666
773,UNS 2024-12-13,2024-12-13,8,24,2.643266
773,UNS 2024-12-13,2024-12-13,9,6,0.670886
773,UNS 2024-12-13,2024-12-13,10,1,0.454061
773,UNS 2024-12-13,2024-12-13,11,1,0.353618
773,UNS 2024-12-13,2024-12-13,12,2,0.344255
773,UNS 2024-12-13,2024-12-13,13,7,0.812752
774,UNS 2024-12-14,2024-12-14,1,292,27.137297
774,UNS 2024-12-14,2024-12-14,2,22,19.357271
774,UNS 2024-12-14,2024-12-14,3,3,0.631614
774,UNS 2024-12-14,2024-12-14,4,207,25.774987
774,UNS 2024-12-14,2024-12-14,5,68,11.115864
774,UNS 2024-12-14,2024-12-14,6,5,8.012463
774,UNS 2024-12-14,2024-12-14,7,12,2.691666
774,UNS 2024-12-14,2024-12-14,8,24,2.643266
774,UNS 2024-12-14,2024-12-14,9,6,0.670886
774,UNS 2024-12-14,2024-12-14,10,1,0.454061
774,UNS 2024-12-14,2024-12-14,11,1,0.353618
774,UNS 2024-12-14,2024-12-14,12,2,0.344255
774,UNS 2024-12-14,2024-12-14,13,7,0.812752
775,UNS 2024-12-15,2024-12-15,1,292,27.137297
775,UNS 2024-12-15,2024-12-15,2,22,19.357271
775,UNS 2024-12-15,2024-12-15,3,3,0.631614
775,UNS 2024-12-15,2024-12-15,4,207,25.774987
775,UNS 2024-12-15,2024-12-15,5,68,11.115864
775,UNS 2024-12-15,2024-12-15,6,5,8.012463
775,UNS 2024-12-15,2024-12-15,7,12,2.691666
775,UNS 2024-12-15,2024-12-15,8,24,2.643266
775,UNS 2024-12-15,2024-12-15,9,6,0.670886
775,UNS 2024-12-15,2024-12-15,10,1,0.454061
775,UNS 2024-12-15,2024-12-15,11,1,0.353618
775,UNS 2024-12-15,2024-12-15,12,2,0.344255
775,UNS 2024-12-15,2024-12-15,13,7,0.812752
776,UNS 2024-12-16,2024-12-16,1,292,27.137297
776,UNS 2024-12-16,2024-12-16,2,22,19.357271
776,UNS 2024-12-16,2024-12-16,3,3,0.631614
776,UNS 2024-12-16,2024-12-16,4,207,25.774987
776,UNS 2024-12-16,2024-12-16,5,68,11.115864
776,UNS 2024-12-16,2024-12-16,6,5,8.012463
776,UNS 2024-12-16,2024-12-16,7,12,2.691666
776,UNS 2024-12-16,2024-12-16,8,24,2.643266
776,UNS 2024-12-16,2024-12-16,9,6,0.670886
776,UNS 2024-12-16,2024-12-16,10,1,0.454061
776,UNS 2024-12-16,2024-12-16,11,1,0.353618
776,UNS 2024-12-16,2024-12-16,12,2,0.344255
776,UNS 2024-12-16,2024-12-16,13,7,0.812752
777,UNS 2024-12-17,2024-12-17,1,292,27.137297
777,UNS 2024-12-17,2024-12-17,2,22,19.357271
777,UNS 2024-12-17,2024-12-17,3,3,0.631614
777,UNS 2024-12-17,2024-12-17,4,207,25.774987
777,UNS 2024-12-17,2024-12-17,5,68,11.115864
777,UNS 2024-12-17,2024-12-17,6,5,8.012463
777,UNS 2024-12-17,2024-12-17,7,12,2.691666
777,UNS 2024-12-17,2024-12-17,8,24,2.643266
777,UNS 2024-12-17,2024-12-17,9,6,0.670886
777,UNS 2024-12-17,2024-12-17,10,1,0.454061
777,UNS 2024-12-17,2024-12-17,11,1,0.353618
777,UNS 2024-12-17,2024-12-17,12,2,0.344255
777,UNS 2024-12-17,2024-12-17,13,7,0.812752
778,UNS 2024-12-18,2024-12-18,1,292,27.137297
778,UNS 2024-12-18,2024-12-18,2,22,19.357271
778,UNS 2024-12-18,2024-12-18,3,3,0.631614
778,UNS 2024-12-18,2024-12-18,4,207,25.774987
778,UNS 2024-12-18,2024-12-18,5,68,11.115864
778,UNS 2024-12-18,2024-12-18,6,5,8.012463
778,UNS 2024-12-18,2024-12-18,7,12,2.691666
778,UNS 2024-12-18,2024-12-18,8,24,2.643266
778,UNS 2024-12-18,2024-12-18,9,6,0.670886
778,UNS 2024-12-18,2024-12-18,10,1,0.454061
778,UNS 2024-12-18,2024-12-18,11,1,0.353618
778,UNS 2024-12-18,2024-12-18,12,2,0.344255
778,UNS 2024-12-18,2024-12-18,13,7,0.812752
779,UNS 2024-12-19,2024-12-19,1,292,27.137297
779,UNS 2024-12-19,2024-12-19,2,22,19.357271
779,UNS 2024-12-19,2024-12-19,3,3,0.631614
779,UNS 2024-12-19,2024-12-19,4,207,25.774987
779,UNS 2024-12-19,2024-12-19,5,68,11.115864
779,UNS 2024-12-19,2024-12-19,6,5,8.012463
779,UNS 2024-12-19,2024-12-19,7,12,2.691666
779,UNS 2024-12-19,2024-12-19,8,24,2.643266
779,UNS 2024-12-19,2024-12-19,9,6,0.670886
779,UNS 2024-12-19,2024-12-19,10,1,0.454061
779,UNS 2024-12-19,2024-12-19,11,1,0.353618
779,UNS 2024-12-19,2024-12-19,12,2,0.344255
779,UNS 2024-12-19,2024-12-19,13,7,0.812752
780,UNS 2024-12-20,2024-12-20,1,292,27.137297
780,UNS 2024-12-20,2024-12-20,2,22,19.357271
780,UNS 2024-12-20,2024-12-20,3,3,0.631614
780,UNS 2024-12-20,2024-12-20,4,207,25.774987
780,UNS 2024-12-20,2024-12-20,5,68,11.115864
780,UNS 2024-12-20,2024-12-20,6,5,8.012463
780,UNS 2024-12-20,2024-12-20,7,12,2.691666
780,UNS 2024-12-20,2024-12-20,8,24,2.643266
780,UNS 2024-12-20,2024-12-20,9,6,0.670886
780,UNS 2024-12-20,2024-12-20,10,1,0.454061
780,UNS 2024-12-20,2024-12-20,11,1,0.353618
780,UNS 2024-12-20,2024-12-20,12,2,0.344255
780,UNS 2024-12-20,2024-12-20,13,7,0.812752
781,UNS 2024-12-21,2024-12-21,1,292,27.137297
781,UNS 2024-12-21,2024-12-21,2,22,19.357271
781,UNS 2024-12-21,2024-12-21,3,3,0.631614
781,UNS 2024-12-21,2024-12-21,4,207,25.774987
781,UNS 2024-12-21,2024-12-21,5,68,11.115864
781,UNS 2024-12-21,2024-12-21,6,5,8.012463
781,UNS 2024-12-21,2024-12-21,7,12,2.691666
781,UNS 2024-12-21,2024-12-21,8,24,2.643266
781,UNS 2024-12-21,2024-12-21,9,6,0.670886
781,UNS 2024-12-21,2024-12-21,10,1,0.454061
781,UNS 2024-12-21,2024-12-21,11,1,0.353618
781,UNS 2024-12-21,2024-12-21,12,2,0.344255
781,UNS 2024-12-21,2024-12-21,13,7,0.812752
782,UNS 2024-12-22,2024-12-22,1,292,27.137297
782,UNS 2024-12-22,2024-12-22,2,22,19.357271
782,UNS 2024-12-22,2024-12-22,3,3,0.631614
782,UNS 2024-12-22,2024-12-22,4,207,25.774987
782,UNS 2024-12-22,2024-12-22,5,68,11.115864
782,UNS 2024-12-22,2024-12-22,6,5,8.012463
782,UNS 2024-12-22,2024-12-22,7,12,2.691666
782,UNS 2024-12-22,2024-12-22,8,24,2.643266
782,UNS 2024-12-22,2024-12-22,9,6,0.670886
782,UNS 2024-12-22,2024-12-22,10,1,0.454061
782,UNS 2024-12-22,2024-12-22,11,1,0.353618
782,UNS 2024-12-22,2024-12-22,12,2,0.344255
782,UNS 2024-12-22,2024-12-22,13,7,0.812752
783,UNS 2024-12-23,2024-12-23,1,299,27.652991
783,UNS 2024-12-23,2024-12-23,2,20,19.807542
783,UNS 2024-12-23,2024-12-23,3,3,0.507273
783,UNS 2024-12-23,2024-12-23,4,193,24.820014
783,UNS 2024-12-23,2024-12-23,5,69,11.173481
783,UNS 2024-12-23,2024-12-23,6,4,7.941994
783,UNS 2024-12-23,2024-12-23,7,10,2.481305
783,UNS 2024-12-23,2024-12-23,8,35,2.979829
783,UNS 2024-12-23,2024-12-23,9,6,0.670886
783,UNS 2024-12-23,2024-12-23,10,1,0.454061
783,UNS 2024-12-23,2024-12-23,11,1,0.353618
783,UNS 2024-12-23,2024-12-23,12,2,0.344255
783,UNS 2024-12-23,2024-12-23,13,7,0.812752
784,UNS 2024-12-24,2024-12-24,1,299,27.652991
784,UNS 2024-12-24,2024-12-24,2,20,19.807542
784,UNS 2024-12-24,2024-12-24,3,3,0.507273
784,UNS 2024-12-24,2024-12-24,4,193,24.820014
784,UNS 2024-12-24,2024-12-24,5,69,11.173481
784,UNS 2024-12-24,2024-12-24,6,4,7.941994
784,UNS 2024-12-24,2024-12-24,7,10,2.481305
784,UNS 2024-12-24,2024-12-24,8,35,2.979829
784,UNS 2024-12-24,2024-12-24,9,6,0.670886
784,UNS 2024-12-24,2024-12-24,10,1,0.454061
784,UNS 2024-12-24,2024-12-24,11,1,0.353618
784,UNS 2024-12-24,2024-12-24,12,2,0.344255
784,UNS 2024-12-24,2024-12-24,13,7,0.812752
785,UNS 2024-12-25,2024-12-25,1,299,27.652991
785,UNS 2024-12-25,2024-12-25,2,20,19.807542
785,UNS 2024-12-25,2024-12-25,3,3,0.507273
785,UNS 2024-12-25,2024-12-25,4,193,24.820014
785,UNS 2024-12-25,2024-12-25,5,69,11.173481
785,UNS 2024-12-25,2024-12-25,6,4,7.941994
785,UNS 2024-12-25,2024-12-25,7,10,2.481305
785,UNS 2024-12-25,2024-12-25,8,35,2.979829
785,UNS 2024-12-25,2024-12-25,9,6,0.670886
785,UNS 2024-12-25,2024-12-25,10,1,0.454061
785,UNS 2024-12-25,2024-12-25,11,1,0.353618
785,UNS 2024-12-25,2024-12-25,12,2,0.344255
785,UNS 2024-12-25,2024-12-25,13,7,0.812752
786,UNS 2024-12-26,2024-12-26,1,299,27.652991
786,UNS 2024-12-26,2024-12-26,2,20,19.807542
786,UNS 2024-12-26,2024-12-26,3,3,0.507273
786,UNS 2024-12-26,2024-12-26,4,193,24.820014
786,UNS 2024-12-26,2024-12-26,5,69,11.173481
786,UNS 2024-12-26,2024-12-26,6,4,7.941994
786,UNS 2024-12-26,2024-12-26,7,10,2.481305
786,UNS 2024-12-26,2024-12-26,8,35,2.979829
786,UNS 2024-12-26,2024-12-26,9,6,0.670886
786,UNS 2024-12-26,2024-12-26,10,1,0.454061
786,UNS 2024-12-26,2024-12-26,11,1,0.353618
786,UNS 2024-12-26,2024-12-26,12,2,0.344255
786,UNS 2024-12-26,2024-12-26,13,7,0.812752
787,UNS 2024-12-27,2024-12-27,1,299,27.652991
787,UNS 2024-12-27,2024-12-27,2,20,19.807542
787,UNS 2024-12-27,2024-12-27,3,3,0.507273
787,UNS 2024-12-27,2024-12-27,4,193,24.820014
787,UNS 2024-12-27,2024-12-27,5,69,11.173481
787,UNS 2024-12-27,2024-12-27,6,4,7.941994
787,UNS 2024-12-27,2024-12-27,7,10,2.481305
787,UNS 2024-12-27,2024-12-27,8,35,2.979829
787,UNS 2024-12-27,2024-12-27,9,6,0.670886
787,UNS 2024-12-27,2024-12-27,10,1,0.454061
787,UNS 2024-12-27,2024-12-27,11,1,0.353618
787,UNS 2024-12-27,2024-12-27,12,2,0.344255
787,UNS 2024-12-27,2024-12-27,13,7,0.812752
788,UNS 2024-12-28,2024-12-28,1,299,27.652991
788,UNS 2024-12-28,2024-12-28,2,20,19.807542
788,UNS 2024-12-28,2024-12-28,3,3,0.507273
788,UNS 2024-12-28,2024-12-28,4,193,24.820014
788,UNS 2024-12-28,2024-12-28,5,69,11.173481
788,UNS 2024-12-28,2024-12-28,6,4,7.941994
788,UNS 2024-12-28,2024-12-28,7,10,2.481305
788,UNS 2024-12-28,2024-12-28,8,35,2.979829
788,UNS 2024-12-28,2024-12-28,9,6,0.670886
788,UNS 2024-12-28,2024-12-28,10,1,0.454061
788,UNS 2024-12-28,2024-12-28,11,1,0.353618
788,UNS 2024-12-28,2024-12-28,12,2,0.344255
788,UNS 2024-12-28,2024-12-28,13,7,0.812752
789,UNS 2024-12-29,2024-12-29,1,299,27.652991
789,UNS 2024-12-29,2024-12-29,2,20,19.807542
789,UNS 2024-12-29,2024-12-29,3,3,0.507273
789,UNS 2024-12-29,2024-12-29,4,193,24.820014
789,UNS 2024-12-29,2024-12-29,5,69,11.173481
789,UNS 2024-12-29,2024-12-29,6,4,7.941994
789,UNS 2024-12-29,2024-12-29,7,10,2.481305
789,UNS 2024-12-29,2024-12-29,8,35,2.979829
789,UNS 2024-12-29,2024-12-29,9,6,0.670886
789,UNS 2024-12-29,2024-12-29,10,1,0.454061
789,UNS 2024-12-29,2024-12-29,11,1,0.353618
789,UNS 2024-12-29,2024-12-29,12,2,0.344255
789,UNS 2024-12-29,2024-12-29,13,7,0.812752
790,UNS 2024-12-30,2024-12-30,1,299,27.652991
790,UNS 2024-12-30,2024-12-30,2,20,19.807542
790,UNS 2024-12-30,2024-12-30,3,3,0.507273
790,UNS 2024-12-30,2024-12-30,4,193,24.820014
790,UNS 2024-12-30,2024-12-30,5,69,11.173481
790,UNS 2024-12-30,2024-12-30,6,4,7.941994
790,UNS 2024-12-30,2024-12-30,7,10,2.481305
790,UNS 2024-12-30,2024-12-30,8,35,2.979829
790,UNS 2024-12-30,2024-12-30,9,6,0.670886
790,UNS 2024-12-30,2024-12-30,10,1,0.454061
790,UNS 2024-12-30,2024-12-30,11,1,0.353618
790,UNS 2024-12-30,2024-12-30,12,2,0.344255
790,UNS 2024-12-30,2024-12-30,13,7,0.812752
791,UNS 2024-12-31,2024-12-31,1,299,27.652991
791,UNS 2024-12-31,2024-12-31,2,20,19.807542
791,UNS 2024-12-31,2024-12-31,3,3,0.507273
791,UNS 2024-12-31,2024-12-31,4,193,24.820014
791,UNS 2024-12-31,2024-12-31,5,69,11.173481
791,UNS 2024-12-31,2024-12-31,6,4,7.941994
791,UNS 2024-12-31,2024-12-31,7,10,2.481305
791,UNS 2024-12-31,2024-12-31,8,35,2.979829
791,UNS 2024-12-31,2024-12-31,9,6,0.670886
791,UNS 2024-12-31,2024-12-31,10,1,0.454061
791,UNS 2024-12-31,2024-12-31,11,1,0.353618
791,UNS 2024-12-31,2024-12-31,12,2,0.344255
791,UNS 2024-12-31,2024-12-31,13,7,0.812752
792,UNS 2025-01-01,2025-01-01,1,299,27.652991
792,UNS 2025-01-01,2025-01-01,2,20,19.807542
792,UNS 2025-01-01,2025-01-01,3,3,0.507273
792,UNS 2025-01-01,2025-01-01,4,193,24.820014
792,UNS 2025-01-01,2025-01-01,5,69,11.173481
792,UNS 2025-01-01,2025-01-01,6,4,7.941994
792,UNS 2025-01-01,2025-01-01,7,10,2.481305
792,UNS 2025-01-01,2025-01-01,8,35,2.979829
792,UNS 2025-01-01,2025-01-01,9,6,0.670886
792,UNS 2025-01-01,2025-01-01,10,1,0.454061
792,UNS 2025-01-01,2025-01-01,11,1,0.353618
792,UNS 2025-01-01,2025-01-01,12,2,0.344255
792,UNS 2025-01-01,2025-01-01,13,7,0.812752
793,UNS 2025-01-02,2025-01-02,1,299,27.652991
793,UNS 2025-01-02,2025-01-02,2,20,19.807542
793,UNS 2025-01-02,2025-01-02,3,3,0.507273
793,UNS 2025-01-02,2025-01-02,4,193,24.820014
793,UNS 2025-01-02,2025-01-02,5,69,11.173481
793,UNS 2025-01-02,2025-01-02,6,4,7.941994
793,UNS 2025-01-02,2025-01-02,7,10,2.481305
793,UNS 2025-01-02,2025-01-02,8,35,2.979829
793,UNS 2025-01-02,2025-01-02,9,6,0.670886
793,UNS 2025-01-02,2025-01-02,10,1,0.454061
793,UNS 2025-01-02,2025-01-02,11,1,0.353618
793,UNS 2025-01-02,2025-01-02,12,2,0.344255
793,UNS 2025-01-02,2025-01-02,13,7,0.812752
794,UNS 2025-01-03,2025-01-03,1,307,28.077818
794,UNS 2025-01-03,2025-01-03,2,24,20.274660
794,UNS 2025-01-03,2025-01-03,3,3,0.603792
794,UNS 2025-01-03,2025-01-03,4,178,23.928692
794,UNS 2025-01-03,2025-01-03,5,67,11.075705
794,UNS 2025-01-03,2025-01-03,6,4,8.032322
794,UNS 2025-01-03,2025-01-03,7,10,2.444062
794,UNS 2025-01-03,2025-01-03,8,40,2.927378
794,UNS 2025-01-03,2025-01-03,9,6,0.670886
794,UNS 2025-01-03,2025-01-03,10,1,0.454061
794,UNS 2025-01-03,2025-01-03,11,1,0.353618
794,UNS 2025-01-03,2025-01-03,12,2,0.344255
794,UNS 2025-01-03,2025-01-03,13,7,0.812752
795,UNS 2025-01-04,2025-01-04,1,307,28.077818
795,UNS 2025-01-04,2025-01-04,2,24,20.274660
795,UNS 2025-01-04,2025-01-04,3,3,0.603792
795,UNS 2025-01-04,2025-01-04,4,178,23.928692
795,UNS 2025-01-04,2025-01-04,5,67,11.075705
795,UNS 2025-01-04,2025-01-04,6,4,8.032322
795,UNS 2025-01-04,2025-01-04,7,10,2.444062
795,UNS 2025-01-04,2025-01-04,8,40,2.927378
795,UNS 2025-01-04,2025-01-04,9,6,0.670886
795,UNS 2025-01-04,2025-01-04,10,1,0.454061
795,UNS 2025-01-04,2025-01-04,11,1,0.353618
795,UNS 2025-01-04,2025-01-04,12,2,0.344255
795,UNS 2025-01-04,2025-01-04,13,7,0.812752
796,UNS 2025-01-05,2025-01-05,1,307,28.077818
796,UNS 2025-01-05,2025-01-05,2,24,20.274660
796,UNS 2025-01-05,2025-01-05,3,3,0.603792
796,UNS 2025-01-05,2025-01-05,4,178,23.928692
796,UNS 2025-01-05,2025-01-05,5,67,11.075705
796,UNS 2025-01-05,2025-01-05,6,4,8.032322
796,UNS 2025-01-05,2025-01-05,7,10,2.444062
796,UNS 2025-01-05,2025-01-05,8,40,2.927378
796,UNS 2025-01-05,2025-01-05,9,6,0.670886
796,UNS 2025-01-05,2025-01-05,10,1,0.454061
796,UNS 2025-01-05,2025-01-05,11,1,0.353618
796,UNS 2025-01-05,2025-01-05,12,2,0.344255
796,UNS 2025-01-05,2025-01-05,13,7,0.812752
797,UNS 2025-01-06,2025-01-06,1,307,28.077818
797,UNS 2025-01-06,2025-01-06,2,24,20.274660
797,UNS 2025-01-06,2025-01-06,3,3,0.603792
797,UNS 2025-01-06,2025-01-06,4,178,23.928692
797,UNS 2025-01-06,2025-01-06,5,67,11.075705
797,UNS 2025-01-06,2025-01-06,6,4,8.032322
797,UNS 2025-01-06,2025-01-06,7,10,2.444062
797,UNS 2025-01-06,2025-01-06,8,40,2.927378
797,UNS 2025-01-06,2025-01-06,9,6,0.670886
797,UNS 2025-01-06,2025-01-06,10,1,0.454061
797,UNS 2025-01-06,2025-01-06,11,1,0.353618
797,UNS 2025-01-06,2025-01-06,12,2,0.344255
797,UNS 2025-01-06,2025-01-06,13,7,0.812752
798,UNS 2025-01-07,2025-01-07,1,307,28.077818
798,UNS 2025-01-07,2025-01-07,2,24,20.274660
798,UNS 2025-01-07,2025-01-07,3,3,0.603792
798,UNS 2025-01-07,2025-01-07,4,178,23.928692
798,UNS 2025-01-07,2025-01-07,5,67,11.075705
798,UNS 2025-01-07,2025-01-07,6,4,8.032322
798,UNS 2025-01-07,2025-01-07,7,10,2.444062
798,UNS 2025-01-07,2025-01-07,8,40,2.927378
798,UNS 2025-01-07,2025-01-07,9,6,0.670886
798,UNS 2025-01-07,2025-01-07,10,1,0.454061
798,UNS 2025-01-07,2025-01-07,11,1,0.353618
798,UNS 2025-01-07,2025-01-07,12,2,0.344255
798,UNS 2025-01-07,2025-01-07,13,7,0.812752
799,UNS 2025-01-08,2025-01-08,1,297,27.615783
799,UNS 2025-01-08,2025-01-08,2,28,20.680874
799,UNS 2025-01-08,2025-01-08,3,3,0.588724
799,UNS 2025-01-08,2025-01-08,4,188,24.165886
799,UNS 2025-01-08,2025-01-08,5,69,10.912553
799,UNS 2025-01-08,2025-01-08,6,4,7.876071
799,UNS 2025-01-08,2025-01-08,7,10,2.677724
799,UNS 2025-01-08,2025-01-08,8,34,2.846814
799,UNS 2025-01-08,2025-01-08,9,6,0.670886
799,UNS 2025-01-08,2025-01-08,10,1,0.454061
799,UNS 2025-01-08,2025-01-08,11,1,0.353618
799,UNS 2025-01-08,2025-01-08,12,2,0.344255
799,UNS 2025-01-08,2025-01-08,13,7,0.812752
800,UNS 2025-01-09,2025-01-09,1,297,27.615783
800,UNS 2025-01-09,2025-01-09,2,28,20.680874
800,UNS 2025-01-09,2025-01-09,3,3,0.588724
800,UNS 2025-01-09,2025-01-09,4,188,24.165886
800,UNS 2025-01-09,2025-01-09,5,69,10.912553
800,UNS 2025-01-09,2025-01-09,6,4,7.876071
800,UNS 2025-01-09,2025-01-09,7,10,2.677724
800,UNS 2025-01-09,2025-01-09,8,34,2.846814
800,UNS 2025-01-09,2025-01-09,9,6,0.670886
800,UNS 2025-01-09,2025-01-09,10,1,0.454061
800,UNS 2025-01-09,2025-01-09,11,1,0.353618
800,UNS 2025-01-09,2025-01-09,12,2,0.344255
800,UNS 2025-01-09,2025-01-09,13,7,0.812752
801,UNS 2025-01-10,2025-01-10,1,297,27.615783
801,UNS 2025-01-10,2025-01-10,2,28,20.680874
801,UNS 2025-01-10,2025-01-10,3,3,0.588724
801,UNS 2025-01-10,2025-01-10,4,188,24.165886
801,UNS 2025-01-10,2025-01-10,5,69,10.912553
801,UNS 2025-01-10,2025-01-10,6,4,7.876071
801,UNS 2025-01-10,2025-01-10,7,10,2.677724
801,UNS 2025-01-10,2025-01-10,8,34,2.846814
801,UNS 2025-01-10,2025-01-10,9,6,0.670886
801,UNS 2025-01-10,2025-01-10,10,1,0.454061
801,UNS 2025-01-10,2025-01-10,11,1,0.353618
801,UNS 2025-01-10,2025-01-10,12,2,0.344255
801,UNS 2025-01-10,2025-01-10,13,7,0.812752
802,UNS 2025-01-11,2025-01-11,1,297,27.615783
802,UNS 2025-01-11,2025-01-11,2,28,20.680874
802,UNS 2025-01-11,2025-01-11,3,3,0.588724
802,UNS 2025-01-11,2025-01-11,4,188,24.165886
802,UNS 2025-01-11,2025-01-11,5,69,10.912553
802,UNS 2025-01-11,2025-01-11,6,4,7.876071
802,UNS 2025-01-11,2025-01-11,7,10,2.677724
802,UNS 2025-01-11,2025-01-11,8,34,2.846814
802,UNS 2025-01-11,2025-01-11,9,6,0.670886
802,UNS 2025-01-11,2025-01-11,10,1,0.454061
802,UNS 2025-01-11,2025-01-11,11,1,0.353618
802,UNS 2025-01-11,2025-01-11,12,2,0.344255
802,UNS 2025-01-11,2025-01-11,13,7,0.812752
803,UNS 2025-01-12,2025-01-12,1,297,27.615783
803,UNS 2025-01-12,2025-01-12,2,28,20.680874
803,UNS 2025-01-12,2025-01-12,3,3,0.588724
803,UNS 2025-01-12,2025-01-12,4,188,24.165886
803,UNS 2025-01-12,2025-01-12,5,69,10.912553
803,UNS 2025-01-12,2025-01-12,6,4,7.876071
803,UNS 2025-01-12,2025-01-12,7,10,2.677724
803,UNS 2025-01-12,2025-01-12,8,34,2.846814
803,UNS 2025-01-12,2025-01-12,9,6,0.670886
803,UNS 2025-01-12,2025-01-12,10,1,0.454061
803,UNS 2025-01-12,2025-01-12,11,1,0.353618
803,UNS 2025-01-12,2025-01-12,12,2,0.344255
803,UNS 2025-01-12,2025-01-12,13,7,0.812752
804,UNS 2025-01-13,2025-01-13,1,289,26.672833
804,UNS 2025-01-13,2025-01-13,2,46,21.799055
804,UNS 2025-01-13,2025-01-13,3,4,0.716222
804,UNS 2025-01-13,2025-01-13,4,177,23.474087
804,UNS 2025-01-13,2025-01-13,5,71,11.348796
804,UNS 2025-01-13,2025-01-13,6,4,7.813181
804,UNS 2025-01-13,2025-01-13,7,12,2.808867
804,UNS 2025-01-13,2025-01-13,8,30,2.731387
804,UNS 2025-01-13,2025-01-13,9,6,0.670886
804,UNS 2025-01-13,2025-01-13,10,1,0.454061
804,UNS 2025-01-13,2025-01-13,11,1,0.353618
804,UNS 2025-01-13,2025-01-13,12,2,0.344255
804,UNS 2025-01-13,2025-01-13,13,7,0.812752
805,UNS 2025-01-14,2025-01-14,1,289,26.672833
805,UNS 2025-01-14,2025-01-14,2,46,21.799055
805,UNS 2025-01-14,2025-01-14,3,4,0.716222
805,UNS 2025-01-14,2025-01-14,4,177,23.474087
805,UNS 2025-01-14,2025-01-14,5,71,11.348796
805,UNS 2025-01-14,2025-01-14,6,4,7.813181
805,UNS 2025-01-14,2025-01-14,7,12,2.808867
805,UNS 2025-01-14,2025-01-14,8,30,2.731387
805,UNS 2025-01-14,2025-01-14,9,6,0.670886
805,UNS 2025-01-14,2025-01-14,10,1,0.454061
805,UNS 2025-01-14,2025-01-14,11,1,0.353618
805,UNS 2025-01-14,2025-01-14,12,2,0.344255
805,UNS 2025-01-14,2025-01-14,13,7,0.812752
806,UNS 2025-01-15,2025-01-15,1,280,26.105924
806,UNS 2025-01-15,2025-01-15,2,52,22.161702
806,UNS 2025-01-15,2025-01-15,3,3,0.743275
806,UNS 2025-01-15,2025-01-15,4,182,23.450418
806,UNS 2025-01-15,2025-01-15,5,69,11.317594
806,UNS 2025-01-15,2025-01-15,6,4,8.094747
806,UNS 2025-01-15,2025-01-15,7,13,2.774924
806,UNS 2025-01-15,2025-01-15,8,30,2.715842
806,UNS 2025-01-15,2025-01-15,9,6,0.670886
806,UNS 2025-01-15,2025-01-15,10,1,0.454061
806,UNS 2025-01-15,2025-01-15,11,1,0.353618
806,UNS 2025-01-15,2025-01-15,12,2,0.344255
806,UNS 2025-01-15,2025-01-15,13,7,0.812752
807,UNS 2025-01-16,2025-01-16,1,280,26.105924
807,UNS 2025-01-16,2025-01-16,2,52,22.161702
807,UNS 2025-01-16,2025-01-16,3,3,0.743275
807,UNS 2025-01-16,2025-01-16,4,182,23.450418
807,UNS 2025-01-16,2025-01-16,5,69,11.317594
807,UNS 2025-01-16,2025-01-16,6,4,8.094747
807,UNS 2025-01-16,2025-01-16,7,13,2.774924
807,UNS 2025-01-16,2025-01-16,8,30,2.715842
807,UNS 2025-01-16,2025-01-16,9,6,0.670886
807,UNS 2025-01-16,2025-01-16,10,1,0.454061
807,UNS 2025-01-16,2025-01-16,11,1,0.353618
807,UNS 2025-01-16,2025-01-16,12,2,0.344255
807,UNS 2025-01-16,2025-01-16,13,7,0.812752
808,UNS 2025-01-17,2025-01-17,1,280,26.105924
808,UNS 2025-01-17,2025-01-17,2,52,22.161702
808,UNS 2025-01-17,2025-01-17,3,3,0.743275
808,UNS 2025-01-17,2025-01-17,4,182,23.450418
808,UNS 2025-01-17,2025-01-17,5,69,11.317594
808,UNS 2025-01-17,2025-01-17,6,4,8.094747
808,UNS 2025-01-17,2025-01-17,7,13,2.774924
808,UNS 2025-01-17,2025-01-17,8,30,2.715842
808,UNS 2025-01-17,2025-01-17,9,6,0.670886
808,UNS 2025-01-17,2025-01-17,10,1,0.454061
808,UNS 2025-01-17,2025-01-17,11,1,0.353618
808,UNS 2025-01-17,2025-01-17,12,2,0.344255
808,UNS 2025-01-17,2025-01-17,13,7,0.812752
809,UNS 2025-01-18,2025-01-18,1,280,26.105924
809,UNS 2025-01-18,2025-01-18,2,52,22.161702
809,UNS 2025-01-18,2025-01-18,3,3,0.743275
809,UNS 2025-01-18,2025-01-18,4,182,23.450418
809,UNS 2025-01-18,2025-01-18,5,69,11.317594
809,UNS 2025-01-18,2025-01-18,6,4,8.094747
809,UNS 2025-01-18,2025-01-18,7,13,2.774924
809,UNS 2025-01-18,2025-01-18,8,30,2.715842
809,UNS 2025-01-18,2025-01-18,9,6,0.670886
809,UNS 2025-01-18,2025-01-18,10,1,0.454061
809,UNS 2025-01-18,2025-01-18,11,1,0.353618
809,UNS 2025-01-18,2025-01-18,12,2,0.344255
809,UNS 2025-01-18,2025-01-18,13,7,0.812752
810,UNS 2025-01-19,2025-01-19,1,280,26.105924
810,UNS 2025-01-19,2025-01-19,2,52,22.161702
810,UNS 2025-01-19,2025-01-19,3,3,0.743275
810,UNS 2025-01-19,2025-01-19,4,182,23.450418
810,UNS 2025-01-19,2025-01-19,5,69,11.317594
810,UNS 2025-01-19,2025-01-19,6,4,8.094747
810,UNS 2025-01-19,2025-01-19,7,13,2.774924
810,UNS 2025-01-19,2025-01-19,8,30,2.715842
810,UNS 2025-01-19,2025-01-19,9,6,0.670886
810,UNS 2025-01-19,2025-01-19,10,1,0.454061
810,UNS 2025-01-19,2025-01-19,11,1,0.353618
810,UNS 2025-01-19,2025-01-19,12,2,0.344255
810,UNS 2025-01-19,2025-01-19,13,7,0.812752
811,UNS 2025-01-20,2025-01-20,1,275,26.036614
811,UNS 2025-01-20,2025-01-20,2,60,22.274278
811,UNS 2025-01-20,2025-01-20,3,4,0.817792
811,UNS 2025-01-20,2025-01-20,4,175,23.046753
811,UNS 2025-01-20,2025-01-20,5,69,11.500752
811,UNS 2025-01-20,2025-01-20,6,4,8.177629
811,UNS 2025-01-20,2025-01-20,7,12,2.733475
811,UNS 2025-01-20,2025-01-20,8,34,2.777135
811,UNS 2025-01-20,2025-01-20,9,6,0.670886
811,UNS 2025-01-20,2025-01-20,10,1,0.454061
811,UNS 2025-01-20,2025-01-20,11,1,0.353618
811,UNS 2025-01-20,2025-01-20,12,2,0.344255
811,UNS 2025-01-20,2025-01-20,13,7,0.812752
812,UNS 2025-01-21,2025-01-21,1,275,26.036614
812,UNS 2025-01-21,2025-01-21,2,60,22.274278
812,UNS 2025-01-21,2025-01-21,3,4,0.817792
812,UNS 2025-01-21,2025-01-21,4,175,23.046753
812,UNS 2025-01-21,2025-01-21,5,69,11.500752
812,UNS 2025-01-21,2025-01-21,6,4,8.177629
812,UNS 2025-01-21,2025-01-21,7,12,2.733475
812,UNS 2025-01-21,2025-01-21,8,34,2.777135
812,UNS 2025-01-21,2025-01-21,9,6,0.670886
812,UNS 2025-01-21,2025-01-21,10,1,0.454061
812,UNS 2025-01-21,2025-01-21,11,1,0.353618
812,UNS 2025-01-21,2025-01-21,12,2,0.344255
812,UNS 2025-01-21,2025-01-21,13,7,0.812752
813,UNS 2025-01-22,2025-01-22,1,262,25.484367
813,UNS 2025-01-22,2025-01-22,2,66,22.711590
813,UNS 2025-01-22,2025-01-22,3,5,0.817467
813,UNS 2025-01-22,2025-01-22,4,177,22.898581
813,UNS 2025-01-22,2025-01-22,5,69,11.435960
813,UNS 2025-01-22,2025-01-22,6,4,8.400674
813,UNS 2025-01-22,2025-01-22,7,12,2.790929
813,UNS 2025-01-22,2025-01-22,8,38,2.824859
813,UNS 2025-01-22,2025-01-22,9,6,0.670886
813,UNS 2025-01-22,2025-01-22,10,1,0.454061
813,UNS 2025-01-22,2025-01-22,11,1,0.353618
813,UNS 2025-01-22,2025-01-22,12,2,0.344255
813,UNS 2025-01-22,2025-01-22,13,7,0.812752
814,UNS 2025-01-23,2025-01-23,1,262,25.484367
814,UNS 2025-01-23,2025-01-23,2,66,22.711590
814,UNS 2025-01-23,2025-01-23,3,5,0.817467
814,UNS 2025-01-23,2025-01-23,4,177,22.898581
814,UNS 2025-01-23,2025-01-23,5,69,11.435960
814,UNS 2025-01-23,2025-01-23,6,4,8.400674
814,UNS 2025-01-23,2025-01-23,7,12,2.790929
814,UNS 2025-01-23,2025-01-23,8,38,2.824859
814,UNS 2025-01-23,2025-01-23,9,6,0.670886
814,UNS 2025-01-23,2025-01-23,10,1,0.454061
814,UNS 2025-01-23,2025-01-23,11,1,0.353618
814,UNS 2025-01-23,2025-01-23,12,2,0.344255
814,UNS 2025-01-23,2025-01-23,13,7,0.812752
815,UNS 2025-01-24,2025-01-24,1,279,25.839064
815,UNS 2025-01-24,2025-01-24,2,69,23.185221
815,UNS 2025-01-24,2025-01-24,3,4,0.724563
815,UNS 2025-01-24,2025-01-24,4,173,22.599459
815,UNS 2025-01-24,2025-01-24,5,69,11.265657
815,UNS 2025-01-24,2025-01-24,6,4,8.409597
815,UNS 2025-01-24,2025-01-24,7,12,2.779227
815,UNS 2025-01-24,2025-01-24,8,23,2.561641
815,UNS 2025-01-24,2025-01-24,9,6,0.670886
815,UNS 2025-01-24,2025-01-24,10,1,0.454061
815,UNS 2025-01-24,2025-01-24,11,1,0.353618
815,UNS 2025-01-24,2025-01-24,12,2,0.344255
815,UNS 2025-01-24,2025-01-24,13,7,0.812752
816,UNS 2025-01-25,2025-01-25,1,279,25.839064
816,UNS 2025-01-25,2025-01-25,2,69,23.185221
816,UNS 2025-01-25,2025-01-25,3,4,0.724563
816,UNS 2025-01-25,2025-01-25,4,173,22.599459
816,UNS 2025-01-25,2025-01-25,5,69,11.265657
816,UNS 2025-01-25,2025-01-25,6,4,8.409597
816,UNS 2025-01-25,2025-01-25,7,12,2.779227
816,UNS 2025-01-25,2025-01-25,8,23,2.561641
816,UNS 2025-01-25,2025-01-25,9,6,0.670886
816,UNS 2025-01-25,2025-01-25,10,1,0.454061
816,UNS 2025-01-25,2025-01-25,11,1,0.353618
816,UNS 2025-01-25,2025-01-25,12,2,0.344255
816,UNS 2025-01-25,2025-01-25,13,7,0.812752
817,UNS 2025-01-26,2025-01-26,1,279,25.839064
817,UNS 2025-01-26,2025-01-26,2,69,23.185221
817,UNS 2025-01-26,2025-01-26,3,4,0.724563
817,UNS 2025-01-26,2025-01-26,4,173,22.599459
817,UNS 2025-01-26,2025-01-26,5,69,11.265657
817,UNS 2025-01-26,2025-01-26,6,4,8.409597
817,UNS 2025-01-26,2025-01-26,7,12,2.779227
817,UNS 2025-01-26,2025-01-26,8,23,2.561641
817,UNS 2025-01-26,2025-01-26,9,6,0.670886
817,UNS 2025-01-26,2025-01-26,10,1,0.454061
817,UNS 2025-01-26,2025-01-26,11,1,0.353618
817,UNS 2025-01-26,2025-01-26,12,2,0.344255
817,UNS 2025-01-26,2025-01-26,13,7,0.812752
818,UNS 2025-01-27,2025-01-27,1,280,25.936646
818,UNS 2025-01-27,2025-01-27,2,71,23.130649
818,UNS 2025-01-27,2025-01-27,3,4,0.732741
818,UNS 2025-01-27,2025-01-27,4,167,22.303030
818,UNS 2025-01-27,2025-01-27,5,69,11.442538
818,UNS 2025-01-27,2025-01-27,6,4,8.434850
818,UNS 2025-01-27,2025-01-27,7,12,2.773526
818,UNS 2025-01-27,2025-01-27,8,26,2.610450
818,UNS 2025-01-27,2025-01-27,9,6,0.670886
818,UNS 2025-01-27,2025-01-27,10,1,0.454061
818,UNS 2025-01-27,2025-01-27,11,1,0.353618
818,UNS 2025-01-27,2025-01-27,12,2,0.344255
818,UNS 2025-01-27,2025-01-27,13,7,0.812752
819,UNS 2025-01-28,2025-01-28,1,280,25.936646
819,UNS 2025-01-28,2025-01-28,2,71,23.130649
819,UNS 2025-01-28,2025-01-28,3,4,0.732741
819,UNS 2025-01-28,2025-01-28,4,167,22.303030
819,UNS 2025-01-28,2025-01-28,5,69,11.442538
819,UNS 2025-01-28,2025-01-28,6,4,8.434850
819,UNS 2025-01-28,2025-01-28,7,12,2.773526
819,UNS 2025-01-28,2025-01-28,8,26,2.610450
819,UNS 2025-01-28,2025-01-28,9,6,0.670886
819,UNS 2025-01-28,2025-01-28,10,1,0.454061
819,UNS 2025-01-28,2025-01-28,11,1,0.353618
819,UNS 2025-01-28,2025-01-28,12,2,0.344255
819,UNS 2025-01-28,2025-01-28,13,7,0.812752
820,UNS 2025-01-29,2025-01-29,1,261,25.658770
820,UNS 2025-01-29,2025-01-29,2,92,23.554145
820,UNS 2025-01-29,2025-01-29,3,4,0.750432
820,UNS 2025-01-29,2025-01-29,4,160,22.045093
820,UNS 2025-01-29,2025-01-29,5,69,11.333426
820,UNS 2025-01-29,2025-01-29,6,4,8.576554
820,UNS 2025-01-29,2025-01-29,7,12,2.805610
820,UNS 2025-01-29,2025-01-29,8,31,2.640397
820,UNS 2025-01-29,2025-01-29,9,6,0.670886
820,UNS 2025-01-29,2025-01-29,10,1,0.454061
820,UNS 2025-01-29,2025-01-29,11,1,0.353618
820,UNS 2025-01-29,2025-01-29,12,2,0.344255
820,UNS 2025-01-29,2025-01-29,13,7,0.812752
821,UNS 2025-01-30,2025-01-30,1,261,25.658770
821,UNS 2025-01-30,2025-01-30,2,92,23.554145
821,UNS 2025-01-30,2025-01-30,3,4,0.750432
821,UNS 2025-01-30,2025-01-30,4,160,22.045093
821,UNS 2025-01-30,2025-01-30,5,69,11.333426
821,UNS 2025-01-30,2025-01-30,6,4,8.576554
821,UNS 2025-01-30,2025-01-30,7,12,2.805610
821,UNS 2025-01-30,2025-01-30,8,31,2.640397
821,UNS 2025-01-30,2025-01-30,9,6,0.670886
821,UNS 2025-01-30,2025-01-30,10,1,0.454061
821,UNS 2025-01-30,2025-01-30,11,1,0.353618
821,UNS 2025-01-30,2025-01-30,12,2,0.344255
821,UNS 2025-01-30,2025-01-30,13,7,0.812752
822,UNS 2025-01-31,2025-01-31,1,261,25.658770
822,UNS 2025-01-31,2025-01-31,2,92,23.554145
822,UNS 2025-01-31,2025-01-31,3,4,0.750432
822,UNS 2025-01-31,2025-01-31,4,160,22.045093
822,UNS 2025-01-31,2025-01-31,5,69,11.333426
822,UNS 2025-01-31,2025-01-31,6,4,8.576554
822,UNS 2025-01-31,2025-01-31,7,12,2.805610
822,UNS 2025-01-31,2025-01-31,8,31,2.640397
822,UNS 2025-01-31,2025-01-31,9,6,0.670886
822,UNS 2025-01-31,2025-01-31,10,1,0.454061
822,UNS 2025-01-31,2025-01-31,11,1,0.353618
822,UNS 2025-01-31,2025-01-31,12,2,0.344255
822,UNS 2025-01-31,2025-01-31,13,7,0.812752
823,UNS 2025-02-01,2025-02-01,1,261,25.658770
823,UNS 2025-02-01,2025-02-01,2,92,23.554145
823,UNS 2025-02-01,2025-02-01,3,4,0.750432
823,UNS 2025-02-01,2025-02-01,4,160,22.045093
823,UNS 2025-02-01,2025-02-01,5,69,11.333426
823,UNS 2025-02-01,2025-02-01,6,4,8.576554
823,UNS 2025-02-01,2025-02-01,7,12,2.805610
823,UNS 2025-02-01,2025-02-01,8,31,2.640397
823,UNS 2025-02-01,2025-02-01,9,6,0.670886
823,UNS 2025-02-01,2025-02-01,10,1,0.454061
823,UNS 2025-02-01,2025-02-01,11,1,0.353618
823,UNS 2025-02-01,2025-02-01,12,2,0.344255
823,UNS 2025-02-01,2025-02-01,13,7,0.812752
824,UNS 2025-02-02,2025-02-02,1,261,25.658770
824,UNS 2025-02-02,2025-02-02,2,92,23.554145
824,UNS 2025-02-02,2025-02-02,3,4,0.750432
824,UNS 2025-02-02,2025-02-02,4,160,22.045093
824,UNS 2025-02-02,2025-02-02,5,69,11.333426
824,UNS 2025-02-02,2025-02-02,6,4,8.576554
824,UNS 2025-02-02,2025-02-02,7,12,2.805610
824,UNS 2025-02-02,2025-02-02,8,31,2.640397
824,UNS 2025-02-02,2025-02-02,9,6,0.670886
824,UNS 2025-02-02,2025-02-02,10,1,0.454061
824,UNS 2025-02-02,2025-02-02,11,1,0.353618
824,UNS 2025-02-02,2025-02-02,12,2,0.344255
824,UNS 2025-02-02,2025-02-02,13,7,0.812752
825,UNS 2025-02-03,2025-02-03,1,256,25.506436
825,UNS 2025-02-03,2025-02-03,2,98,23.664141
825,UNS 2025-02-03,2025-02-03,3,4,0.784145
825,UNS 2025-02-03,2025-02-03,4,154,21.797010
825,UNS 2025-02-03,2025-02-03,5,71,11.504481
825,UNS 2025-02-03,2025-02-03,6,4,8.588334
825,UNS 2025-02-03,2025-02-03,7,12,2.847891
825,UNS 2025-02-03,2025-02-03,8,34,2.671991
825,UNS 2025-02-03,2025-02-03,9,6,0.670886
825,UNS 2025-02-03,2025-02-03,10,1,0.454061
825,UNS 2025-02-03,2025-02-03,11,1,0.353618
825,UNS 2025-02-03,2025-02-03,12,2,0.344255
825,UNS 2025-02-03,2025-02-03,13,7,0.812752
826,UNS 2025-02-04,2025-02-04,1,256,25.506436
826,UNS 2025-02-04,2025-02-04,2,98,23.664141
826,UNS 2025-02-04,2025-02-04,3,4,0.784145
826,UNS 2025-02-04,2025-02-04,4,154,21.797010
826,UNS 2025-02-04,2025-02-04,5,71,11.504481
826,UNS 2025-02-04,2025-02-04,6,4,8.588334
826,UNS 2025-02-04,2025-02-04,7,12,2.847891
826,UNS 2025-02-04,2025-02-04,8,34,2.671991
826,UNS 2025-02-04,2025-02-04,9,6,0.670886
826,UNS 2025-02-04,2025-02-04,10,1,0.454061
826,UNS 2025-02-04,2025-02-04,11,1,0.353618
826,UNS 2025-02-04,2025-02-04,12,2,0.344255
826,UNS 2025-02-04,2025-02-04,13,7,0.812752
827,UNS 2025-02-05,2025-02-05,1,252,25.397008
827,UNS 2025-02-05,2025-02-05,2,112,24.123437
827,UNS 2025-02-05,2025-02-05,3,4,0.745811
827,UNS 2025-02-05,2025-02-05,4,144,21.310795
827,UNS 2025-02-05,2025-02-05,5,71,11.592883
827,UNS 2025-02-05,2025-02-05,6,4,8.663904
827,UNS 2025-02-05,2025-02-05,7,12,2.871505
827,UNS 2025-02-05,2025-02-05,8,34,2.659085
827,UNS 2025-02-05,2025-02-05,9,6,0.670886
827,UNS 2025-02-05,2025-02-05,10,1,0.454061
827,UNS 2025-02-05,2025-02-05,11,1,0.353618
827,UNS 2025-02-05,2025-02-05,12,2,0.344255
827,UNS 2025-02-05,2025-02-05,13,7,0.812752
828,UNS 2025-02-06,2025-02-06,1,252,25.397008
828,UNS 2025-02-06,2025-02-06,2,112,24.123437
828,UNS 2025-02-06,2025-02-06,3,4,0.745811
828,UNS 2025-02-06,2025-02-06,4,144,21.310795
828,UNS 2025-02-06,2025-02-06,5,71,11.592883
828,UNS 2025-02-06,2025-02-06,6,4,8.663904
828,UNS 2025-02-06,2025-02-06,7,12,2.871505
828,UNS 2025-02-06,2025-02-06,8,34,2.659085
828,UNS 2025-02-06,2025-02-06,9,6,0.670886
828,UNS 2025-02-06,2025-02-06,10,1,0.454061
828,UNS 2025-02-06,2025-02-06,11,1,0.353618
828,UNS 2025-02-06,2025-02-06,12,2,0.344255
828,UNS 2025-02-06,2025-02-06,13,7,0.812752
829,UNS 2025-02-07,2025-02-07,1,252,25.397008
829,UNS 2025-02-07,2025-02-07,2,112,24.123437
829,UNS 2025-02-07,2025-02-07,3,4,0.745811
829,UNS 2025-02-07,2025-02-07,4,144,21.310795
829,UNS 2025-02-07,2025-02-07,5,71,11.592883
829,UNS 2025-02-07,2025-02-07,6,4,8.663904
829,UNS 2025-02-07,2025-02-07,7,12,2.871505
829,UNS 2025-02-07,2025-02-07,8,34,2.659085
829,UNS 2025-02-07,2025-02-07,9,6,0.670886
829,UNS 2025-02-07,2025-02-07,10,1,0.454061
829,UNS 2025-02-07,2025-02-07,11,1,0.353618
829,UNS 2025-02-07,2025-02-07,12,2,0.344255
829,UNS 2025-02-07,2025-02-07,13,7,0.812752
830,UNS 2025-02-08,2025-02-08,1,252,25.397008
830,UNS 2025-02-08,2025-02-08,2,112,24.123437
830,UNS 2025-02-08,2025-02-08,3,4,0.745811
830,UNS 2025-02-08,2025-02-08,4,144,21.310795
830,UNS 2025-02-08,2025-02-08,5,71,11.592883
830,UNS 2025-02-08,2025-02-08,6,4,8.663904
830,UNS 2025-02-08,2025-02-08,7,12,2.871505
830,UNS 2025-02-08,2025-02-08,8,34,2.659085
830,UNS 2025-02-08,2025-02-08,9,6,0.670886
830,UNS 2025-02-08,2025-02-08,10,1,0.454061
830,UNS 2025-02-08,2025-02-08,11,1,0.353618
830,UNS 2025-02-08,2025-02-08,12,2,0.344255
830,UNS 2025-02-08,2025-02-08,13,7,0.812752
831,UNS 2025-02-09,2025-02-09,1,252,25.397008
831,UNS 2025-02-09,2025-02-09,2,112,24.123437
831,UNS 2025-02-09,2025-02-09,3,4,0.745811
831,UNS 2025-02-09,2025-02-09,4,144,21.310795
831,UNS 2025-02-09,2025-02-09,5,71,11.592883
831,UNS 2025-02-09,2025-02-09,6,4,8.663904
831,UNS 2025-02-09,2025-02-09,7,12,2.871505
831,UNS 2025-02-09,2025-02-09,8,34,2.659085
831,UNS 2025-02-09,2025-02-09,9,6,0.670886
831,UNS 2025-02-09,2025-02-09,10,1,0.454061
831,UNS 2025-02-09,2025-02-09,11,1,0.353618
831,UNS 2025-02-09,2025-02-09,12,2,0.344255
831,UNS 2025-02-09,2025-02-09,13,7,0.812752
832,UNS 2025-02-10,2025-02-10,1,251,25.374118
832,UNS 2025-02-10,2025-02-10,2,112,24.189727
832,UNS 2025-02-10,2025-02-10,3,5,0.807670
832,UNS 2025-02-10,2025-02-10,4,143,21.117130
832,UNS 2025-02-10,2025-02-10,5,71,11.700173
832,UNS 2025-02-10,2025-02-10,6,4,8.629221
832,UNS 2025-02-10,2025-02-10,7,12,2.819680
832,UNS 2025-02-10,2025-02-10,8,35,2.726708
832,UNS 2025-02-10,2025-02-10,9,6,0.670886
832,UNS 2025-02-10,2025-02-10,10,1,0.454061
832,UNS 2025-02-10,2025-02-10,11,1,0.353618
832,UNS 2025-02-10,2025-02-10,12,2,0.344255
832,UNS 2025-02-10,2025-02-10,13,7,0.812752
833,UNS 2025-02-11,2025-02-11,1,251,25.374118
833,UNS 2025-02-11,2025-02-11,2,112,24.189727
833,UNS 2025-02-11,2025-02-11,3,5,0.807670
833,UNS 2025-02-11,2025-02-11,4,143,21.117130
833,UNS 2025-02-11,2025-02-11,5,71,11.700173
833,UNS 2025-02-11,2025-02-11,6,4,8.629221
833,UNS 2025-02-11,2025-02-11,7,12,2.819680
833,UNS 2025-02-11,2025-02-11,8,35,2.726708
833,UNS 2025-02-11,2025-02-11,9,6,0.670886
833,UNS 2025-02-11,2025-02-11,10,1,0.454061
833,UNS 2025-02-11,2025-02-11,11,1,0.353618
833,UNS 2025-02-11,2025-02-11,12,2,0.344255
833,UNS 2025-02-11,2025-02-11,13,7,0.812752
834,UNS 2025-02-12,2025-02-12,1,251,25.374118
834,UNS 2025-02-12,2025-02-12,2,112,24.189727
834,UNS 2025-02-12,2025-02-12,3,5,0.807670
834,UNS 2025-02-12,2025-02-12,4,143,21.117130
834,UNS 2025-02-12,2025-02-12,5,71,11.700173
834,UNS 2025-02-12,2025-02-12,6,4,8.629221
834,UNS 2025-02-12,2025-02-12,7,12,2.819680
834,UNS 2025-02-12,2025-02-12,8,35,2.726708
834,UNS 2025-02-12,2025-02-12,9,6,0.670886
834,UNS 2025-02-12,2025-02-12,10,1,0.454061
834,UNS 2025-02-12,2025-02-12,11,1,0.353618
834,UNS 2025-02-12,2025-02-12,12,2,0.344255
834,UNS 2025-02-12,2025-02-12,13,7,0.812752
835,UNS 2025-02-13,2025-02-13,1,251,25.374118
835,UNS 2025-02-13,2025-02-13,2,112,24.189727
835,UNS 2025-02-13,2025-02-13,3,5,0.807670
835,UNS 2025-02-13,2025-02-13,4,143,21.117130
835,UNS 2025-02-13,2025-02-13,5,71,11.700173
835,UNS 2025-02-13,2025-02-13,6,4,8.629221
835,UNS 2025-02-13,2025-02-13,7,12,2.819680
835,UNS 2025-02-13,2025-02-13,8,35,2.726708
835,UNS 2025-02-13,2025-02-13,9,6,0.670886
835,UNS 2025-02-13,2025-02-13,10,1,0.454061
835,UNS 2025-02-13,2025-02-13,11,1,0.353618
835,UNS 2025-02-13,2025-02-13,12,2,0.344255
835,UNS 2025-02-13,2025-02-13,13,7,0.812752
836,UNS 2025-02-14,2025-02-14,1,251,25.374118
836,UNS 2025-02-14,2025-02-14,2,112,24.189727
836,UNS 2025-02-14,2025-02-14,3,5,0.807670
836,UNS 2025-02-14,2025-02-14,4,143,21.117130
836,UNS 2025-02-14,2025-02-14,5,71,11.700173
836,UNS 2025-02-14,2025-02-14,6,4,8.629221
836,UNS 2025-02-14,2025-02-14,7,12,2.819680
836,UNS 2025-02-14,2025-02-14,8,35,2.726708
836,UNS 2025-02-14,2025-02-14,9,6,0.670886
836,UNS 2025-02-14,2025-02-14,10,1,0.454061
836,UNS 2025-02-14,2025-02-14,11,1,0.353618
836,UNS 2025-02-14,2025-02-14,12,2,0.344255
836,UNS 2025-02-14,2025-02-14,13,7,0.812752
837,UNS 2025-02-15,2025-02-15,1,251,25.374118
837,UNS 2025-02-15,2025-02-15,2,112,24.189727
837,UNS 2025-02-15,2025-02-15,3,5,0.807670
837,UNS 2025-02-15,2025-02-15,4,143,21.117130
837,UNS 2025-02-15,2025-02-15,5,71,11.700173
837,UNS 2025-02-15,2025-02-15,6,4,8.629221
837,UNS 2025-02-15,2025-02-15,7,12,2.819680
837,UNS 2025-02-15,2025-02-15,8,35,2.726708
837,UNS 2025-02-15,2025-02-15,9,6,0.670886
837,UNS 2025-02-15,2025-02-15,10,1,0.454061
837,UNS 2025-02-15,2025-02-15,11,1,0.353618
837,UNS 2025-02-15,2025-02-15,12,2,0.344255
837,UNS 2025-02-15,2025-02-15,13,7,0.812752
838,UNS 2025-02-16,2025-02-16,1,251,25.374118
838,UNS 2025-02-16,2025-02-16,2,112,24.189727
838,UNS 2025-02-16,2025-02-16,3,5,0.807670
838,UNS 2025-02-16,2025-02-16,4,143,21.117130
838,UNS 2025-02-16,2025-02-16,5,71,11.700173
838,UNS 2025-02-16,2025-02-16,6,4,8.629221
838,UNS 2025-02-16,2025-02-16,7,12,2.819680
838,UNS 2025-02-16,2025-02-16,8,35,2.726708
838,UNS 2025-02-16,2025-02-16,9,6,0.670886
838,UNS 2025-02-16,2025-02-16,10,1,0.454061
838,UNS 2025-02-16,2025-02-16,11,1,0.353618
838,UNS 2025-02-16,2025-02-16,12,2,0.344255
838,UNS 2025-02-16,2025-02-16,13,7,0.812752
839,UNS 2025-02-17,2025-02-17,1,249,25.283966
839,UNS 2025-02-17,2025-02-17,2,116,24.392210
839,UNS 2025-02-17,2025-02-17,3,5,0.816898
839,UNS 2025-02-17,2025-02-17,4,141,20.915731
839,UNS 2025-02-17,2025-02-17,5,71,11.828870
839,UNS 2025-02-17,2025-02-17,6,4,8.610964
839,UNS 2025-02-17,2025-02-17,7,12,2.759305
839,UNS 2025-02-17,2025-02-17,8,35,2.756486
839,UNS 2025-02-17,2025-02-17,9,6,0.670886
839,UNS 2025-02-17,2025-02-17,10,1,0.454061
839,UNS 2025-02-17,2025-02-17,11,1,0.353618
839,UNS 2025-02-17,2025-02-17,12,2,0.344255
839,UNS 2025-02-17,2025-02-17,13,7,0.812752
840,UNS 2025-02-18,2025-02-18,1,249,25.283966
840,UNS 2025-02-18,2025-02-18,2,116,24.392210
840,UNS 2025-02-18,2025-02-18,3,5,0.816898
840,UNS 2025-02-18,2025-02-18,4,141,20.915731
840,UNS 2025-02-18,2025-02-18,5,71,11.828870
840,UNS 2025-02-18,2025-02-18,6,4,8.610964
840,UNS 2025-02-18,2025-02-18,7,12,2.759305
840,UNS 2025-02-18,2025-02-18,8,35,2.756486
840,UNS 2025-02-18,2025-02-18,9,6,0.670886
840,UNS 2025-02-18,2025-02-18,10,1,0.454061
840,UNS 2025-02-18,2025-02-18,11,1,0.353618
840,UNS 2025-02-18,2025-02-18,12,2,0.344255
840,UNS 2025-02-18,2025-02-18,13,7,0.812752
841,UNS 2025-02-19,2025-02-19,1,245,25.159091
841,UNS 2025-02-19,2025-02-19,2,132,24.699815
841,UNS 2025-02-19,2025-02-19,3,5,0.805876
841,UNS 2025-02-19,2025-02-19,4,129,20.639969
841,UNS 2025-02-19,2025-02-19,5,72,11.738678
841,UNS 2025-02-19,2025-02-19,6,4,8.785503
841,UNS 2025-02-19,2025-02-19,7,12,2.794368
841,UNS 2025-02-19,2025-02-19,8,34,2.741128
841,UNS 2025-02-19,2025-02-19,9,6,0.670886
841,UNS 2025-02-19,2025-02-19,10,1,0.454061
841,UNS 2025-02-19,2025-02-19,11,1,0.353618
841,UNS 2025-02-19,2025-02-19,12,2,0.344255
841,UNS 2025-02-19,2025-02-19,13,7,0.812752
842,UNS 2025-02-20,2025-02-20,1,245,25.159091
842,UNS 2025-02-20,2025-02-20,2,132,24.699815
842,UNS 2025-02-20,2025-02-20,3,5,0.805876
842,UNS 2025-02-20,2025-02-20,4,129,20.639969
842,UNS 2025-02-20,2025-02-20,5,72,11.738678
842,UNS 2025-02-20,2025-02-20,6,4,8.785503
842,UNS 2025-02-20,2025-02-20,7,12,2.794368
842,UNS 2025-02-20,2025-02-20,8,34,2.741128
842,UNS 2025-02-20,2025-02-20,9,6,0.670886
842,UNS 2025-02-20,2025-02-20,10,1,0.454061
842,UNS 2025-02-20,2025-02-20,11,1,0.353618
842,UNS 2025-02-20,2025-02-20,12,2,0.344255
842,UNS 2025-02-20,2025-02-20,13,7,0.812752
843,UNS 2025-02-21,2025-02-21,1,245,25.159091
843,UNS 2025-02-21,2025-02-21,2,132,24.699815
843,UNS 2025-02-21,2025-02-21,3,5,0.805876
843,UNS 2025-02-21,2025-02-21,4,129,20.639969
843,UNS 2025-02-21,2025-02-21,5,72,11.738678
843,UNS 2025-02-21,2025-02-21,6,4,8.785503
843,UNS 2025-02-21,2025-02-21,7,12,2.794368
843,UNS 2025-02-21,2025-02-21,8,34,2.741128
843,UNS 2025-02-21,2025-02-21,9,6,0.670886
843,UNS 2025-02-21,2025-02-21,10,1,0.454061
843,UNS 2025-02-21,2025-02-21,11,1,0.353618
843,UNS 2025-02-21,2025-02-21,12,2,0.344255
843,UNS 2025-02-21,2025-02-21,13,7,0.812752
844,UNS 2025-02-22,2025-02-22,1,245,25.159091
844,UNS 2025-02-22,2025-02-22,2,132,24.699815
844,UNS 2025-02-22,2025-02-22,3,5,0.805876
844,UNS 2025-02-22,2025-02-22,4,129,20.639969
844,UNS 2025-02-22,2025-02-22,5,72,11.738678
844,UNS 2025-02-22,2025-02-22,6,4,8.785503
844,UNS 2025-02-22,2025-02-22,7,12,2.794368
844,UNS 2025-02-22,2025-02-22,8,34,2.741128
844,UNS 2025-02-22,2025-02-22,9,6,0.670886
844,UNS 2025-02-22,2025-02-22,10,1,0.454061
844,UNS 2025-02-22,2025-02-22,11,1,0.353618
844,UNS 2025-02-22,2025-02-22,12,2,0.344255
844,UNS 2025-02-22,2025-02-22,13,7,0.812752
845,UNS 2025-02-23,2025-02-23,1,245,25.159091
845,UNS 2025-02-23,2025-02-23,2,132,24.699815
845,UNS 2025-02-23,2025-02-23,3,5,0.805876
845,UNS 2025-02-23,2025-02-23,4,129,20.639969
845,UNS 2025-02-23,2025-02-23,5,72,11.738678
845,UNS 2025-02-23,2025-02-23,6,4,8.785503
845,UNS 2025-02-23,2025-02-23,7,12,2.794368
845,UNS 2025-02-23,2025-02-23,8,34,2.741128
845,UNS 2025-02-23,2025-02-23,9,6,0.670886
845,UNS 2025-02-23,2025-02-23,10,1,0.454061
845,UNS 2025-02-23,2025-02-23,11,1,0.353618
845,UNS 2025-02-23,2025-02-23,12,2,0.344255
845,UNS 2025-02-23,2025-02-23,13,7,0.812752
846,UNS 2025-02-24,2025-02-24,1,237,24.999058
846,UNS 2025-02-24,2025-02-24,2,134,24.646780
846,UNS 2025-02-24,2025-02-24,3,5,0.804920
846,UNS 2025-02-24,2025-02-24,4,131,20.579207
846,UNS 2025-02-24,2025-02-24,5,72,12.022819
846,UNS 2025-02-24,2025-02-24,6,4,8.720674
846,UNS 2025-02-24,2025-02-24,7,12,2.782670
846,UNS 2025-02-24,2025-02-24,8,38,2.808301
846,UNS 2025-02-24,2025-02-24,9,6,0.670886
846,UNS 2025-02-24,2025-02-24,10,1,0.454061
846,UNS 2025-02-24,2025-02-24,11,1,0.353618
846,UNS 2025-02-24,2025-02-24,12,2,0.344255
846,UNS 2025-02-24,2025-02-24,13,7,0.812752
847,UNS 2025-02-25,2025-02-25,1,237,24.999058
847,UNS 2025-02-25,2025-02-25,2,134,24.646780
847,UNS 2025-02-25,2025-02-25,3,5,0.804920
847,UNS 2025-02-25,2025-02-25,4,131,20.579207
847,UNS 2025-02-25,2025-02-25,5,72,12.022819
847,UNS 2025-02-25,2025-02-25,6,4,8.720674
847,UNS 2025-02-25,2025-02-25,7,12,2.782670
847,UNS 2025-02-25,2025-02-25,8,38,2.808301
847,UNS 2025-02-25,2025-02-25,9,6,0.670886
847,UNS 2025-02-25,2025-02-25,10,1,0.454061
847,UNS 2025-02-25,2025-02-25,11,1,0.353618
847,UNS 2025-02-25,2025-02-25,12,2,0.344255
847,UNS 2025-02-25,2025-02-25,13,7,0.812752
848,UNS 2025-02-26,2025-02-26,1,230,24.876518
848,UNS 2025-02-26,2025-02-26,2,148,25.024897
848,UNS 2025-02-26,2025-02-26,3,4,0.768391
848,UNS 2025-02-26,2025-02-26,4,128,20.557878
848,UNS 2025-02-26,2025-02-26,5,72,11.904693
848,UNS 2025-02-26,2025-02-26,6,4,8.720893
848,UNS 2025-02-26,2025-02-26,7,12,2.719773
848,UNS 2025-02-26,2025-02-26,8,35,2.791386
848,UNS 2025-02-26,2025-02-26,9,6,0.670886
848,UNS 2025-02-26,2025-02-26,10,1,0.454061
848,UNS 2025-02-26,2025-02-26,11,1,0.353618
848,UNS 2025-02-26,2025-02-26,12,2,0.344255
848,UNS 2025-02-26,2025-02-26,13,7,0.812752
849,UNS 2025-02-27,2025-02-27,1,230,24.876518
849,UNS 2025-02-27,2025-02-27,2,148,25.024897
849,UNS 2025-02-27,2025-02-27,3,4,0.768391
849,UNS 2025-02-27,2025-02-27,4,128,20.557878
849,UNS 2025-02-27,2025-02-27,5,72,11.904693
849,UNS 2025-02-27,2025-02-27,6,4,8.720893
849,UNS 2025-02-27,2025-02-27,7,12,2.719773
849,UNS 2025-02-27,2025-02-27,8,35,2.791386
849,UNS 2025-02-27,2025-02-27,9,6,0.670886
849,UNS 2025-02-27,2025-02-27,10,1,0.454061
849,UNS 2025-02-27,2025-02-27,11,1,0.353618
849,UNS 2025-02-27,2025-02-27,12,2,0.344255
849,UNS 2025-02-27,2025-02-27,13,7,0.812752
850,UNS 2025-02-28,2025-02-28,1,230,24.876518
850,UNS 2025-02-28,2025-02-28,2,148,25.024897
850,UNS 2025-02-28,2025-02-28,3,4,0.768391
850,UNS 2025-02-28,2025-02-28,4,128,20.557878
850,UNS 2025-02-28,2025-02-28,5,72,11.904693
850,UNS 2025-02-28,2025-02-28,6,4,8.720893
850,UNS 2025-02-28,2025-02-28,7,12,2.719773
850,UNS 2025-02-28,2025-02-28,8,35,2.791386
850,UNS 2025-02-28,2025-02-28,9,6,0.670886
850,UNS 2025-02-28,2025-02-28,10,1,0.454061
850,UNS 2025-02-28,2025-02-28,11,1,0.353618
850,UNS 2025-02-28,2025-02-28,12,2,0.344255
850,UNS 2025-02-28,2025-02-28,13,7,0.812752
851,UNS 2025-03-01,2025-03-01,1,230,24.876518
851,UNS 2025-03-01,2025-03-01,2,148,25.024897
851,UNS 2025-03-01,2025-03-01,3,4,0.768391
851,UNS 2025-03-01,2025-03-01,4,128,20.557878
851,UNS 2025-03-01,2025-03-01,5,72,11.904693
851,UNS 2025-03-01,2025-03-01,6,4,8.720893
851,UNS 2025-03-01,2025-03-01,7,12,2.719773
851,UNS 2025-03-01,2025-03-01,8,35,2.791386
851,UNS 2025-03-01,2025-03-01,9,6,0.670886
851,UNS 2025-03-01,2025-03-01,10,1,0.454061
851,UNS 2025-03-01,2025-03-01,11,1,0.353618
851,UNS 2025-03-01,2025-03-01,12,2,0.344255
851,UNS 2025-03-01,2025-03-01,13,7,0.812752
852,UNS 2025-03-02,2025-03-02,1,230,24.876518
852,UNS 2025-03-02,2025-03-02,2,148,25.024897
852,UNS 2025-03-02,2025-03-02,3,4,0.768391
852,UNS 2025-03-02,2025-03-02,4,128,20.557878
852,UNS 2025-03-02,2025-03-02,5,72,11.904693
852,UNS 2025-03-02,2025-03-02,6,4,8.720893
852,UNS 2025-03-02,2025-03-02,7,12,2.719773
852,UNS 2025-03-02,2025-03-02,8,35,2.791386
852,UNS 2025-03-02,2025-03-02,9,6,0.670886
852,UNS 2025-03-02,2025-03-02,10,1,0.454061
852,UNS 2025-03-02,2025-03-02,11,1,0.353618
852,UNS 2025-03-02,2025-03-02,12,2,0.344255
852,UNS 2025-03-02,2025-03-02,13,7,0.812752
853,UNS 2025-03-03,2025-03-03,1,230,24.951815
853,UNS 2025-03-03,2025-03-03,2,150,24.984419
853,UNS 2025-03-03,2025-03-03,3,4,0.784805
853,UNS 2025-03-03,2025-03-03,4,124,20.478052
853,UNS 2025-03-03,2025-03-03,5,74,11.942461
853,UNS 2025-03-03,2025-03-03,6,4,8.714088
853,UNS 2025-03-03,2025-03-03,7,12,2.715362
853,UNS 2025-03-03,2025-03-03,8,35,2.793428
853,UNS 2025-03-03,2025-03-03,9,6,0.670886
853,UNS 2025-03-03,2025-03-03,10,1,0.454061
853,UNS 2025-03-03,2025-03-03,11,1,0.353618
853,UNS 2025-03-03,2025-03-03,12,2,0.344255
853,UNS 2025-03-03,2025-03-03,13,7,0.812752
854,UNS 2025-03-04,2025-03-04,1,230,24.951815
854,UNS 2025-03-04,2025-03-04,2,150,24.984419
854,UNS 2025-03-04,2025-03-04,3,4,0.784805
854,UNS 2025-03-04,2025-03-04,4,124,20.478052
854,UNS 2025-03-04,2025-03-04,5,74,11.942461
854,UNS 2025-03-04,2025-03-04,6,4,8.714088
854,UNS 2025-03-04,2025-03-04,7,12,2.715362
854,UNS 2025-03-04,2025-03-04,8,35,2.793428
854,UNS 2025-03-04,2025-03-04,9,6,0.670886
854,UNS 2025-03-04,2025-03-04,10,1,0.454061
854,UNS 2025-03-04,2025-03-04,11,1,0.353618
854,UNS 2025-03-04,2025-03-04,12,2,0.344255
854,UNS 2025-03-04,2025-03-04,13,7,0.812752
855,UNS 2025-03-05,2025-03-05,1,229,24.876543
855,UNS 2025-03-05,2025-03-05,2,158,25.063028
855,UNS 2025-03-05,2025-03-05,3,5,0.789426
855,UNS 2025-03-05,2025-03-05,4,118,20.455993
855,UNS 2025-03-05,2025-03-05,5,73,11.907257
855,UNS 2025-03-05,2025-03-05,6,4,8.789191
855,UNS 2025-03-05,2025-03-05,7,12,2.699712
855,UNS 2025-03-05,2025-03-05,8,34,2.783278
855,UNS 2025-03-05,2025-03-05,9,6,0.670886
855,UNS 2025-03-05,2025-03-05,10,1,0.454061
855,UNS 2025-03-05,2025-03-05,11,1,0.353618
855,UNS 2025-03-05,2025-03-05,12,2,0.344255
855,UNS 2025-03-05,2025-03-05,13,7,0.812752
856,UNS 2025-03-06,2025-03-06,1,229,24.876543
856,UNS 2025-03-06,2025-03-06,2,158,25.063028
856,UNS 2025-03-06,2025-03-06,3,5,0.789426
856,UNS 2025-03-06,2025-03-06,4,118,20.455993
856,UNS 2025-03-06,2025-03-06,5,73,11.907257
856,UNS 2025-03-06,2025-03-06,6,4,8.789191
856,UNS 2025-03-06,2025-03-06,7,12,2.699712
856,UNS 2025-03-06,2025-03-06,8,34,2.783278
856,UNS 2025-03-06,2025-03-06,9,6,0.670886
856,UNS 2025-03-06,2025-03-06,10,1,0.454061
856,UNS 2025-03-06,2025-03-06,11,1,0.353618
856,UNS 2025-03-06,2025-03-06,12,2,0.344255
856,UNS 2025-03-06,2025-03-06,13,7,0.812752
857,UNS 2025-03-07,2025-03-07,1,229,24.876543
857,UNS 2025-03-07,2025-03-07,2,158,25.063028
857,UNS 2025-03-07,2025-03-07,3,5,0.789426
857,UNS 2025-03-07,2025-03-07,4,118,20.455993
857,UNS 2025-03-07,2025-03-07,5,73,11.907257
857,UNS 2025-03-07,2025-03-07,6,4,8.789191
857,UNS 2025-03-07,2025-03-07,7,12,2.699712
857,UNS 2025-03-07,2025-03-07,8,34,2.783278
857,UNS 2025-03-07,2025-03-07,9,6,0.670886
857,UNS 2025-03-07,2025-03-07,10,1,0.454061
857,UNS 2025-03-07,2025-03-07,11,1,0.353618
857,UNS 2025-03-07,2025-03-07,12,2,0.344255
857,UNS 2025-03-07,2025-03-07,13,7,0.812752
858,UNS 2025-03-08,2025-03-08,1,229,24.876543
858,UNS 2025-03-08,2025-03-08,2,158,25.063028
858,UNS 2025-03-08,2025-03-08,3,5,0.789426
858,UNS 2025-03-08,2025-03-08,4,118,20.455993
858,UNS 2025-03-08,2025-03-08,5,73,11.907257
858,UNS 2025-03-08,2025-03-08,6,4,8.789191
858,UNS 2025-03-08,2025-03-08,7,12,2.699712
858,UNS 2025-03-08,2025-03-08,8,34,2.783278
858,UNS 2025-03-08,2025-03-08,9,6,0.670886
858,UNS 2025-03-08,2025-03-08,10,1,0.454061
858,UNS 2025-03-08,2025-03-08,11,1,0.353618
858,UNS 2025-03-08,2025-03-08,12,2,0.344255
858,UNS 2025-03-08,2025-03-08,13,7,0.812752
859,UNS 2025-03-09,2025-03-09,1,229,24.876543
859,UNS 2025-03-09,2025-03-09,2,158,25.063028
859,UNS 2025-03-09,2025-03-09,3,5,0.789426
859,UNS 2025-03-09,2025-03-09,4,118,20.455993
859,UNS 2025-03-09,2025-03-09,5,73,11.907257
859,UNS 2025-03-09,2025-03-09,6,4,8.789191
859,UNS 2025-03-09,2025-03-09,7,12,2.699712
859,UNS 2025-03-09,2025-03-09,8,34,2.783278
859,UNS 2025-03-09,2025-03-09,9,6,0.670886
859,UNS 2025-03-09,2025-03-09,10,1,0.454061
859,UNS 2025-03-09,2025-03-09,11,1,0.353618
859,UNS 2025-03-09,2025-03-09,12,2,0.344255
859,UNS 2025-03-09,2025-03-09,13,7,0.812752
860,UNS 2025-03-10,2025-03-10,1,232,24.807023
860,UNS 2025-03-10,2025-03-10,2,154,24.816041
860,UNS 2025-03-10,2025-03-10,3,5,0.797029
860,UNS 2025-03-10,2025-03-10,4,121,20.591637
860,UNS 2025-03-10,2025-03-10,5,73,12.172258
860,UNS 2025-03-10,2025-03-10,6,4,8.688348
860,UNS 2025-03-10,2025-03-10,7,12,2.761561
860,UNS 2025-03-10,2025-03-10,8,32,2.730531
860,UNS 2025-03-10,2025-03-10,9,6,0.670886
860,UNS 2025-03-10,2025-03-10,10,1,0.454061
860,UNS 2025-03-10,2025-03-10,11,1,0.353618
860,UNS 2025-03-10,2025-03-10,12,2,0.344255
860,UNS 2025-03-10,2025-03-10,13,7,0.812752
861,UNS 2025-03-11,2025-03-11,1,232,24.807023
861,UNS 2025-03-11,2025-03-11,2,154,24.816041
861,UNS 2025-03-11,2025-03-11,3,5,0.797029
861,UNS 2025-03-11,2025-03-11,4,121,20.591637
861,UNS 2025-03-11,2025-03-11,5,73,12.172258
861,UNS 2025-03-11,2025-03-11,6,4,8.688348
861,UNS 2025-03-11,2025-03-11,7,12,2.761561
861,UNS 2025-03-11,2025-03-11,8,32,2.730531
861,UNS 2025-03-11,2025-03-11,9,6,0.670886
861,UNS 2025-03-11,2025-03-11,10,1,0.454061
861,UNS 2025-03-11,2025-03-11,11,1,0.353618
861,UNS 2025-03-11,2025-03-11,12,2,0.344255
861,UNS 2025-03-11,2025-03-11,13,7,0.812752
862,UNS 2025-03-12,2025-03-12,1,229,24.729017
862,UNS 2025-03-12,2025-03-12,2,155,24.917681
862,UNS 2025-03-12,2025-03-12,3,5,0.814311
862,UNS 2025-03-12,2025-03-12,4,121,20.515264
862,UNS 2025-03-12,2025-03-12,5,73,12.052519
862,UNS 2025-03-12,2025-03-12,6,4,8.809337
862,UNS 2025-03-12,2025-03-12,7,12,2.785499
862,UNS 2025-03-12,2025-03-12,8,34,2.740800
862,UNS 2025-03-12,2025-03-12,9,6,0.670886
862,UNS 2025-03-12,2025-03-12,10,1,0.454061
862,UNS 2025-03-12,2025-03-12,11,1,0.353618
862,UNS 2025-03-12,2025-03-12,12,2,0.344255
862,UNS 2025-03-12,2025-03-12,13,7,0.812752
863,UNS 2025-03-13,2025-03-13,1,229,24.729017
863,UNS 2025-03-13,2025-03-13,2,155,24.917681
863,UNS 2025-03-13,2025-03-13,3,5,0.814311
863,UNS 2025-03-13,2025-03-13,4,121,20.515264
863,UNS 2025-03-13,2025-03-13,5,73,12.052519
863,UNS 2025-03-13,2025-03-13,6,4,8.809337
863,UNS 2025-03-13,2025-03-13,7,12,2.785499
863,UNS 2025-03-13,2025-03-13,8,34,2.740800
863,UNS 2025-03-13,2025-03-13,9,6,0.670886
863,UNS 2025-03-13,2025-03-13,10,1,0.454061
863,UNS 2025-03-13,2025-03-13,11,1,0.353618
863,UNS 2025-03-13,2025-03-13,12,2,0.344255
863,UNS 2025-03-13,2025-03-13,13,7,0.812752
864,UNS 2025-03-14,2025-03-14,1,229,24.729017
864,UNS 2025-03-14,2025-03-14,2,155,24.917681
864,UNS 2025-03-14,2025-03-14,3,5,0.814311
864,UNS 2025-03-14,2025-03-14,4,121,20.515264
864,UNS 2025-03-14,2025-03-14,5,73,12.052519
864,UNS 2025-03-14,2025-03-14,6,4,8.809337
864,UNS 2025-03-14,2025-03-14,7,12,2.785499
864,UNS 2025-03-14,2025-03-14,8,34,2.740800
864,UNS 2025-03-14,2025-03-14,9,6,0.670886
864,UNS 2025-03-14,2025-03-14,10,1,0.454061
864,UNS 2025-03-14,2025-03-14,11,1,0.353618
864,UNS 2025-03-14,2025-03-14,12,2,0.344255
864,UNS 2025-03-14,2025-03-14,13,7,0.812752
865,UNS 2025-03-15,2025-03-15,1,229,24.729017
865,UNS 2025-03-15,2025-03-15,2,155,24.917681
865,UNS 2025-03-15,2025-03-15,3,5,0.814311
865,UNS 2025-03-15,2025-03-15,4,121,20.515264
865,UNS 2025-03-15,2025-03-15,5,73,12.052519
865,UNS 2025-03-15,2025-03-15,6,4,8.809337
865,UNS 2025-03-15,2025-03-15,7,12,2.785499
865,UNS 2025-03-15,2025-03-15,8,34,2.740800
865,UNS 2025-03-15,2025-03-15,9,6,0.670886
865,UNS 2025-03-15,2025-03-15,10,1,0.454061
865,UNS 2025-03-15,2025-03-15,11,1,0.353618
865,UNS 2025-03-15,2025-03-15,12,2,0.344255
865,UNS 2025-03-15,2025-03-15,13,7,0.812752
866,UNS 2025-03-16,2025-03-16,1,229,24.729017
866,UNS 2025-03-16,2025-03-16,2,155,24.917681
866,UNS 2025-03-16,2025-03-16,3,5,0.814311
866,UNS 2025-03-16,2025-03-16,4,121,20.515264
866,UNS 2025-03-16,2025-03-16,5,73,12.052519
866,UNS 2025-03-16,2025-03-16,6,4,8.809337
866,UNS 2025-03-16,2025-03-16,7,12,2.785499
866,UNS 2025-03-16,2025-03-16,8,34,2.740800
866,UNS 2025-03-16,2025-03-16,9,6,0.670886
866,UNS 2025-03-16,2025-03-16,10,1,0.454061
866,UNS 2025-03-16,2025-03-16,11,1,0.353618
866,UNS 2025-03-16,2025-03-16,12,2,0.344255
866,UNS 2025-03-16,2025-03-16,13,7,0.812752
867,UNS 2025-03-17,2025-03-17,1,231,24.821410
867,UNS 2025-03-17,2025-03-17,2,156,24.819420
867,UNS 2025-03-17,2025-03-17,3,5,0.817196
867,UNS 2025-03-17,2025-03-17,4,119,20.458606
867,UNS 2025-03-17,2025-03-17,5,73,12.100235
867,UNS 2025-03-17,2025-03-17,6,4,8.828812
867,UNS 2025-03-17,2025-03-17,7,12,2.787544
867,UNS 2025-03-17,2025-03-17,8,33,2.731206
867,UNS 2025-03-17,2025-03-17,9,6,0.670886
867,UNS 2025-03-17,2025-03-17,10,1,0.454061
867,UNS 2025-03-17,2025-03-17,11,1,0.353618
867,UNS 2025-03-17,2025-03-17,12,2,0.344255
867,UNS 2025-03-17,2025-03-17,13,7,0.812752
868,UNS 2025-03-18,2025-03-18,1,231,24.821410
868,UNS 2025-03-18,2025-03-18,2,156,24.819420
868,UNS 2025-03-18,2025-03-18,3,5,0.817196
868,UNS 2025-03-18,2025-03-18,4,119,20.458606
868,UNS 2025-03-18,2025-03-18,5,73,12.100235
868,UNS 2025-03-18,2025-03-18,6,4,8.828812
868,UNS 2025-03-18,2025-03-18,7,12,2.787544
868,UNS 2025-03-18,2025-03-18,8,33,2.731206
868,UNS 2025-03-18,2025-03-18,9,6,0.670886
868,UNS 2025-03-18,2025-03-18,10,1,0.454061
868,UNS 2025-03-18,2025-03-18,11,1,0.353618
868,UNS 2025-03-18,2025-03-18,12,2,0.344255
868,UNS 2025-03-18,2025-03-18,13,7,0.812752
869,UNS 2025-03-19,2025-03-19,1,226,24.572588
869,UNS 2025-03-19,2025-03-19,2,158,24.970435
869,UNS 2025-03-19,2025-03-19,3,5,0.808767
869,UNS 2025-03-19,2025-03-19,4,120,20.432092
869,UNS 2025-03-19,2025-03-19,5,74,12.130679
869,UNS 2025-03-19,2025-03-19,6,4,8.946446
869,UNS 2025-03-19,2025-03-19,7,12,2.797574
869,UNS 2025-03-19,2025-03-19,8,34,2.705848
869,UNS 2025-03-19,2025-03-19,9,6,0.670886
869,UNS 2025-03-19,2025-03-19,10,1,0.454061
869,UNS 2025-03-19,2025-03-19,11,1,0.353618
869,UNS 2025-03-19,2025-03-19,12,2,0.344255
869,UNS 2025-03-19,2025-03-19,13,7,0.812752
870,UNS 2025-03-20,2025-03-20,1,226,24.572588
870,UNS 2025-03-20,2025-03-20,2,158,24.970435
870,UNS 2025-03-20,2025-03-20,3,5,0.808767
870,UNS 2025-03-20,2025-03-20,4,120,20.432092
870,UNS 2025-03-20,2025-03-20,5,74,12.130679
870,UNS 2025-03-20,2025-03-20,6,4,8.946446
870,UNS 2025-03-20,2025-03-20,7,12,2.797574
870,UNS 2025-03-20,2025-03-20,8,34,2.705848
870,UNS 2025-03-20,2025-03-20,9,6,0.670886
870,UNS 2025-03-20,2025-03-20,10,1,0.454061
870,UNS 2025-03-20,2025-03-20,11,1,0.353618
870,UNS 2025-03-20,2025-03-20,12,2,0.344255
870,UNS 2025-03-20,2025-03-20,13,7,0.812752
871,UNS 2025-03-21,2025-03-21,1,226,24.572588
871,UNS 2025-03-21,2025-03-21,2,158,24.970435
871,UNS 2025-03-21,2025-03-21,3,5,0.808767
871,UNS 2025-03-21,2025-03-21,4,120,20.432092
871,UNS 2025-03-21,2025-03-21,5,74,12.130679
871,UNS 2025-03-21,2025-03-21,6,4,8.946446
871,UNS 2025-03-21,2025-03-21,7,12,2.797574
871,UNS 2025-03-21,2025-03-21,8,34,2.705848
871,UNS 2025-03-21,2025-03-21,9,6,0.670886
871,UNS 2025-03-21,2025-03-21,10,1,0.454061
871,UNS 2025-03-21,2025-03-21,11,1,0.353618
871,UNS 2025-03-21,2025-03-21,12,2,0.344255
871,UNS 2025-03-21,2025-03-21,13,7,0.812752
872,UNS 2025-03-22,2025-03-22,1,226,24.572588
872,UNS 2025-03-22,2025-03-22,2,158,24.970435
872,UNS 2025-03-22,2025-03-22,3,5,0.808767
872,UNS 2025-03-22,2025-03-22,4,120,20.432092
872,UNS 2025-03-22,2025-03-22,5,74,12.130679
872,UNS 2025-03-22,2025-03-22,6,4,8.946446
872,UNS 2025-03-22,2025-03-22,7,12,2.797574
872,UNS 2025-03-22,2025-03-22,8,34,2.705848
872,UNS 2025-03-22,2025-03-22,9,6,0.670886
872,UNS 2025-03-22,2025-03-22,10,1,0.454061
872,UNS 2025-03-22,2025-03-22,11,1,0.353618
872,UNS 2025-03-22,2025-03-22,12,2,0.344255
872,UNS 2025-03-22,2025-03-22,13,7,0.812752
873,UNS 2025-03-23,2025-03-23,1,226,24.572588
873,UNS 2025-03-23,2025-03-23,2,158,24.970435
873,UNS 2025-03-23,2025-03-23,3,5,0.808767
873,UNS 2025-03-23,2025-03-23,4,120,20.432092
873,UNS 2025-03-23,2025-03-23,5,74,12.130679
873,UNS 2025-03-23,2025-03-23,6,4,8.946446
873,UNS 2025-03-23,2025-03-23,7,12,2.797574
873,UNS 2025-03-23,2025-03-23,8,34,2.705848
873,UNS 2025-03-23,2025-03-23,9,6,0.670886
873,UNS 2025-03-23,2025-03-23,10,1,0.454061
873,UNS 2025-03-23,2025-03-23,11,1,0.353618
873,UNS 2025-03-23,2025-03-23,12,2,0.344255
873,UNS 2025-03-23,2025-03-23,13,7,0.812752
874,UNS 2025-03-24,2025-03-24,1,225,24.428742
874,UNS 2025-03-24,2025-03-24,2,154,24.732641
874,UNS 2025-03-24,2025-03-24,3,5,0.839268
874,UNS 2025-03-24,2025-03-24,4,125,20.426097
874,UNS 2025-03-24,2025-03-24,5,74,12.342844
874,UNS 2025-03-24,2025-03-24,6,4,9.048384
874,UNS 2025-03-24,2025-03-24,7,12,2.835818
874,UNS 2025-03-24,2025-03-24,8,34,2.710634
874,UNS 2025-03-24,2025-03-24,9,6,0.670886
874,UNS 2025-03-24,2025-03-24,10,1,0.454061
874,UNS 2025-03-24,2025-03-24,11,1,0.353618
874,UNS 2025-03-24,2025-03-24,12,2,0.344255
874,UNS 2025-03-24,2025-03-24,13,7,0.812752
875,UNS 2025-03-25,2025-03-25,1,225,24.428742
875,UNS 2025-03-25,2025-03-25,2,154,24.732641
875,UNS 2025-03-25,2025-03-25,3,5,0.839268
875,UNS 2025-03-25,2025-03-25,4,125,20.426097
875,UNS 2025-03-25,2025-03-25,5,74,12.342844
875,UNS 2025-03-25,2025-03-25,6,4,9.048384
875,UNS 2025-03-25,2025-03-25,7,12,2.835818
875,UNS 2025-03-25,2025-03-25,8,34,2.710634
875,UNS 2025-03-25,2025-03-25,9,6,0.670886
875,UNS 2025-03-25,2025-03-25,10,1,0.454061
875,UNS 2025-03-25,2025-03-25,11,1,0.353618
875,UNS 2025-03-25,2025-03-25,12,2,0.344255
875,UNS 2025-03-25,2025-03-25,13,7,0.812752
876,UNS 2025-03-26,2025-03-26,1,220,24.123472
876,UNS 2025-03-26,2025-03-26,2,164,25.178906
876,UNS 2025-03-26,2025-03-26,3,5,0.815599
876,UNS 2025-03-26,2025-03-26,4,118,20.259221
876,UNS 2025-03-26,2025-03-26,5,75,12.272208
876,UNS 2025-03-26,2025-03-26,6,4,9.124164
876,UNS 2025-03-26,2025-03-26,7,13,2.906935
876,UNS 2025-03-26,2025-03-26,8,34,2.683923
876,UNS 2025-03-26,2025-03-26,9,6,0.670886
876,UNS 2025-03-26,2025-03-26,10,1,0.454061
876,UNS 2025-03-26,2025-03-26,11,1,0.353618
876,UNS 2025-03-26,2025-03-26,12,2,0.344255
876,UNS 2025-03-26,2025-03-26,13,7,0.812752
877,UNS 2025-03-27,2025-03-27,1,220,24.185428
877,UNS 2025-03-27,2025-03-27,2,159,24.958254
877,UNS 2025-03-27,2025-03-27,3,5,0.800264
877,UNS 2025-03-27,2025-03-27,4,122,20.437655
877,UNS 2025-03-27,2025-03-27,5,76,12.347367
877,UNS 2025-03-27,2025-03-27,6,4,9.054933
877,UNS 2025-03-27,2025-03-27,7,12,2.862782
877,UNS 2025-03-27,2025-03-27,8,35,2.717744
877,UNS 2025-03-27,2025-03-27,9,6,0.670886
877,UNS 2025-03-27,2025-03-27,10,1,0.454061
877,UNS 2025-03-27,2025-03-27,11,1,0.353618
877,UNS 2025-03-27,2025-03-27,12,2,0.344255
877,UNS 2025-03-27,2025-03-27,13,7,0.812752
878,UNS 2025-03-28,2025-03-28,1,220,24.185428
878,UNS 2025-03-28,2025-03-28,2,159,24.958254
878,UNS 2025-03-28,2025-03-28,3,5,0.800264
878,UNS 2025-03-28,2025-03-28,4,122,20.437655
878,UNS 2025-03-28,2025-03-28,5,76,12.347367
878,UNS 2025-03-28,2025-03-28,6,4,9.054933
878,UNS 2025-03-28,2025-03-28,7,12,2.862782
878,UNS 2025-03-28,2025-03-28,8,35,2.717744
878,UNS 2025-03-28,2025-03-28,9,6,0.670886
878,UNS 2025-03-28,2025-03-28,10,1,0.454061
878,UNS 2025-03-28,2025-03-28,11,1,0.353618
878,UNS 2025-03-28,2025-03-28,12,2,0.344255
878,UNS 2025-03-28,2025-03-28,13,7,0.812752
879,UNS 2025-03-29,2025-03-29,1,220,24.185428
879,UNS 2025-03-29,2025-03-29,2,159,24.958254
879,UNS 2025-03-29,2025-03-29,3,5,0.800264
879,UNS 2025-03-29,2025-03-29,4,122,20.437655
879,UNS 2025-03-29,2025-03-29,5,76,12.347367
879,UNS 2025-03-29,2025-03-29,6,4,9.054933
879,UNS 2025-03-29,2025-03-29,7,12,2.862782
879,UNS 2025-03-29,2025-03-29,8,35,2.717744
879,UNS 2025-03-29,2025-03-29,9,6,0.670886
879,UNS 2025-03-29,2025-03-29,10,1,0.454061
879,UNS 2025-03-29,2025-03-29,11,1,0.353618
879,UNS 2025-03-29,2025-03-29,12,2,0.344255
879,UNS 2025-03-29,2025-03-29,13,7,0.812752
880,UNS 2025-03-30,2025-03-30,1,220,24.185428
880,UNS 2025-03-30,2025-03-30,2,159,24.958254
880,UNS 2025-03-30,2025-03-30,3,5,0.800264
880,UNS 2025-03-30,2025-03-30,4,122,20.437655
880,UNS 2025-03-30,2025-03-30,5,76,12.347367
880,UNS 2025-03-30,2025-03-30,6,4,9.054933
880,UNS 2025-03-30,2025-03-30,7,12,2.862782
880,UNS 2025-03-30,2025-03-30,8,35,2.717744
880,UNS 2025-03-30,2025-03-30,9,6,0.670886
880,UNS 2025-03-30,2025-03-30,10,1,0.454061
880,UNS 2025-03-30,2025-03-30,11,1,0.353618
880,UNS 2025-03-30,2025-03-30,12,2,0.344255
880,UNS 2025-03-30,2025-03-30,13,7,0.812752
881,UNS 2025-03-31,2025-03-31,1,219,24.002975
881,UNS 2025-03-31,2025-03-31,2,150,24.803745
881,UNS 2025-03-31,2025-03-31,3,5,0.809416
881,UNS 2025-03-31,2025-03-31,4,136,20.718329
881,UNS 2025-03-31,2025-03-31,5,73,12.367163
881,UNS 2025-03-31,2025-03-31,6,4,9.031288
881,UNS 2025-03-31,2025-03-31,7,12,2.967286
881,UNS 2025-03-31,2025-03-31,8,34,2.664226
881,UNS 2025-03-31,2025-03-31,9,6,0.670886
881,UNS 2025-03-31,2025-03-31,10,1,0.454061
881,UNS 2025-03-31,2025-03-31,11,1,0.353618
881,UNS 2025-03-31,2025-03-31,12,2,0.344255
881,UNS 2025-03-31,2025-03-31,13,7,0.812752
882,UNS 2025-04-01,2025-04-01,1,219,24.002975
882,UNS 2025-04-01,2025-04-01,2,150,24.803745
882,UNS 2025-04-01,2025-04-01,3,5,0.809416
882,UNS 2025-04-01,2025-04-01,4,136,20.718329
882,UNS 2025-04-01,2025-04-01,5,73,12.367163
882,UNS 2025-04-01,2025-04-01,6,4,9.031288
882,UNS 2025-04-01,2025-04-01,7,12,2.967286
882,UNS 2025-04-01,2025-04-01,8,34,2.664226
882,UNS 2025-04-01,2025-04-01,9,6,0.670886
882,UNS 2025-04-01,2025-04-01,10,1,0.454061
882,UNS 2025-04-01,2025-04-01,11,1,0.353618
882,UNS 2025-04-01,2025-04-01,12,2,0.344255
882,UNS 2025-04-01,2025-04-01,13,7,0.812752
883,UNS 2025-04-02,2025-04-02,1,214,23.841195
883,UNS 2025-04-02,2025-04-02,2,161,24.954184
883,UNS 2025-04-02,2025-04-02,3,5,0.814387
883,UNS 2025-04-02,2025-04-02,4,129,20.586276
883,UNS 2025-04-02,2025-04-02,5,74,12.355892
883,UNS 2025-04-02,2025-04-02,6,4,9.114890
883,UNS 2025-04-02,2025-04-02,7,12,2.990328
883,UNS 2025-04-02,2025-04-02,8,34,2.707276
883,UNS 2025-04-02,2025-04-02,9,6,0.670886
883,UNS 2025-04-02,2025-04-02,10,1,0.454061
883,UNS 2025-04-02,2025-04-02,11,1,0.353618
883,UNS 2025-04-02,2025-04-02,12,2,0.344255
883,UNS 2025-04-02,2025-04-02,13,7,0.812752
884,UNS 2025-04-03,2025-04-03,1,214,23.841195
884,UNS 2025-04-03,2025-04-03,2,161,24.954184
884,UNS 2025-04-03,2025-04-03,3,5,0.814387
884,UNS 2025-04-03,2025-04-03,4,129,20.586276
884,UNS 2025-04-03,2025-04-03,5,74,12.355892
884,UNS 2025-04-03,2025-04-03,6,4,9.114890
884,UNS 2025-04-03,2025-04-03,7,12,2.990328
884,UNS 2025-04-03,2025-04-03,8,34,2.707276
884,UNS 2025-04-03,2025-04-03,9,6,0.670886
884,UNS 2025-04-03,2025-04-03,10,1,0.454061
884,UNS 2025-04-03,2025-04-03,11,1,0.353618
884,UNS 2025-04-03,2025-04-03,12,2,0.344255
884,UNS 2025-04-03,2025-04-03,13,7,0.812752
885,UNS 2025-04-04,2025-04-04,1,214,23.841195
885,UNS 2025-04-04,2025-04-04,2,161,24.954184
885,UNS 2025-04-04,2025-04-04,3,5,0.814387
885,UNS 2025-04-04,2025-04-04,4,129,20.586276
885,UNS 2025-04-04,2025-04-04,5,74,12.355892
885,UNS 2025-04-04,2025-04-04,6,4,9.114890
885,UNS 2025-04-04,2025-04-04,7,12,2.990328
885,UNS 2025-04-04,2025-04-04,8,34,2.707276
885,UNS 2025-04-04,2025-04-04,9,6,0.670886
885,UNS 2025-04-04,2025-04-04,10,1,0.454061
885,UNS 2025-04-04,2025-04-04,11,1,0.353618
885,UNS 2025-04-04,2025-04-04,12,2,0.344255
885,UNS 2025-04-04,2025-04-04,13,7,0.812752
886,UNS 2025-04-05,2025-04-05,1,214,23.841195
886,UNS 2025-04-05,2025-04-05,2,161,24.954184
886,UNS 2025-04-05,2025-04-05,3,5,0.814387
886,UNS 2025-04-05,2025-04-05,4,129,20.586276
886,UNS 2025-04-05,2025-04-05,5,74,12.355892
886,UNS 2025-04-05,2025-04-05,6,4,9.114890
886,UNS 2025-04-05,2025-04-05,7,12,2.990328
886,UNS 2025-04-05,2025-04-05,8,34,2.707276
886,UNS 2025-04-05,2025-04-05,9,6,0.670886
886,UNS 2025-04-05,2025-04-05,10,1,0.454061
886,UNS 2025-04-05,2025-04-05,11,1,0.353618
886,UNS 2025-04-05,2025-04-05,12,2,0.344255
886,UNS 2025-04-05,2025-04-05,13,7,0.812752
887,UNS 2025-04-06,2025-04-06,1,214,23.841195
887,UNS 2025-04-06,2025-04-06,2,161,24.954184
887,UNS 2025-04-06,2025-04-06,3,5,0.814387
887,UNS 2025-04-06,2025-04-06,4,129,20.586276
887,UNS 2025-04-06,2025-04-06,5,74,12.355892
887,UNS 2025-04-06,2025-04-06,6,4,9.114890
887,UNS 2025-04-06,2025-04-06,7,12,2.990328
887,UNS 2025-04-06,2025-04-06,8,34,2.707276
887,UNS 2025-04-06,2025-04-06,9,6,0.670886
887,UNS 2025-04-06,2025-04-06,10,1,0.454061
887,UNS 2025-04-06,2025-04-06,11,1,0.353618
887,UNS 2025-04-06,2025-04-06,12,2,0.344255
887,UNS 2025-04-06,2025-04-06,13,7,0.812752
888,UNS 2025-04-07,2025-04-07,1,215,23.824859
888,UNS 2025-04-07,2025-04-07,2,157,24.748080
888,UNS 2025-04-07,2025-04-07,3,5,0.805509
888,UNS 2025-04-07,2025-04-07,4,132,20.630986
888,UNS 2025-04-07,2025-04-07,5,74,12.768900
888,UNS 2025-04-07,2025-04-07,6,4,8.966466
888,UNS 2025-04-07,2025-04-07,7,12,2.958370
888,UNS 2025-04-07,2025-04-07,8,34,2.661257
888,UNS 2025-04-07,2025-04-07,9,6,0.670886
888,UNS 2025-04-07,2025-04-07,10,1,0.454061
888,UNS 2025-04-07,2025-04-07,11,1,0.353618
888,UNS 2025-04-07,2025-04-07,12,2,0.344255
888,UNS 2025-04-07,2025-04-07,13,7,0.812752
889,UNS 2025-04-08,2025-04-08,1,215,23.824859
889,UNS 2025-04-08,2025-04-08,2,157,24.748080
889,UNS 2025-04-08,2025-04-08,3,5,0.805509
889,UNS 2025-04-08,2025-04-08,4,132,20.630986
889,UNS 2025-04-08,2025-04-08,5,74,12.768900
889,UNS 2025-04-08,2025-04-08,6,4,8.966466
889,UNS 2025-04-08,2025-04-08,7,12,2.958370
889,UNS 2025-04-08,2025-04-08,8,34,2.661257
889,UNS 2025-04-08,2025-04-08,9,6,0.670886
889,UNS 2025-04-08,2025-04-08,10,1,0.454061
889,UNS 2025-04-08,2025-04-08,11,1,0.353618
889,UNS 2025-04-08,2025-04-08,12,2,0.344255
889,UNS 2025-04-08,2025-04-08,13,7,0.812752
890,UNS 2025-04-09,2025-04-09,1,213,23.703560
890,UNS 2025-04-09,2025-04-09,2,163,24.831073
890,UNS 2025-04-09,2025-04-09,3,5,0.819981
890,UNS 2025-04-09,2025-04-09,4,128,20.566800
890,UNS 2025-04-09,2025-04-09,5,74,12.772231
890,UNS 2025-04-09,2025-04-09,6,4,9.057293
890,UNS 2025-04-09,2025-04-09,7,12,2.978027
890,UNS 2025-04-09,2025-04-09,8,34,2.635463
890,UNS 2025-04-09,2025-04-09,9,6,0.670886
890,UNS 2025-04-09,2025-04-09,10,1,0.454061
890,UNS 2025-04-09,2025-04-09,11,1,0.353618
890,UNS 2025-04-09,2025-04-09,12,2,0.344255
890,UNS 2025-04-09,2025-04-09,13,7,0.812752
891,UNS 2025-04-10,2025-04-10,1,213,23.703560
891,UNS 2025-04-10,2025-04-10,2,163,24.831073
891,UNS 2025-04-10,2025-04-10,3,5,0.819981
891,UNS 2025-04-10,2025-04-10,4,128,20.566800
891,UNS 2025-04-10,2025-04-10,5,74,12.772231
891,UNS 2025-04-10,2025-04-10,6,4,9.057293
891,UNS 2025-04-10,2025-04-10,7,12,2.978027
891,UNS 2025-04-10,2025-04-10,8,34,2.635463
891,UNS 2025-04-10,2025-04-10,9,6,0.670886
891,UNS 2025-04-10,2025-04-10,10,1,0.454061
891,UNS 2025-04-10,2025-04-10,11,1,0.353618
891,UNS 2025-04-10,2025-04-10,12,2,0.344255
891,UNS 2025-04-10,2025-04-10,13,7,0.812752
892,UNS 2025-04-11,2025-04-11,1,213,23.703560
892,UNS 2025-04-11,2025-04-11,2,163,24.831073
892,UNS 2025-04-11,2025-04-11,3,5,0.819981
892,UNS 2025-04-11,2025-04-11,4,128,20.566800
892,UNS 2025-04-11,2025-04-11,5,74,12.772231
892,UNS 2025-04-11,2025-04-11,6,4,9.057293
892,UNS 2025-04-11,2025-04-11,7,12,2.978027
892,UNS 2025-04-11,2025-04-11,8,34,2.635463
892,UNS 2025-04-11,2025-04-11,9,6,0.670886
892,UNS 2025-04-11,2025-04-11,10,1,0.454061
892,UNS 2025-04-11,2025-04-11,11,1,0.353618
892,UNS 2025-04-11,2025-04-11,12,2,0.344255
892,UNS 2025-04-11,2025-04-11,13,7,0.812752
893,UNS 2025-04-12,2025-04-12,1,213,23.703560
893,UNS 2025-04-12,2025-04-12,2,163,24.831073
893,UNS 2025-04-12,2025-04-12,3,5,0.819981
893,UNS 2025-04-12,2025-04-12,4,128,20.566800
893,UNS 2025-04-12,2025-04-12,5,74,12.772231
893,UNS 2025-04-12,2025-04-12,6,4,9.057293
893,UNS 2025-04-12,2025-04-12,7,12,2.978027
893,UNS 2025-04-12,2025-04-12,8,34,2.635463
893,UNS 2025-04-12,2025-04-12,9,6,0.670886
893,UNS 2025-04-12,2025-04-12,10,1,0.454061
893,UNS 2025-04-12,2025-04-12,11,1,0.353618
893,UNS 2025-04-12,2025-04-12,12,2,0.344255
893,UNS 2025-04-12,2025-04-12,13,7,0.812752
894,UNS 2025-04-13,2025-04-13,1,213,23.703560
894,UNS 2025-04-13,2025-04-13,2,163,24.831073
894,UNS 2025-04-13,2025-04-13,3,5,0.819981
894,UNS 2025-04-13,2025-04-13,4,128,20.566800
894,UNS 2025-04-13,2025-04-13,5,74,12.772231
894,UNS 2025-04-13,2025-04-13,6,4,9.057293
894,UNS 2025-04-13,2025-04-13,7,12,2.978027
894,UNS 2025-04-13,2025-04-13,8,34,2.635463
894,UNS 2025-04-13,2025-04-13,9,6,0.670886
894,UNS 2025-04-13,2025-04-13,10,1,0.454061
894,UNS 2025-04-13,2025-04-13,11,1,0.353618
894,UNS 2025-04-13,2025-04-13,12,2,0.344255
894,UNS 2025-04-13,2025-04-13,13,7,0.812752
895,UNS 2025-04-14,2025-04-14,1,213,23.734924
895,UNS 2025-04-14,2025-04-14,2,160,24.615401
895,UNS 2025-04-14,2025-04-14,3,5,0.829069
895,UNS 2025-04-14,2025-04-14,4,130,20.603086
895,UNS 2025-04-14,2025-04-14,5,74,12.814881
895,UNS 2025-04-14,2025-04-14,6,4,9.078163
895,UNS 2025-04-14,2025-04-14,7,13,3.047333
895,UNS 2025-04-14,2025-04-14,8,34,2.641571
895,UNS 2025-04-14,2025-04-14,9,6,0.670886
895,UNS 2025-04-14,2025-04-14,10,1,0.454061
895,UNS 2025-04-14,2025-04-14,11,1,0.353618
895,UNS 2025-04-14,2025-04-14,12,2,0.344255
895,UNS 2025-04-14,2025-04-14,13,7,0.812752
896,UNS 2025-04-15,2025-04-15,1,213,23.734924
896,UNS 2025-04-15,2025-04-15,2,160,24.615401
896,UNS 2025-04-15,2025-04-15,3,5,0.829069
896,UNS 2025-04-15,2025-04-15,4,130,20.603086
896,UNS 2025-04-15,2025-04-15,5,74,12.814881
896,UNS 2025-04-15,2025-04-15,6,4,9.078163
896,UNS 2025-04-15,2025-04-15,7,13,3.047333
896,UNS 2025-04-15,2025-04-15,8,34,2.641571
896,UNS 2025-04-15,2025-04-15,9,6,0.670886
896,UNS 2025-04-15,2025-04-15,10,1,0.454061
896,UNS 2025-04-15,2025-04-15,11,1,0.353618
896,UNS 2025-04-15,2025-04-15,12,2,0.344255
896,UNS 2025-04-15,2025-04-15,13,7,0.812752
897,UNS 2025-04-16,2025-04-16,1,212,23.618655
897,UNS 2025-04-16,2025-04-16,2,164,24.762475
897,UNS 2025-04-16,2025-04-16,3,5,0.823767
897,UNS 2025-04-16,2025-04-16,4,127,20.492676
897,UNS 2025-04-16,2025-04-16,5,74,12.842148
897,UNS 2025-04-16,2025-04-16,6,4,9.122529
897,UNS 2025-04-16,2025-04-16,7,13,3.046184
897,UNS 2025-04-16,2025-04-16,8,34,2.655995
897,UNS 2025-04-16,2025-04-16,9,6,0.670886
897,UNS 2025-04-16,2025-04-16,10,1,0.454061
897,UNS 2025-04-16,2025-04-16,11,1,0.353618
897,UNS 2025-04-16,2025-04-16,12,2,0.344255
897,UNS 2025-04-16,2025-04-16,13,7,0.812752
898,UNS 2025-04-17,2025-04-17,1,212,23.618655
898,UNS 2025-04-17,2025-04-17,2,164,24.762475
898,UNS 2025-04-17,2025-04-17,3,5,0.823767
898,UNS 2025-04-17,2025-04-17,4,127,20.492676
898,UNS 2025-04-17,2025-04-17,5,74,12.842148
898,UNS 2025-04-17,2025-04-17,6,4,9.122529
898,UNS 2025-04-17,2025-04-17,7,13,3.046184
898,UNS 2025-04-17,2025-04-17,8,34,2.655995
898,UNS 2025-04-17,2025-04-17,9,6,0.670886
898,UNS 2025-04-17,2025-04-17,10,1,0.454061
898,UNS 2025-04-17,2025-04-17,11,1,0.353618
898,UNS 2025-04-17,2025-04-17,12,2,0.344255
898,UNS 2025-04-17,2025-04-17,13,7,0.812752
899,UNS 2025-04-18,2025-04-18,1,212,23.618655
899,UNS 2025-04-18,2025-04-18,2,164,24.762475
899,UNS 2025-04-18,2025-04-18,3,5,0.823767
899,UNS 2025-04-18,2025-04-18,4,127,20.492676
899,UNS 2025-04-18,2025-04-18,5,74,12.842148
899,UNS 2025-04-18,2025-04-18,6,4,9.122529
899,UNS 2025-04-18,2025-04-18,7,13,3.046184
899,UNS 2025-04-18,2025-04-18,8,34,2.655995
899,UNS 2025-04-18,2025-04-18,9,6,0.670886
899,UNS 2025-04-18,2025-04-18,10,1,0.454061
899,UNS 2025-04-18,2025-04-18,11,1,0.353618
899,UNS 2025-04-18,2025-04-18,12,2,0.344255
899,UNS 2025-04-18,2025-04-18,13,7,0.812752
900,UNS 2025-04-19,2025-04-19,1,212,23.618655
900,UNS 2025-04-19,2025-04-19,2,164,24.762475
900,UNS 2025-04-19,2025-04-19,3,5,0.823767
900,UNS 2025-04-19,2025-04-19,4,127,20.492676
900,UNS 2025-04-19,2025-04-19,5,74,12.842148
900,UNS 2025-04-19,2025-04-19,6,4,9.122529
900,UNS 2025-04-19,2025-04-19,7,13,3.046184
900,UNS 2025-04-19,2025-04-19,8,34,2.655995
900,UNS 2025-04-19,2025-04-19,9,6,0.670886
900,UNS 2025-04-19,2025-04-19,10,1,0.454061
900,UNS 2025-04-19,2025-04-19,11,1,0.353618
900,UNS 2025-04-19,2025-04-19,12,2,0.344255
900,UNS 2025-04-19,2025-04-19,13,7,0.812752
901,UNS 2025-04-20,2025-04-20,1,212,23.618655
901,UNS 2025-04-20,2025-04-20,2,164,24.762475
901,UNS 2025-04-20,2025-04-20,3,5,0.823767
901,UNS 2025-04-20,2025-04-20,4,127,20.492676
901,UNS 2025-04-20,2025-04-20,5,74,12.842148
901,UNS 2025-04-20,2025-04-20,6,4,9.122529
901,UNS 2025-04-20,2025-04-20,7,13,3.046184
901,UNS 2025-04-20,2025-04-20,8,34,2.655995
901,UNS 2025-04-20,2025-04-20,9,6,0.670886
901,UNS 2025-04-20,2025-04-20,10,1,0.454061
901,UNS 2025-04-20,2025-04-20,11,1,0.353618
901,UNS 2025-04-20,2025-04-20,12,2,0.344255
901,UNS 2025-04-20,2025-04-20,13,7,0.812752
902,UNS 2025-04-21,2025-04-21,1,212,23.581556
902,UNS 2025-04-21,2025-04-21,2,169,24.743112
902,UNS 2025-04-21,2025-04-21,3,5,0.822361
902,UNS 2025-04-21,2025-04-21,4,124,20.554815
902,UNS 2025-04-21,2025-04-21,5,74,12.829697
902,UNS 2025-04-21,2025-04-21,6,4,9.044410
902,UNS 2025-04-21,2025-04-21,7,13,3.152147
902,UNS 2025-04-21,2025-04-21,8,32,2.636330
902,UNS 2025-04-21,2025-04-21,9,6,0.670886
902,UNS 2025-04-21,2025-04-21,10,1,0.454061
902,UNS 2025-04-21,2025-04-21,11,1,0.353618
902,UNS 2025-04-21,2025-04-21,12,2,0.344255
902,UNS 2025-04-21,2025-04-21,13,7,0.812752
903,UNS 2025-04-22,2025-04-22,1,208,23.562855
903,UNS 2025-04-22,2025-04-22,2,169,24.675661
903,UNS 2025-04-22,2025-04-22,3,5,0.838340
903,UNS 2025-04-22,2025-04-22,4,126,20.457506
903,UNS 2025-04-22,2025-04-22,5,74,12.946328
903,UNS 2025-04-22,2025-04-22,6,4,9.085549
903,UNS 2025-04-22,2025-04-22,7,13,3.155830
903,UNS 2025-04-22,2025-04-22,8,34,2.642359
903,UNS 2025-04-22,2025-04-22,9,6,0.670886
903,UNS 2025-04-22,2025-04-22,10,1,0.454061
903,UNS 2025-04-22,2025-04-22,11,1,0.353618
903,UNS 2025-04-22,2025-04-22,12,2,0.344255
903,UNS 2025-04-22,2025-04-22,13,7,0.812752
904,UNS 2025-04-23,2025-04-23,1,205,23.329535
904,UNS 2025-04-23,2025-04-23,2,179,24.834681
904,UNS 2025-04-23,2025-04-23,3,4,0.817825
904,UNS 2025-04-23,2025-04-23,4,118,20.351536
904,UNS 2025-04-23,2025-04-23,5,76,12.957814
904,UNS 2025-04-23,2025-04-23,6,4,9.271577
904,UNS 2025-04-23,2025-04-23,7,13,3.146537
904,UNS 2025-04-23,2025-04-23,8,34,2.654924
904,UNS 2025-04-23,2025-04-23,9,6,0.670886
904,UNS 2025-04-23,2025-04-23,10,1,0.454061
904,UNS 2025-04-23,2025-04-23,11,1,0.353618
904,UNS 2025-04-23,2025-04-23,12,2,0.344255
904,UNS 2025-04-23,2025-04-23,13,7,0.812752
905,UNS 2025-04-24,2025-04-24,1,205,23.329535
905,UNS 2025-04-24,2025-04-24,2,179,24.834681
905,UNS 2025-04-24,2025-04-24,3,4,0.817825
905,UNS 2025-04-24,2025-04-24,4,118,20.351536
905,UNS 2025-04-24,2025-04-24,5,76,12.957814
905,UNS 2025-04-24,2025-04-24,6,4,9.271577
905,UNS 2025-04-24,2025-04-24,7,13,3.146537
905,UNS 2025-04-24,2025-04-24,8,34,2.654924
905,UNS 2025-04-24,2025-04-24,9,6,0.670886
905,UNS 2025-04-24,2025-04-24,10,1,0.454061
905,UNS 2025-04-24,2025-04-24,11,1,0.353618
905,UNS 2025-04-24,2025-04-24,12,2,0.344255
905,UNS 2025-04-24,2025-04-24,13,7,0.812752
906,UNS 2025-04-25,2025-04-25,1,205,23.329535
906,UNS 2025-04-25,2025-04-25,2,179,24.834681
906,UNS 2025-04-25,2025-04-25,3,4,0.817825
906,UNS 2025-04-25,2025-04-25,4,118,20.351536
906,UNS 2025-04-25,2025-04-25,5,76,12.957814
906,UNS 2025-04-25,2025-04-25,6,4,9.271577
906,UNS 2025-04-25,2025-04-25,7,13,3.146537
906,UNS 2025-04-25,2025-04-25,8,34,2.654924
906,UNS 2025-04-25,2025-04-25,9,6,0.670886
906,UNS 2025-04-25,2025-04-25,10,1,0.454061
906,UNS 2025-04-25,2025-04-25,11,1,0.353618
906,UNS 2025-04-25,2025-04-25,12,2,0.344255
906,UNS 2025-04-25,2025-04-25,13,7,0.812752
907,UNS 2025-04-26,2025-04-26,1,205,23.329535
907,UNS 2025-04-26,2025-04-26,2,179,24.834681
907,UNS 2025-04-26,2025-04-26,3,4,0.817825
907,UNS 2025-04-26,2025-04-26,4,118,20.351536
907,UNS 2025-04-26,2025-04-26,5,76,12.957814
907,UNS 2025-04-26,2025-04-26,6,4,9.271577
907,UNS 2025-04-26,2025-04-26,7,13,3.146537
907,UNS 2025-04-26,2025-04-26,8,34,2.654924
907,UNS 2025-04-26,2025-04-26,9,6,0.670886
907,UNS 2025-04-26,2025-04-26,10,1,0.454061
907,UNS 2025-04-26,2025-04-26,11,1,0.353618
907,UNS 2025-04-26,2025-04-26,12,2,0.344255
907,UNS 2025-04-26,2025-04-26,13,7,0.812752
908,UNS 2025-04-27,2025-04-27,1,206,23.379960
908,UNS 2025-04-27,2025-04-27,2,174,24.729863
908,UNS 2025-04-27,2025-04-27,3,4,0.804042
908,UNS 2025-04-27,2025-04-27,4,122,20.435751
908,UNS 2025-04-27,2025-04-27,5,76,13.016788
908,UNS 2025-04-27,2025-04-27,6,4,9.178944
908,UNS 2025-04-27,2025-04-27,7,13,3.191530
908,UNS 2025-04-27,2025-04-27,8,34,2.627550
908,UNS 2025-04-27,2025-04-27,9,6,0.670886
908,UNS 2025-04-27,2025-04-27,10,1,0.454061
908,UNS 2025-04-27,2025-04-27,11,1,0.353618
908,UNS 2025-04-27,2025-04-27,12,2,0.344255
908,UNS 2025-04-27,2025-04-27,13,7,0.812752
909,UNS 2025-04-28,2025-04-28,1,205,23.391584
909,UNS 2025-04-28,2025-04-28,2,175,24.758185
909,UNS 2025-04-28,2025-04-28,3,6,0.834902
909,UNS 2025-04-28,2025-04-28,4,120,20.308230
909,UNS 2025-04-28,2025-04-28,5,76,13.080921
909,UNS 2025-04-28,2025-04-28,6,4,9.175898
909,UNS 2025-04-28,2025-04-28,7,13,3.164265
909,UNS 2025-04-28,2025-04-28,8,34,2.650443
909,UNS 2025-04-28,2025-04-28,9,6,0.670886
909,UNS 2025-04-28,2025-04-28,10,1,0.454061
909,UNS 2025-04-28,2025-04-28,11,1,0.353618
909,UNS 2025-04-28,2025-04-28,12,2,0.344255
909,UNS 2025-04-28,2025-04-28,13,7,0.812752
910,UNS 2025-04-29,2025-04-29,1,205,23.391584
910,UNS 2025-04-29,2025-04-29,2,175,24.758185
910,UNS 2025-04-29,2025-04-29,3,6,0.834902
910,UNS 2025-04-29,2025-04-29,4,120,20.308230
910,UNS 2025-04-29,2025-04-29,5,76,13.080921
910,UNS 2025-04-29,2025-04-29,6,4,9.175898
910,UNS 2025-04-29,2025-04-29,7,13,3.164265
910,UNS 2025-04-29,2025-04-29,8,34,2.650443
910,UNS 2025-04-29,2025-04-29,9,6,0.670886
910,UNS 2025-04-29,2025-04-29,10,1,0.454061
910,UNS 2025-04-29,2025-04-29,11,1,0.353618
910,UNS 2025-04-29,2025-04-29,12,2,0.344255
910,UNS 2025-04-29,2025-04-29,13,7,0.812752
911,UNS 2025-04-30,2025-04-30,1,205,23.391584
911,UNS 2025-04-30,2025-04-30,2,175,24.758185
911,UNS 2025-04-30,2025-04-30,3,6,0.834902
911,UNS 2025-04-30,2025-04-30,4,120,20.308230
911,UNS 2025-04-30,2025-04-30,5,76,13.080921
911,UNS 2025-04-30,2025-04-30,6,4,9.175898
911,UNS 2025-04-30,2025-04-30,7,13,3.164265
911,UNS 2025-04-30,2025-04-30,8,34,2.650443
911,UNS 2025-04-30,2025-04-30,9,6,0.670886
911,UNS 2025-04-30,2025-04-30,10,1,0.454061
911,UNS 2025-04-30,2025-04-30,11,1,0.353618
911,UNS 2025-04-30,2025-04-30,12,2,0.344255
911,UNS 2025-04-30,2025-04-30,13,7,0.812752
912,UNS 2025-05-01,2025-05-01,1,205,23.391584
912,UNS 2025-05-01,2025-05-01,2,175,24.758185
912,UNS 2025-05-01,2025-05-01,3,6,0.834902
912,UNS 2025-05-01,2025-05-01,4,120,20.308230
912,UNS 2025-05-01,2025-05-01,5,76,13.080921
912,UNS 2025-05-01,2025-05-01,6,4,9.175898
912,UNS 2025-05-01,2025-05-01,7,13,3.164265
912,UNS 2025-05-01,2025-05-01,8,34,2.650443
912,UNS 2025-05-01,2025-05-01,9,6,0.670886
912,UNS 2025-05-01,2025-05-01,10,1,0.454061
912,UNS 2025-05-01,2025-05-01,11,1,0.353618
912,UNS 2025-05-01,2025-05-01,12,2,0.344255
912,UNS 2025-05-01,2025-05-01,13,7,0.812752
913,UNS 2025-05-02,2025-05-02,1,205,23.391584
913,UNS 2025-05-02,2025-05-02,2,175,24.758185
913,UNS 2025-05-02,2025-05-02,3,6,0.834902
913,UNS 2025-05-02,2025-05-02,4,120,20.308230
913,UNS 2025-05-02,2025-05-02,5,76,13.080921
913,UNS 2025-05-02,2025-05-02,6,4,9.175898
913,UNS 2025-05-02,2025-05-02,7,13,3.164265
913,UNS 2025-05-02,2025-05-02,8,34,2.650443
913,UNS 2025-05-02,2025-05-02,9,6,0.670886
913,UNS 2025-05-02,2025-05-02,10,1,0.454061
913,UNS 2025-05-02,2025-05-02,11,1,0.353618
913,UNS 2025-05-02,2025-05-02,12,2,0.344255
913,UNS 2025-05-02,2025-05-02,13,7,0.812752
914,UNS 2025-05-03,2025-05-03,1,205,23.391584
914,UNS 2025-05-03,2025-05-03,2,175,24.758185
914,UNS 2025-05-03,2025-05-03,3,6,0.834902
914,UNS 2025-05-03,2025-05-03,4,120,20.308230
914,UNS 2025-05-03,2025-05-03,5,76,13.080921
914,UNS 2025-05-03,2025-05-03,6,4,9.175898
914,UNS 2025-05-03,2025-05-03,7,13,3.164265
914,UNS 2025-05-03,2025-05-03,8,34,2.650443
914,UNS 2025-05-03,2025-05-03,9,6,0.670886
914,UNS 2025-05-03,2025-05-03,10,1,0.454061
914,UNS 2025-05-03,2025-05-03,11,1,0.353618
914,UNS 2025-05-03,2025-05-03,12,2,0.344255
914,UNS 2025-05-03,2025-05-03,13,7,0.812752
915,UNS 2025-05-04,2025-05-04,1,200,23.326166
915,UNS 2025-05-04,2025-05-04,2,185,24.846940
915,UNS 2025-05-04,2025-05-04,3,6,0.816580
915,UNS 2025-05-04,2025-05-04,4,115,20.265431
915,UNS 2025-05-04,2025-05-04,5,76,13.141534
915,UNS 2025-05-04,2025-05-04,6,4,9.109975
915,UNS 2025-05-04,2025-05-04,7,13,3.217671
915,UNS 2025-05-04,2025-05-04,8,34,2.640131
915,UNS 2025-05-04,2025-05-04,9,6,0.670886
915,UNS 2025-05-04,2025-05-04,10,1,0.454061
915,UNS 2025-05-04,2025-05-04,11,1,0.353618
915,UNS 2025-05-04,2025-05-04,12,2,0.344255
915,UNS 2025-05-04,2025-05-04,13,7,0.812752
916,UNS 2025-05-05,2025-05-05,1,199,23.432104
916,UNS 2025-05-05,2025-05-05,2,194,25.150873
916,UNS 2025-05-05,2025-05-05,3,4,0.806670
916,UNS 2025-05-05,2025-05-05,4,109,20.100950
916,UNS 2025-05-05,2025-05-05,5,76,13.078272
916,UNS 2025-05-05,2025-05-05,6,4,9.011953
916,UNS 2025-05-05,2025-05-05,7,13,3.118491
916,UNS 2025-05-05,2025-05-05,8,34,2.665116
916,UNS 2025-05-05,2025-05-05,9,6,0.670886
916,UNS 2025-05-05,2025-05-05,10,1,0.454061
916,UNS 2025-05-05,2025-05-05,11,1,0.353618
916,UNS 2025-05-05,2025-05-05,12,2,0.344255
916,UNS 2025-05-05,2025-05-05,13,7,0.812752
917,UNS 2025-05-06,2025-05-06,1,200,23.380228
917,UNS 2025-05-06,2025-05-06,2,202,25.334114
917,UNS 2025-05-06,2025-05-06,3,4,0.820078
917,UNS 2025-05-06,2025-05-06,4,100,19.838515
917,UNS 2025-05-06,2025-05-06,5,76,13.186173
917,UNS 2025-05-06,2025-05-06,6,4,9.051383
917,UNS 2025-05-06,2025-05-06,7,13,3.069380
917,UNS 2025-05-06,2025-05-06,8,34,2.684558
917,UNS 2025-05-06,2025-05-06,9,6,0.670886
917,UNS 2025-05-06,2025-05-06,10,1,0.454061
917,UNS 2025-05-06,2025-05-06,11,1,0.353618
917,UNS 2025-05-06,2025-05-06,12,2,0.344255
917,UNS 2025-05-06,2025-05-06,13,7,0.812752
918,UNS 2025-05-07,2025-05-07,1,192,23.198999
918,UNS 2025-05-07,2025-05-07,2,215,25.690441
918,UNS 2025-05-07,2025-05-07,3,4,0.811071
918,UNS 2025-05-07,2025-05-07,4,92,19.555581
918,UNS 2025-05-07,2025-05-07,5,77,13.239921
918,UNS 2025-05-07,2025-05-07,6,4,9.146929
918,UNS 2025-05-07,2025-05-07,7,13,3.025509
918,UNS 2025-05-07,2025-05-07,8,36,2.695977
918,UNS 2025-05-07,2025-05-07,9,6,0.670886
918,UNS 2025-05-07,2025-05-07,10,1,0.454061
918,UNS 2025-05-07,2025-05-07,11,1,0.353618
918,UNS 2025-05-07,2025-05-07,12,2,0.344255
918,UNS 2025-05-07,2025-05-07,13,7,0.812752
919,UNS 2025-05-08,2025-05-08,1,186,23.114385
919,UNS 2025-05-08,2025-05-08,2,229,25.961344
919,UNS 2025-05-08,2025-05-08,3,4,0.802314
919,UNS 2025-05-08,2025-05-08,4,83,19.432598
919,UNS 2025-05-08,2025-05-08,5,78,13.181913
919,UNS 2025-05-08,2025-05-08,6,4,9.132606
919,UNS 2025-05-08,2025-05-08,7,13,3.009689
919,UNS 2025-05-08,2025-05-08,8,36,2.729579
919,UNS 2025-05-08,2025-05-08,9,6,0.670886
919,UNS 2025-05-08,2025-05-08,10,1,0.454061
919,UNS 2025-05-08,2025-05-08,11,1,0.353618
919,UNS 2025-05-08,2025-05-08,12,2,0.344255
919,UNS 2025-05-08,2025-05-08,13,7,0.812752
920,UNS 2025-05-09,2025-05-09,1,186,23.114385
920,UNS 2025-05-09,2025-05-09,2,229,25.961344
920,UNS 2025-05-09,2025-05-09,3,4,0.802314
920,UNS 2025-05-09,2025-05-09,4,83,19.432598
920,UNS 2025-05-09,2025-05-09,5,78,13.181913
920,UNS 2025-05-09,2025-05-09,6,4,9.132606
920,UNS 2025-05-09,2025-05-09,7,13,3.009689
920,UNS 2025-05-09,2025-05-09,8,36,2.729579
920,UNS 2025-05-09,2025-05-09,9,6,0.670886
920,UNS 2025-05-09,2025-05-09,10,1,0.454061
920,UNS 2025-05-09,2025-05-09,11,1,0.353618
920,UNS 2025-05-09,2025-05-09,12,2,0.344255
920,UNS 2025-05-09,2025-05-09,13,7,0.812752
921,UNS 2025-05-10,2025-05-10,1,186,23.114385
921,UNS 2025-05-10,2025-05-10,2,229,25.961344
921,UNS 2025-05-10,2025-05-10,3,4,0.802314
921,UNS 2025-05-10,2025-05-10,4,83,19.432598
921,UNS 2025-05-10,2025-05-10,5,78,13.181913
921,UNS 2025-05-10,2025-05-10,6,4,9.132606
921,UNS 2025-05-10,2025-05-10,7,13,3.009689
921,UNS 2025-05-10,2025-05-10,8,36,2.729579
921,UNS 2025-05-10,2025-05-10,9,6,0.670886
921,UNS 2025-05-10,2025-05-10,10,1,0.454061
921,UNS 2025-05-10,2025-05-10,11,1,0.353618
921,UNS 2025-05-10,2025-05-10,12,2,0.344255
921,UNS 2025-05-10,2025-05-10,13,7,0.812752
922,UNS 2025-05-11,2025-05-11,1,186,23.114385
922,UNS 2025-05-11,2025-05-11,2,229,25.961344
922,UNS 2025-05-11,2025-05-11,3,4,0.802314
922,UNS 2025-05-11,2025-05-11,4,83,19.432598
922,UNS 2025-05-11,2025-05-11,5,78,13.181913
922,UNS 2025-05-11,2025-05-11,6,4,9.132606
922,UNS 2025-05-11,2025-05-11,7,13,3.009689
922,UNS 2025-05-11,2025-05-11,8,36,2.729579
922,UNS 2025-05-11,2025-05-11,9,6,0.670886
922,UNS 2025-05-11,2025-05-11,10,1,0.454061
922,UNS 2025-05-11,2025-05-11,11,1,0.353618
922,UNS 2025-05-11,2025-05-11,12,2,0.344255
922,UNS 2025-05-11,2025-05-11,13,7,0.812752
923,UNS 2025-05-12,2025-05-12,1,185,23.171826
923,UNS 2025-05-12,2025-05-12,2,232,26.116084
923,UNS 2025-05-12,2025-05-12,3,5,0.806626
923,UNS 2025-05-12,2025-05-12,4,76,19.253919
923,UNS 2025-05-12,2025-05-12,5,78,13.221259
923,UNS 2025-05-12,2025-05-12,6,4,9.055966
923,UNS 2025-05-12,2025-05-12,7,13,2.986263
923,UNS 2025-05-12,2025-05-12,8,40,2.752485
923,UNS 2025-05-12,2025-05-12,9,6,0.670886
923,UNS 2025-05-12,2025-05-12,10,1,0.454061
923,UNS 2025-05-12,2025-05-12,11,1,0.353618
923,UNS 2025-05-12,2025-05-12,12,2,0.344255
923,UNS 2025-05-12,2025-05-12,13,7,0.812752
924,UNS 2025-05-13,2025-05-13,1,185,23.171826
924,UNS 2025-05-13,2025-05-13,2,232,26.116084
924,UNS 2025-05-13,2025-05-13,3,5,0.806626
924,UNS 2025-05-13,2025-05-13,4,76,19.253919
924,UNS 2025-05-13,2025-05-13,5,78,13.221259
924,UNS 2025-05-13,2025-05-13,6,4,9.055966
924,UNS 2025-05-13,2025-05-13,7,13,2.986263
924,UNS 2025-05-13,2025-05-13,8,40,2.752485
924,UNS 2025-05-13,2025-05-13,9,6,0.670886
924,UNS 2025-05-13,2025-05-13,10,1,0.454061
924,UNS 2025-05-13,2025-05-13,11,1,0.353618
924,UNS 2025-05-13,2025-05-13,12,2,0.344255
924,UNS 2025-05-13,2025-05-13,13,7,0.812752
925,UNS 2025-05-14,2025-05-14,1,178,23.038170
925,UNS 2025-05-14,2025-05-14,2,243,26.439659
925,UNS 2025-05-14,2025-05-14,3,5,0.808456
925,UNS 2025-05-14,2025-05-14,4,72,18.994512
925,UNS 2025-05-14,2025-05-14,5,78,13.197613
925,UNS 2025-05-14,2025-05-14,6,4,9.166248
925,UNS 2025-05-14,2025-05-14,7,13,2.975590
925,UNS 2025-05-14,2025-05-14,8,40,2.744180
925,UNS 2025-05-14,2025-05-14,9,6,0.670886
925,UNS 2025-05-14,2025-05-14,10,1,0.454061
925,UNS 2025-05-14,2025-05-14,11,1,0.353618
925,UNS 2025-05-14,2025-05-14,12,2,0.344255
925,UNS 2025-05-14,2025-05-14,13,7,0.812752
926,UNS 2025-05-15,2025-05-15,1,178,23.038170
926,UNS 2025-05-15,2025-05-15,2,243,26.439659
926,UNS 2025-05-15,2025-05-15,3,5,0.808456
926,UNS 2025-05-15,2025-05-15,4,72,18.994512
926,UNS 2025-05-15,2025-05-15,5,78,13.197613
926,UNS 2025-05-15,2025-05-15,6,4,9.166248
926,UNS 2025-05-15,2025-05-15,7,13,2.975590
926,UNS 2025-05-15,2025-05-15,8,40,2.744180
926,UNS 2025-05-15,2025-05-15,9,6,0.670886
926,UNS 2025-05-15,2025-05-15,10,1,0.454061
926,UNS 2025-05-15,2025-05-15,11,1,0.353618
926,UNS 2025-05-15,2025-05-15,12,2,0.344255
926,UNS 2025-05-15,2025-05-15,13,7,0.812752
927,UNS 2025-05-16,2025-05-16,1,178,23.038170
927,UNS 2025-05-16,2025-05-16,2,243,26.439659
927,UNS 2025-05-16,2025-05-16,3,5,0.808456
927,UNS 2025-05-16,2025-05-16,4,72,18.994512
927,UNS 2025-05-16,2025-05-16,5,78,13.197613
927,UNS 2025-05-16,2025-05-16,6,4,9.166248
927,UNS 2025-05-16,2025-05-16,7,13,2.975590
927,UNS 2025-05-16,2025-05-16,8,40,2.744180
927,UNS 2025-05-16,2025-05-16,9,6,0.670886
927,UNS 2025-05-16,2025-05-16,10,1,0.454061
927,UNS 2025-05-16,2025-05-16,11,1,0.353618
927,UNS 2025-05-16,2025-05-16,12,2,0.344255
927,UNS 2025-05-16,2025-05-16,13,7,0.812752
928,UNS 2025-05-17,2025-05-17,1,178,23.038170
928,UNS 2025-05-17,2025-05-17,2,243,26.439659
928,UNS 2025-05-17,2025-05-17,3,5,0.808456
928,UNS 2025-05-17,2025-05-17,4,72,18.994512
928,UNS 2025-05-17,2025-05-17,5,78,13.197613
928,UNS 2025-05-17,2025-05-17,6,4,9.166248
928,UNS 2025-05-17,2025-05-17,7,13,2.975590
928,UNS 2025-05-17,2025-05-17,8,40,2.744180
928,UNS 2025-05-17,2025-05-17,9,6,0.670886
928,UNS 2025-05-17,2025-05-17,10,1,0.454061
928,UNS 2025-05-17,2025-05-17,11,1,0.353618
928,UNS 2025-05-17,2025-05-17,12,2,0.344255
928,UNS 2025-05-17,2025-05-17,13,7,0.812752
929,UNS 2025-05-18,2025-05-18,1,178,23.038170
929,UNS 2025-05-18,2025-05-18,2,243,26.439659
929,UNS 2025-05-18,2025-05-18,3,5,0.808456
929,UNS 2025-05-18,2025-05-18,4,72,18.994512
929,UNS 2025-05-18,2025-05-18,5,78,13.197613
929,UNS 2025-05-18,2025-05-18,6,4,9.166248
929,UNS 2025-05-18,2025-05-18,7,13,2.975590
929,UNS 2025-05-18,2025-05-18,8,40,2.744180
929,UNS 2025-05-18,2025-05-18,9,6,0.670886
929,UNS 2025-05-18,2025-05-18,10,1,0.454061
929,UNS 2025-05-18,2025-05-18,11,1,0.353618
929,UNS 2025-05-18,2025-05-18,12,2,0.344255
929,UNS 2025-05-18,2025-05-18,13,7,0.812752
930,UNS 2025-05-19,2025-05-19,1,172,22.969166
930,UNS 2025-05-19,2025-05-19,2,251,26.584825
930,UNS 2025-05-19,2025-05-19,3,4,0.798939
930,UNS 2025-05-19,2025-05-19,4,73,19.009014
930,UNS 2025-05-19,2025-05-19,5,78,13.189489
930,UNS 2025-05-19,2025-05-19,6,4,9.117556
930,UNS 2025-05-19,2025-05-19,7,13,2.980534
930,UNS 2025-05-19,2025-05-19,8,38,2.714906
930,UNS 2025-05-19,2025-05-19,9,6,0.670886
930,UNS 2025-05-19,2025-05-19,10,1,0.454061
930,UNS 2025-05-19,2025-05-19,11,1,0.353618
930,UNS 2025-05-19,2025-05-19,12,2,0.344255
930,UNS 2025-05-19,2025-05-19,13,7,0.812752
931,UNS 2025-05-20,2025-05-20,1,172,22.969166
931,UNS 2025-05-20,2025-05-20,2,251,26.584825
931,UNS 2025-05-20,2025-05-20,3,4,0.798939
931,UNS 2025-05-20,2025-05-20,4,73,19.009014
931,UNS 2025-05-20,2025-05-20,5,78,13.189489
931,UNS 2025-05-20,2025-05-20,6,4,9.117556
931,UNS 2025-05-20,2025-05-20,7,13,2.980534
931,UNS 2025-05-20,2025-05-20,8,38,2.714906
931,UNS 2025-05-20,2025-05-20,9,6,0.670886
931,UNS 2025-05-20,2025-05-20,10,1,0.454061
931,UNS 2025-05-20,2025-05-20,11,1,0.353618
931,UNS 2025-05-20,2025-05-20,12,2,0.344255
931,UNS 2025-05-20,2025-05-20,13,7,0.812752
932,UNS 2025-05-21,2025-05-21,1,171,22.846579
932,UNS 2025-05-21,2025-05-21,2,255,26.865108
932,UNS 2025-05-21,2025-05-21,3,4,0.811049
932,UNS 2025-05-21,2025-05-21,4,70,18.748487
932,UNS 2025-05-21,2025-05-21,5,78,13.204050
932,UNS 2025-05-21,2025-05-21,6,4,9.216620
932,UNS 2025-05-21,2025-05-21,7,13,2.974513
932,UNS 2025-05-21,2025-05-21,8,38,2.698022
932,UNS 2025-05-21,2025-05-21,9,6,0.670886
932,UNS 2025-05-21,2025-05-21,10,1,0.454061
932,UNS 2025-05-21,2025-05-21,11,1,0.353618
932,UNS 2025-05-21,2025-05-21,12,2,0.344255
932,UNS 2025-05-21,2025-05-21,13,7,0.812752
933,UNS 2025-05-22,2025-05-22,1,171,22.846579
933,UNS 2025-05-22,2025-05-22,2,255,26.865108
933,UNS 2025-05-22,2025-05-22,3,4,0.811049
933,UNS 2025-05-22,2025-05-22,4,70,18.748487
933,UNS 2025-05-22,2025-05-22,5,78,13.204050
933,UNS 2025-05-22,2025-05-22,6,4,9.216620
933,UNS 2025-05-22,2025-05-22,7,13,2.974513
933,UNS 2025-05-22,2025-05-22,8,38,2.698022
933,UNS 2025-05-22,2025-05-22,9,6,0.670886
933,UNS 2025-05-22,2025-05-22,10,1,0.454061
933,UNS 2025-05-22,2025-05-22,11,1,0.353618
933,UNS 2025-05-22,2025-05-22,12,2,0.344255
933,UNS 2025-05-22,2025-05-22,13,7,0.812752
934,UNS 2025-05-23,2025-05-23,1,171,22.846579
934,UNS 2025-05-23,2025-05-23,2,255,26.865108
934,UNS 2025-05-23,2025-05-23,3,4,0.811049
934,UNS 2025-05-23,2025-05-23,4,70,18.748487
934,UNS 2025-05-23,2025-05-23,5,78,13.204050
934,UNS 2025-05-23,2025-05-23,6,4,9.216620
934,UNS 2025-05-23,2025-05-23,7,13,2.974513
934,UNS 2025-05-23,2025-05-23,8,38,2.698022
934,UNS 2025-05-23,2025-05-23,9,6,0.670886
934,UNS 2025-05-23,2025-05-23,10,1,0.454061
934,UNS 2025-05-23,2025-05-23,11,1,0.353618
934,UNS 2025-05-23,2025-05-23,12,2,0.344255
934,UNS 2025-05-23,2025-05-23,13,7,0.812752
935,UNS 2025-05-24,2025-05-24,1,171,22.846579
935,UNS 2025-05-24,2025-05-24,2,255,26.865108
935,UNS 2025-05-24,2025-05-24,3,4,0.811049
935,UNS 2025-05-24,2025-05-24,4,70,18.748487
935,UNS 2025-05-24,2025-05-24,5,78,13.204050
935,UNS 2025-05-24,2025-05-24,6,4,9.216620
935,UNS 2025-05-24,2025-05-24,7,13,2.974513
935,UNS 2025-05-24,2025-05-24,8,38,2.698022
935,UNS 2025-05-24,2025-05-24,9,6,0.670886
935,UNS 2025-05-24,2025-05-24,10,1,0.454061
935,UNS 2025-05-24,2025-05-24,11,1,0.353618
935,UNS 2025-05-24,2025-05-24,12,2,0.344255
935,UNS 2025-05-24,2025-05-24,13,7,0.812752
936,UNS 2025-05-25,2025-05-25,1,171,22.846579
936,UNS 2025-05-25,2025-05-25,2,255,26.865108
936,UNS 2025-05-25,2025-05-25,3,4,0.811049
936,UNS 2025-05-25,2025-05-25,4,70,18.748487
936,UNS 2025-05-25,2025-05-25,5,78,13.204050
936,UNS 2025-05-25,2025-05-25,6,4,9.216620
936,UNS 2025-05-25,2025-05-25,7,13,2.974513
936,UNS 2025-05-25,2025-05-25,8,38,2.698022
936,UNS 2025-05-25,2025-05-25,9,6,0.670886
936,UNS 2025-05-25,2025-05-25,10,1,0.454061
936,UNS 2025-05-25,2025-05-25,11,1,0.353618
936,UNS 2025-05-25,2025-05-25,12,2,0.344255
936,UNS 2025-05-25,2025-05-25,13,7,0.812752
937,UNS 2025-05-26,2025-05-26,1,171,22.846579
937,UNS 2025-05-26,2025-05-26,2,255,26.865108
937,UNS 2025-05-26,2025-05-26,3,4,0.811049
937,UNS 2025-05-26,2025-05-26,4,70,18.748487
937,UNS 2025-05-26,2025-05-26,5,78,13.204050
937,UNS 2025-05-26,2025-05-26,6,4,9.216620
937,UNS 2025-05-26,2025-05-26,7,13,2.974513
937,UNS 2025-05-26,2025-05-26,8,38,2.698022
937,UNS 2025-05-26,2025-05-26,9,6,0.670886
937,UNS 2025-05-26,2025-05-26,10,1,0.454061
937,UNS 2025-05-26,2025-05-26,11,1,0.353618
937,UNS 2025-05-26,2025-05-26,12,2,0.344255
937,UNS 2025-05-26,2025-05-26,13,7,0.812752
938,UNS 2025-05-27,2025-05-27,1,172,22.760182
938,UNS 2025-05-27,2025-05-27,2,258,26.951538
938,UNS 2025-05-27,2025-05-27,3,4,0.821766
938,UNS 2025-05-27,2025-05-27,4,68,18.681298
938,UNS 2025-05-27,2025-05-27,5,78,13.241539
938,UNS 2025-05-27,2025-05-27,6,4,9.291985
938,UNS 2025-05-27,2025-05-27,7,13,2.960305
938,UNS 2025-05-27,2025-05-27,8,36,2.655815
938,UNS 2025-05-27,2025-05-27,9,6,0.670886
938,UNS 2025-05-27,2025-05-27,10,1,0.454061
938,UNS 2025-05-27,2025-05-27,11,1,0.353618
938,UNS 2025-05-27,2025-05-27,12,2,0.344255
938,UNS 2025-05-27,2025-05-27,13,7,0.812752
939,UNS 2025-05-28,2025-05-28,1,172,22.760182
939,UNS 2025-05-28,2025-05-28,2,258,26.951538
939,UNS 2025-05-28,2025-05-28,3,4,0.821766
939,UNS 2025-05-28,2025-05-28,4,68,18.681298
939,UNS 2025-05-28,2025-05-28,5,78,13.241539
939,UNS 2025-05-28,2025-05-28,6,4,9.291985
939,UNS 2025-05-28,2025-05-28,7,13,2.960305
939,UNS 2025-05-28,2025-05-28,8,36,2.655815
939,UNS 2025-05-28,2025-05-28,9,6,0.670886
939,UNS 2025-05-28,2025-05-28,10,1,0.454061
939,UNS 2025-05-28,2025-05-28,11,1,0.353618
939,UNS 2025-05-28,2025-05-28,12,2,0.344255
939,UNS 2025-05-28,2025-05-28,13,7,0.812752
940,UNS 2025-05-29,2025-05-29,1,170,22.841892
940,UNS 2025-05-29,2025-05-29,2,265,27.142581
940,UNS 2025-05-29,2025-05-29,3,4,0.803400
940,UNS 2025-05-29,2025-05-29,4,63,18.567660
940,UNS 2025-05-29,2025-05-29,5,78,13.136042
940,UNS 2025-05-29,2025-05-29,6,4,9.269908
940,UNS 2025-05-29,2025-05-29,7,13,2.941066
940,UNS 2025-05-29,2025-05-29,8,36,2.661880
940,UNS 2025-05-29,2025-05-29,9,6,0.670886
940,UNS 2025-05-29,2025-05-29,10,1,0.454061
940,UNS 2025-05-29,2025-05-29,11,1,0.353618
940,UNS 2025-05-29,2025-05-29,12,2,0.344255
940,UNS 2025-05-29,2025-05-29,13,7,0.812752
941,UNS 2025-05-30,2025-05-30,1,170,22.841892
941,UNS 2025-05-30,2025-05-30,2,265,27.142581
941,UNS 2025-05-30,2025-05-30,3,4,0.803400
941,UNS 2025-05-30,2025-05-30,4,63,18.567660
941,UNS 2025-05-30,2025-05-30,5,78,13.136042
941,UNS 2025-05-30,2025-05-30,6,4,9.269908
941,UNS 2025-05-30,2025-05-30,7,13,2.941066
941,UNS 2025-05-30,2025-05-30,8,36,2.661880
941,UNS 2025-05-30,2025-05-30,9,6,0.670886
941,UNS 2025-05-30,2025-05-30,10,1,0.454061
941,UNS 2025-05-30,2025-05-30,11,1,0.353618
941,UNS 2025-05-30,2025-05-30,12,2,0.344255
941,UNS 2025-05-30,2025-05-30,13,7,0.812752
942,UNS 2025-05-31,2025-05-31,1,170,22.841892
942,UNS 2025-05-31,2025-05-31,2,265,27.142581
942,UNS 2025-05-31,2025-05-31,3,4,0.803400
942,UNS 2025-05-31,2025-05-31,4,63,18.567660
942,UNS 2025-05-31,2025-05-31,5,78,13.136042
942,UNS 2025-05-31,2025-05-31,6,4,9.269908
942,UNS 2025-05-31,2025-05-31,7,13,2.941066
942,UNS 2025-05-31,2025-05-31,8,36,2.661880
942,UNS 2025-05-31,2025-05-31,9,6,0.670886
942,UNS 2025-05-31,2025-05-31,10,1,0.454061
942,UNS 2025-05-31,2025-05-31,11,1,0.353618
942,UNS 2025-05-31,2025-05-31,12,2,0.344255
942,UNS 2025-05-31,2025-05-31,13,7,0.812752
943,UNS 2025-06-01,2025-06-01,1,170,22.841892
943,UNS 2025-06-01,2025-06-01,2,265,27.142581
943,UNS 2025-06-01,2025-06-01,3,4,0.803400
943,UNS 2025-06-01,2025-06-01,4,63,18.567660
943,UNS 2025-06-01,2025-06-01,5,78,13.136042
943,UNS 2025-06-01,2025-06-01,6,4,9.269908
943,UNS 2025-06-01,2025-06-01,7,13,2.941066
943,UNS 2025-06-01,2025-06-01,8,36,2.661880
943,UNS 2025-06-01,2025-06-01,9,6,0.670886
943,UNS 2025-06-01,2025-06-01,10,1,0.454061
943,UNS 2025-06-01,2025-06-01,11,1,0.353618
943,UNS 2025-06-01,2025-06-01,12,2,0.344255
943,UNS 2025-06-01,2025-06-01,13,7,0.812752
944,UNS 2025-06-02,2025-06-02,1,173,22.838840
944,UNS 2025-06-02,2025-06-02,2,265,27.144748
944,UNS 2025-06-02,2025-06-02,3,4,0.817074
944,UNS 2025-06-02,2025-06-02,4,61,18.515889
944,UNS 2025-06-02,2025-06-02,5,78,13.244235
944,UNS 2025-06-02,2025-06-02,6,4,9.192346
944,UNS 2025-06-02,2025-06-02,7,13,2.938555
944,UNS 2025-06-02,2025-06-02,8,35,2.672742
944,UNS 2025-06-02,2025-06-02,9,6,0.670886
944,UNS 2025-06-02,2025-06-02,10,1,0.454061
944,UNS 2025-06-02,2025-06-02,11,1,0.353618
944,UNS 2025-06-02,2025-06-02,12,2,0.344255
944,UNS 2025-06-02,2025-06-02,13,7,0.812752
945,UNS 2025-06-03,2025-06-03,1,173,22.838840
945,UNS 2025-06-03,2025-06-03,2,265,27.144748
945,UNS 2025-06-03,2025-06-03,3,4,0.817074
945,UNS 2025-06-03,2025-06-03,4,61,18.515889
945,UNS 2025-06-03,2025-06-03,5,78,13.244235
945,UNS 2025-06-03,2025-06-03,6,4,9.192346
945,UNS 2025-06-03,2025-06-03,7,13,2.938555
945,UNS 2025-06-03,2025-06-03,8,35,2.672742
945,UNS 2025-06-03,2025-06-03,9,6,0.670886
945,UNS 2025-06-03,2025-06-03,10,1,0.454061
945,UNS 2025-06-03,2025-06-03,11,1,0.353618
945,UNS 2025-06-03,2025-06-03,12,2,0.344255
945,UNS 2025-06-03,2025-06-03,13,7,0.812752
946,UNS 2025-06-04,2025-06-04,1,177,23.107739
946,UNS 2025-06-04,2025-06-04,2,261,27.319374
946,UNS 2025-06-04,2025-06-04,3,4,0.807947
946,UNS 2025-06-04,2025-06-04,4,64,18.135086
946,UNS 2025-06-04,2025-06-04,5,78,13.176987
946,UNS 2025-06-04,2025-06-04,6,4,9.296743
946,UNS 2025-06-04,2025-06-04,7,13,2.940791
946,UNS 2025-06-04,2025-06-04,8,32,2.579761
946,UNS 2025-06-04,2025-06-04,9,6,0.670886
946,UNS 2025-06-04,2025-06-04,10,1,0.454061
946,UNS 2025-06-04,2025-06-04,11,1,0.353618
946,UNS 2025-06-04,2025-06-04,12,2,0.344255
946,UNS 2025-06-04,2025-06-04,13,7,0.812752
947,UNS 2025-06-05,2025-06-05,1,177,23.107739
947,UNS 2025-06-05,2025-06-05,2,261,27.319374
947,UNS 2025-06-05,2025-06-05,3,4,0.807947
947,UNS 2025-06-05,2025-06-05,4,64,18.135086
947,UNS 2025-06-05,2025-06-05,5,78,13.176987
947,UNS 2025-06-05,2025-06-05,6,4,9.296743
947,UNS 2025-06-05,2025-06-05,7,13,2.940791
947,UNS 2025-06-05,2025-06-05,8,32,2.579761
947,UNS 2025-06-05,2025-06-05,9,6,0.670886
947,UNS 2025-06-05,2025-06-05,10,1,0.454061
947,UNS 2025-06-05,2025-06-05,11,1,0.353618
947,UNS 2025-06-05,2025-06-05,12,2,0.344255
947,UNS 2025-06-05,2025-06-05,13,7,0.812752
948,UNS 2025-06-06,2025-06-06,1,177,23.107739
948,UNS 2025-06-06,2025-06-06,2,261,27.319374
948,UNS 2025-06-06,2025-06-06,3,4,0.807947
948,UNS 2025-06-06,2025-06-06,4,64,18.135086
948,UNS 2025-06-06,2025-06-06,5,78,13.176987
948,UNS 2025-06-06,2025-06-06,6,4,9.296743
948,UNS 2025-06-06,2025-06-06,7,13,2.940791
948,UNS 2025-06-06,2025-06-06,8,32,2.579761
948,UNS 2025-06-06,2025-06-06,9,6,0.670886
948,UNS 2025-06-06,2025-06-06,10,1,0.454061
948,UNS 2025-06-06,2025-06-06,11,1,0.353618
948,UNS 2025-06-06,2025-06-06,12,2,0.344255
948,UNS 2025-06-06,2025-06-06,13,7,0.812752
949,UNS 2025-06-07,2025-06-07,1,179,23.126713
949,UNS 2025-06-07,2025-06-07,2,262,27.407992
949,UNS 2025-06-07,2025-06-07,3,4,0.802026
949,UNS 2025-06-07,2025-06-07,4,63,18.242932
949,UNS 2025-06-07,2025-06-07,5,78,13.165065
949,UNS 2025-06-07,2025-06-07,6,4,9.108518
949,UNS 2025-06-07,2025-06-07,7,13,2.928667
949,UNS 2025-06-07,2025-06-07,8,30,2.582516
949,UNS 2025-06-07,2025-06-07,9,6,0.670886
949,UNS 2025-06-07,2025-06-07,10,1,0.454061
949,UNS 2025-06-07,2025-06-07,11,1,0.353618
949,UNS 2025-06-07,2025-06-07,12,2,0.344255
949,UNS 2025-06-07,2025-06-07,13,7,0.812752
950,UNS 2025-06-08,2025-06-08,1,179,23.126713
950,UNS 2025-06-08,2025-06-08,2,262,27.407992
950,UNS 2025-06-08,2025-06-08,3,4,0.802026
950,UNS 2025-06-08,2025-06-08,4,63,18.242932
950,UNS 2025-06-08,2025-06-08,5,78,13.165065
950,UNS 2025-06-08,2025-06-08,6,4,9.108518
950,UNS 2025-06-08,2025-06-08,7,13,2.928667
950,UNS 2025-06-08,2025-06-08,8,30,2.582516
950,UNS 2025-06-08,2025-06-08,9,6,0.670886
950,UNS 2025-06-08,2025-06-08,10,1,0.454061
950,UNS 2025-06-08,2025-06-08,11,1,0.353618
950,UNS 2025-06-08,2025-06-08,12,2,0.344255
950,UNS 2025-06-08,2025-06-08,13,7,0.812752
951,UNS 2025-06-09,2025-06-09,1,179,23.144453
951,UNS 2025-06-09,2025-06-09,2,262,27.465206
951,UNS 2025-06-09,2025-06-09,3,4,0.840810
951,UNS 2025-06-09,2025-06-09,4,62,18.080682
951,UNS 2025-06-09,2025-06-09,5,78,13.218187
951,UNS 2025-06-09,2025-06-09,6,4,9.130083
951,UNS 2025-06-09,2025-06-09,7,13,2.887274
951,UNS 2025-06-09,2025-06-09,8,31,2.597734
951,UNS 2025-06-09,2025-06-09,9,6,0.670886
951,UNS 2025-06-09,2025-06-09,10,1,0.454061
951,UNS 2025-06-09,2025-06-09,11,1,0.353618
951,UNS 2025-06-09,2025-06-09,12,2,0.344255
951,UNS 2025-06-09,2025-06-09,13,7,0.812752
952,UNS 2025-06-10,2025-06-10,1,179,23.144453
952,UNS 2025-06-10,2025-06-10,2,262,27.465206
952,UNS 2025-06-10,2025-06-10,3,4,0.840810
952,UNS 2025-06-10,2025-06-10,4,62,18.080682
952,UNS 2025-06-10,2025-06-10,5,78,13.218187
952,UNS 2025-06-10,2025-06-10,6,4,9.130083
952,UNS 2025-06-10,2025-06-10,7,13,2.887274
952,UNS 2025-06-10,2025-06-10,8,31,2.597734
952,UNS 2025-06-10,2025-06-10,9,6,0.670886
952,UNS 2025-06-10,2025-06-10,10,1,0.454061
952,UNS 2025-06-10,2025-06-10,11,1,0.353618
952,UNS 2025-06-10,2025-06-10,12,2,0.344255
952,UNS 2025-06-10,2025-06-10,13,7,0.812752
953,UNS 2025-06-11,2025-06-11,1,181,23.273142
953,UNS 2025-06-11,2025-06-11,2,263,27.505648
953,UNS 2025-06-11,2025-06-11,3,4,0.841521
953,UNS 2025-06-11,2025-06-11,4,60,18.070755
953,UNS 2025-06-11,2025-06-11,5,78,13.056726
953,UNS 2025-06-11,2025-06-11,6,4,9.136448
953,UNS 2025-06-11,2025-06-11,7,13,2.874291
953,UNS 2025-06-11,2025-06-11,8,30,2.608676
953,UNS 2025-06-11,2025-06-11,9,6,0.670316
953,UNS 2025-06-11,2025-06-11,10,1,0.453629
953,UNS 2025-06-11,2025-06-11,11,1,0.353331
953,UNS 2025-06-11,2025-06-11,12,2,0.343733
953,UNS 2025-06-11,2025-06-11,13,7,0.811784
954,UNS 2025-06-12,2025-06-12,1,181,23.273142
954,UNS 2025-06-12,2025-06-12,2,263,27.505648
954,UNS 2025-06-12,2025-06-12,3,4,0.841521
954,UNS 2025-06-12,2025-06-12,4,60,18.070755
954,UNS 2025-06-12,2025-06-12,5,78,13.056726
954,UNS 2025-06-12,2025-06-12,6,4,9.136448
954,UNS 2025-06-12,2025-06-12,7,13,2.874291
954,UNS 2025-06-12,2025-06-12,8,30,2.608676
954,UNS 2025-06-12,2025-06-12,9,6,0.670316
954,UNS 2025-06-12,2025-06-12,10,1,0.453629
954,UNS 2025-06-12,2025-06-12,11,1,0.353331
954,UNS 2025-06-12,2025-06-12,12,2,0.343733
954,UNS 2025-06-12,2025-06-12,13,7,0.811784
955,UNS 2025-06-13,2025-06-13,1,181,23.273142
955,UNS 2025-06-13,2025-06-13,2,263,27.505648
955,UNS 2025-06-13,2025-06-13,3,4,0.841521
955,UNS 2025-06-13,2025-06-13,4,60,18.070755
955,UNS 2025-06-13,2025-06-13,5,78,13.056726
955,UNS 2025-06-13,2025-06-13,6,4,9.136448
955,UNS 2025-06-13,2025-06-13,7,13,2.874291
955,UNS 2025-06-13,2025-06-13,8,30,2.608676
955,UNS 2025-06-13,2025-06-13,9,6,0.670316
955,UNS 2025-06-13,2025-06-13,10,1,0.453629
955,UNS 2025-06-13,2025-06-13,11,1,0.353331
955,UNS 2025-06-13,2025-06-13,12,2,0.343733
955,UNS 2025-06-13,2025-06-13,13,7,0.811784
956,UNS 2025-06-14,2025-06-14,1,181,23.273142
956,UNS 2025-06-14,2025-06-14,2,263,27.505648
956,UNS 2025-06-14,2025-06-14,3,4,0.841521
956,UNS 2025-06-14,2025-06-14,4,60,18.070755
956,UNS 2025-06-14,2025-06-14,5,78,13.056726
956,UNS 2025-06-14,2025-06-14,6,4,9.136448
956,UNS 2025-06-14,2025-06-14,7,13,2.874291
956,UNS 2025-06-14,2025-06-14,8,30,2.608676
956,UNS 2025-06-14,2025-06-14,9,6,0.670316
956,UNS 2025-06-14,2025-06-14,10,1,0.453629
956,UNS 2025-06-14,2025-06-14,11,1,0.353331
956,UNS 2025-06-14,2025-06-14,12,2,0.343733
956,UNS 2025-06-14,2025-06-14,13,7,0.811784
957,UNS 2025-06-15,2025-06-15,1,181,23.273142
957,UNS 2025-06-15,2025-06-15,2,263,27.505648
957,UNS 2025-06-15,2025-06-15,3,4,0.841521
957,UNS 2025-06-15,2025-06-15,4,60,18.070755
957,UNS 2025-06-15,2025-06-15,5,78,13.056726
957,UNS 2025-06-15,2025-06-15,6,4,9.136448
957,UNS 2025-06-15,2025-06-15,7,13,2.874291
957,UNS 2025-06-15,2025-06-15,8,30,2.608676
957,UNS 2025-06-15,2025-06-15,9,6,0.670316
957,UNS 2025-06-15,2025-06-15,10,1,0.453629
957,UNS 2025-06-15,2025-06-15,11,1,0.353331
957,UNS 2025-06-15,2025-06-15,12,2,0.343733
957,UNS 2025-06-15,2025-06-15,13,7,0.811784
958,UNS 2025-06-16,2025-06-16,1,176,23.219592
958,UNS 2025-06-16,2025-06-16,2,263,27.449495
958,UNS 2025-06-16,2025-06-16,3,4,0.834104
958,UNS 2025-06-16,2025-06-16,4,61,18.092115
958,UNS 2025-06-16,2025-06-16,5,78,13.030729
958,UNS 2025-06-16,2025-06-16,6,4,9.130347
958,UNS 2025-06-16,2025-06-16,7,13,2.917615
958,UNS 2025-06-16,2025-06-16,8,34,2.692993
958,UNS 2025-06-16,2025-06-16,9,6,0.670361
958,UNS 2025-06-16,2025-06-16,10,1,0.453662
958,UNS 2025-06-16,2025-06-16,11,1,0.353353
958,UNS 2025-06-16,2025-06-16,12,2,0.343774
958,UNS 2025-06-16,2025-06-16,13,7,0.811860
959,UNS 2025-06-17,2025-06-17,1,176,23.219592
959,UNS 2025-06-17,2025-06-17,2,263,27.449495
959,UNS 2025-06-17,2025-06-17,3,4,0.834104
959,UNS 2025-06-17,2025-06-17,4,61,18.092115
959,UNS 2025-06-17,2025-06-17,5,78,13.030729
959,UNS 2025-06-17,2025-06-17,6,4,9.130347
959,UNS 2025-06-17,2025-06-17,7,13,2.917615
959,UNS 2025-06-17,2025-06-17,8,34,2.692993
959,UNS 2025-06-17,2025-06-17,9,6,0.670361
959,UNS 2025-06-17,2025-06-17,10,1,0.453662
959,UNS 2025-06-17,2025-06-17,11,1,0.353353
959,UNS 2025-06-17,2025-06-17,12,2,0.343774
959,UNS 2025-06-17,2025-06-17,13,7,0.811860
960,UNS 2025-06-18,2025-06-18,1,186,23.237107
960,UNS 2025-06-18,2025-06-18,2,260,27.501436
960,UNS 2025-06-18,2025-06-18,3,4,0.812410
960,UNS 2025-06-18,2025-06-18,4,59,17.940253
960,UNS 2025-06-18,2025-06-18,5,78,13.014521
960,UNS 2025-06-18,2025-06-18,6,5,9.354161
960,UNS 2025-06-18,2025-06-18,7,13,2.914474
960,UNS 2025-06-18,2025-06-18,8,28,2.592434
960,UNS 2025-06-18,2025-06-18,9,6,0.670400
960,UNS 2025-06-18,2025-06-18,10,1,0.453693
960,UNS 2025-06-18,2025-06-18,11,1,0.353373
960,UNS 2025-06-18,2025-06-18,12,2,0.343810
960,UNS 2025-06-18,2025-06-18,13,7,0.811927
961,UNS 2025-06-19,2025-06-19,1,186,23.237107
961,UNS 2025-06-19,2025-06-19,2,260,27.501436
961,UNS 2025-06-19,2025-06-19,3,4,0.812410
961,UNS 2025-06-19,2025-06-19,4,59,17.940253
961,UNS 2025-06-19,2025-06-19,5,78,13.014521
961,UNS 2025-06-19,2025-06-19,6,5,9.354161
961,UNS 2025-06-19,2025-06-19,7,13,2.914474
961,UNS 2025-06-19,2025-06-19,8,28,2.592434
961,UNS 2025-06-19,2025-06-19,9,6,0.670400
961,UNS 2025-06-19,2025-06-19,10,1,0.453693
961,UNS 2025-06-19,2025-06-19,11,1,0.353373
961,UNS 2025-06-19,2025-06-19,12,2,0.343810
961,UNS 2025-06-19,2025-06-19,13,7,0.811927
962,UNS 2025-06-20,2025-06-20,1,186,23.237107
962,UNS 2025-06-20,2025-06-20,2,260,27.501436
962,UNS 2025-06-20,2025-06-20,3,4,0.812410
962,UNS 2025-06-20,2025-06-20,4,59,17.940253
962,UNS 2025-06-20,2025-06-20,5,78,13.014521
962,UNS 2025-06-20,2025-06-20,6,5,9.354161
962,UNS 2025-06-20,2025-06-20,7,13,2.914474
962,UNS 2025-06-20,2025-06-20,8,28,2.592434
962,UNS 2025-06-20,2025-06-20,9,6,0.670400
962,UNS 2025-06-20,2025-06-20,10,1,0.453693
962,UNS 2025-06-20,2025-06-20,11,1,0.353373
962,UNS 2025-06-20,2025-06-20,12,2,0.343810
962,UNS 2025-06-20,2025-06-20,13,7,0.811927
963,UNS 2025-06-21,2025-06-21,1,186,23.237107
963,UNS 2025-06-21,2025-06-21,2,260,27.501436
963,UNS 2025-06-21,2025-06-21,3,4,0.812410
963,UNS 2025-06-21,2025-06-21,4,59,17.940253
963,UNS 2025-06-21,2025-06-21,5,78,13.014521
963,UNS 2025-06-21,2025-06-21,6,5,9.354161
963,UNS 2025-06-21,2025-06-21,7,13,2.914474
963,UNS 2025-06-21,2025-06-21,8,28,2.592434
963,UNS 2025-06-21,2025-06-21,9,6,0.670400
963,UNS 2025-06-21,2025-06-21,10,1,0.453693
963,UNS 2025-06-21,2025-06-21,11,1,0.353373
963,UNS 2025-06-21,2025-06-21,12,2,0.343810
963,UNS 2025-06-21,2025-06-21,13,7,0.811927
964,UNS 2025-06-22,2025-06-22,1,186,23.237107
964,UNS 2025-06-22,2025-06-22,2,260,27.501436
964,UNS 2025-06-22,2025-06-22,3,4,0.812410
964,UNS 2025-06-22,2025-06-22,4,59,17.940253
964,UNS 2025-06-22,2025-06-22,5,78,13.014521
964,UNS 2025-06-22,2025-06-22,6,5,9.354161
964,UNS 2025-06-22,2025-06-22,7,13,2.914474
964,UNS 2025-06-22,2025-06-22,8,28,2.592434
964,UNS 2025-06-22,2025-06-22,9,6,0.670400
964,UNS 2025-06-22,2025-06-22,10,1,0.453693
964,UNS 2025-06-22,2025-06-22,11,1,0.353373
964,UNS 2025-06-22,2025-06-22,12,2,0.343810
964,UNS 2025-06-22,2025-06-22,13,7,0.811927
965,UNS 2025-06-23,2025-06-23,1,184,23.191724
965,UNS 2025-06-23,2025-06-23,2,261,27.501950
965,UNS 2025-06-23,2025-06-23,3,4,0.827610
965,UNS 2025-06-23,2025-06-23,4,60,17.991633
965,UNS 2025-06-23,2025-06-23,5,78,13.107930
965,UNS 2025-06-23,2025-06-23,6,5,9.185272
965,UNS 2025-06-23,2025-06-23,7,13,2.928340
965,UNS 2025-06-23,2025-06-23,8,28,2.632153
965,UNS 2025-06-23,2025-06-23,9,6,0.670438
965,UNS 2025-06-23,2025-06-23,10,1,0.453721
965,UNS 2025-06-23,2025-06-23,11,1,0.353392
965,UNS 2025-06-23,2025-06-23,12,2,0.343845
965,UNS 2025-06-23,2025-06-23,13,7,0.811992
966,UNS 2025-06-24,2025-06-24,1,184,23.191724
966,UNS 2025-06-24,2025-06-24,2,261,27.501950
966,UNS 2025-06-24,2025-06-24,3,4,0.827610
966,UNS 2025-06-24,2025-06-24,4,60,17.991633
966,UNS 2025-06-24,2025-06-24,5,78,13.107930
966,UNS 2025-06-24,2025-06-24,6,5,9.185272
966,UNS 2025-06-24,2025-06-24,7,13,2.928340
966,UNS 2025-06-24,2025-06-24,8,28,2.632153
966,UNS 2025-06-24,2025-06-24,9,6,0.670438
966,UNS 2025-06-24,2025-06-24,10,1,0.453721
966,UNS 2025-06-24,2025-06-24,11,1,0.353392
966,UNS 2025-06-24,2025-06-24,12,2,0.343845
966,UNS 2025-06-24,2025-06-24,13,7,0.811992
967,UNS 2025-06-25,2025-06-25,1,182,23.283058
967,UNS 2025-06-25,2025-06-25,2,266,27.675876
967,UNS 2025-06-25,2025-06-25,3,4,0.842208
967,UNS 2025-06-25,2025-06-25,4,57,17.926994
967,UNS 2025-06-25,2025-06-25,5,76,12.947755
967,UNS 2025-06-25,2025-06-25,6,5,9.131805
967,UNS 2025-06-25,2025-06-25,7,12,2.908753
967,UNS 2025-06-25,2025-06-25,8,31,2.649856
967,UNS 2025-06-25,2025-06-25,9,6,0.670501
967,UNS 2025-06-25,2025-06-25,10,1,0.453769
967,UNS 2025-06-25,2025-06-25,11,1,0.353424
967,UNS 2025-06-25,2025-06-25,12,2,0.343902
967,UNS 2025-06-25,2025-06-25,13,7,0.812099
968,UNS 2025-06-26,2025-06-26,1,182,23.283058
968,UNS 2025-06-26,2025-06-26,2,266,27.675876
968,UNS 2025-06-26,2025-06-26,3,4,0.842208
968,UNS 2025-06-26,2025-06-26,4,57,17.926994
968,UNS 2025-06-26,2025-06-26,5,76,12.947755
968,UNS 2025-06-26,2025-06-26,6,5,9.131805
968,UNS 2025-06-26,2025-06-26,7,12,2.908753
968,UNS 2025-06-26,2025-06-26,8,31,2.649856
968,UNS 2025-06-26,2025-06-26,9,6,0.670501
968,UNS 2025-06-26,2025-06-26,10,1,0.453769
968,UNS 2025-06-26,2025-06-26,11,1,0.353424
968,UNS 2025-06-26,2025-06-26,12,2,0.343902
968,UNS 2025-06-26,2025-06-26,13,7,0.812099
969,UNS 2025-06-27,2025-06-27,1,182,23.283058
969,UNS 2025-06-27,2025-06-27,2,266,27.675876
969,UNS 2025-06-27,2025-06-27,3,4,0.842208
969,UNS 2025-06-27,2025-06-27,4,57,17.926994
969,UNS 2025-06-27,2025-06-27,5,76,12.947755
969,UNS 2025-06-27,2025-06-27,6,5,9.131805
969,UNS 2025-06-27,2025-06-27,7,12,2.908753
969,UNS 2025-06-27,2025-06-27,8,31,2.649856
969,UNS 2025-06-27,2025-06-27,9,6,0.670501
969,UNS 2025-06-27,2025-06-27,10,1,0.453769
969,UNS 2025-06-27,2025-06-27,11,1,0.353424
969,UNS 2025-06-27,2025-06-27,12,2,0.343902
969,UNS 2025-06-27,2025-06-27,13,7,0.812099
970,UNS 2025-06-28,2025-06-28,1,182,23.283058
970,UNS 2025-06-28,2025-06-28,2,266,27.675876
970,UNS 2025-06-28,2025-06-28,3,4,0.842208
970,UNS 2025-06-28,2025-06-28,4,57,17.926994
970,UNS 2025-06-28,2025-06-28,5,76,12.947755
970,UNS 2025-06-28,2025-06-28,6,5,9.131805
970,UNS 2025-06-28,2025-06-28,7,12,2.908753
970,UNS 2025-06-28,2025-06-28,8,31,2.649856
970,UNS 2025-06-28,2025-06-28,9,6,0.670501
970,UNS 2025-06-28,2025-06-28,10,1,0.453769
970,UNS 2025-06-28,2025-06-28,11,1,0.353424
970,UNS 2025-06-28,2025-06-28,12,2,0.343902
970,UNS 2025-06-28,2025-06-28,13,7,0.812099
971,UNS 2025-06-29,2025-06-29,1,182,23.283058
971,UNS 2025-06-29,2025-06-29,2,266,27.675876
971,UNS 2025-06-29,2025-06-29,3,4,0.842208
971,UNS 2025-06-29,2025-06-29,4,57,17.926994
971,UNS 2025-06-29,2025-06-29,5,76,12.947755
971,UNS 2025-06-29,2025-06-29,6,5,9.131805
971,UNS 2025-06-29,2025-06-29,7,12,2.908753
971,UNS 2025-06-29,2025-06-29,8,31,2.649856
971,UNS 2025-06-29,2025-06-29,9,6,0.670501
971,UNS 2025-06-29,2025-06-29,10,1,0.453769
971,UNS 2025-06-29,2025-06-29,11,1,0.353424
971,UNS 2025-06-29,2025-06-29,12,2,0.343902
971,UNS 2025-06-29,2025-06-29,13,7,0.812099
972,UNS 2025-06-30,2025-06-30,1,184,23.318804
972,UNS 2025-06-30,2025-06-30,2,262,27.631001
972,UNS 2025-06-30,2025-06-30,3,4,0.848627
972,UNS 2025-06-30,2025-06-30,4,57,17.843536
972,UNS 2025-06-30,2025-06-30,5,78,12.889323
972,UNS 2025-06-30,2025-06-30,6,5,9.179401
972,UNS 2025-06-30,2025-06-30,7,13,3.001693
972,UNS 2025-06-30,2025-06-30,8,30,2.653783
972,UNS 2025-06-30,2025-06-30,9,6,0.670530
972,UNS 2025-06-30,2025-06-30,10,1,0.453791
972,UNS 2025-06-30,2025-06-30,11,1,0.353438
972,UNS 2025-06-30,2025-06-30,12,2,0.343928
972,UNS 2025-06-30,2025-06-30,13,7,0.812146
973,UNS 2025-07-01,2025-07-01,1,184,23.318804
973,UNS 2025-07-01,2025-07-01,2,262,27.631001
973,UNS 2025-07-01,2025-07-01,3,4,0.848627
973,UNS 2025-07-01,2025-07-01,4,57,17.843536
973,UNS 2025-07-01,2025-07-01,5,78,12.889323
973,UNS 2025-07-01,2025-07-01,6,5,9.179401
973,UNS 2025-07-01,2025-07-01,7,13,3.001693
973,UNS 2025-07-01,2025-07-01,8,30,2.653783
973,UNS 2025-07-01,2025-07-01,9,6,0.670530
973,UNS 2025-07-01,2025-07-01,10,1,0.453791
973,UNS 2025-07-01,2025-07-01,11,1,0.353438
973,UNS 2025-07-01,2025-07-01,12,2,0.343928
973,UNS 2025-07-01,2025-07-01,13,7,0.812146
974,UNS 2025-07-02,2025-07-02,1,184,23.238869
974,UNS 2025-07-02,2025-07-02,2,263,27.733548
974,UNS 2025-07-02,2025-07-02,3,4,0.857034
974,UNS 2025-07-02,2025-07-02,4,56,17.730913
974,UNS 2025-07-02,2025-07-02,5,78,12.917995
974,UNS 2025-07-02,2025-07-02,6,5,9.234334
974,UNS 2025-07-02,2025-07-02,7,13,3.004676
974,UNS 2025-07-02,2025-07-02,8,30,2.648675
974,UNS 2025-07-02,2025-07-02,9,6,0.670555
974,UNS 2025-07-02,2025-07-02,10,1,0.453810
974,UNS 2025-07-02,2025-07-02,11,1,0.353451
974,UNS 2025-07-02,2025-07-02,12,2,0.343951
974,UNS 2025-07-02,2025-07-02,13,7,0.812190
975,UNS 2025-07-03,2025-07-03,1,184,23.238869
975,UNS 2025-07-03,2025-07-03,2,263,27.733548
975,UNS 2025-07-03,2025-07-03,3,4,0.857034
975,UNS 2025-07-03,2025-07-03,4,56,17.730913
975,UNS 2025-07-03,2025-07-03,5,78,12.917995
975,UNS 2025-07-03,2025-07-03,6,5,9.234334
975,UNS 2025-07-03,2025-07-03,7,13,3.004676
975,UNS 2025-07-03,2025-07-03,8,30,2.648675
975,UNS 2025-07-03,2025-07-03,9,6,0.670555
975,UNS 2025-07-03,2025-07-03,10,1,0.453810
975,UNS 2025-07-03,2025-07-03,11,1,0.353451
975,UNS 2025-07-03,2025-07-03,12,2,0.343951
975,UNS 2025-07-03,2025-07-03,13,7,0.812190
976,UNS 2025-07-04,2025-07-04,1,184,23.238869
976,UNS 2025-07-04,2025-07-04,2,263,27.733548
976,UNS 2025-07-04,2025-07-04,3,4,0.857034
976,UNS 2025-07-04,2025-07-04,4,56,17.730913
976,UNS 2025-07-04,2025-07-04,5,78,12.917995
976,UNS 2025-07-04,2025-07-04,6,5,9.234334
976,UNS 2025-07-04,2025-07-04,7,13,3.004676
976,UNS 2025-07-04,2025-07-04,8,30,2.648675
976,UNS 2025-07-04,2025-07-04,9,6,0.670555
976,UNS 2025-07-04,2025-07-04,10,1,0.453810
976,UNS 2025-07-04,2025-07-04,11,1,0.353451
976,UNS 2025-07-04,2025-07-04,12,2,0.343951
976,UNS 2025-07-04,2025-07-04,13,7,0.812190
977,UNS 2025-07-05,2025-07-05,1,184,23.238869
977,UNS 2025-07-05,2025-07-05,2,263,27.733548
977,UNS 2025-07-05,2025-07-05,3,4,0.857034
977,UNS 2025-07-05,2025-07-05,4,56,17.730913
977,UNS 2025-07-05,2025-07-05,5,78,12.917995
977,UNS 2025-07-05,2025-07-05,6,5,9.234334
977,UNS 2025-07-05,2025-07-05,7,13,3.004676
977,UNS 2025-07-05,2025-07-05,8,30,2.648675
977,UNS 2025-07-05,2025-07-05,9,6,0.670555
977,UNS 2025-07-05,2025-07-05,10,1,0.453810
977,UNS 2025-07-05,2025-07-05,11,1,0.353451
977,UNS 2025-07-05,2025-07-05,12,2,0.343951
977,UNS 2025-07-05,2025-07-05,13,7,0.812190
978,UNS 2025-07-06,2025-07-06,1,184,23.238869
978,UNS 2025-07-06,2025-07-06,2,263,27.733548
978,UNS 2025-07-06,2025-07-06,3,4,0.857034
978,UNS 2025-07-06,2025-07-06,4,56,17.730913
978,UNS 2025-07-06,2025-07-06,5,78,12.917995
978,UNS 2025-07-06,2025-07-06,6,5,9.234334
978,UNS 2025-07-06,2025-07-06,7,13,3.004676
978,UNS 2025-07-06,2025-07-06,8,30,2.648675
978,UNS 2025-07-06,2025-07-06,9,6,0.670555
978,UNS 2025-07-06,2025-07-06,10,1,0.453810
978,UNS 2025-07-06,2025-07-06,11,1,0.353451
978,UNS 2025-07-06,2025-07-06,12,2,0.343951
978,UNS 2025-07-06,2025-07-06,13,7,0.812190
979,UNS 2025-07-07,2025-07-07,1,186,23.233031
979,UNS 2025-07-07,2025-07-07,2,267,27.829563
979,UNS 2025-07-07,2025-07-07,3,4,0.817915
979,UNS 2025-07-07,2025-07-07,4,57,17.652581
979,UNS 2025-07-07,2025-07-07,5,77,12.954950
979,UNS 2025-07-07,2025-07-07,6,5,9.317081
979,UNS 2025-07-07,2025-07-07,7,13,3.031376
979,UNS 2025-07-07,2025-07-07,8,24,2.529545
979,UNS 2025-07-07,2025-07-07,9,6,0.670555
979,UNS 2025-07-07,2025-07-07,10,1,0.453810
979,UNS 2025-07-07,2025-07-07,11,1,0.353451
979,UNS 2025-07-07,2025-07-07,12,2,0.343951
979,UNS 2025-07-07,2025-07-07,13,7,0.812190
980,UNS 2025-07-08,2025-07-08,1,186,23.233031
980,UNS 2025-07-08,2025-07-08,2,267,27.829563
980,UNS 2025-07-08,2025-07-08,3,4,0.817915
980,UNS 2025-07-08,2025-07-08,4,57,17.652581
980,UNS 2025-07-08,2025-07-08,5,77,12.954950
980,UNS 2025-07-08,2025-07-08,6,5,9.317081
980,UNS 2025-07-08,2025-07-08,7,13,3.031376
980,UNS 2025-07-08,2025-07-08,8,24,2.529545
980,UNS 2025-07-08,2025-07-08,9,6,0.670555
980,UNS 2025-07-08,2025-07-08,10,1,0.453810
980,UNS 2025-07-08,2025-07-08,11,1,0.353451
980,UNS 2025-07-08,2025-07-08,12,2,0.343951
980,UNS 2025-07-08,2025-07-08,13,7,0.812190
981,UNS 2025-07-09,2025-07-09,1,181,23.161268
981,UNS 2025-07-09,2025-07-09,2,271,27.987821
981,UNS 2025-07-09,2025-07-09,3,4,0.825835
981,UNS 2025-07-09,2025-07-09,4,58,17.646088
981,UNS 2025-07-09,2025-07-09,5,77,12.880510
981,UNS 2025-07-09,2025-07-09,6,5,9.293802
981,UNS 2025-07-09,2025-07-09,7,13,3.062628
981,UNS 2025-07-09,2025-07-09,8,24,2.507967
981,UNS 2025-07-09,2025-07-09,9,6,0.670580
981,UNS 2025-07-09,2025-07-09,10,1,0.453829
981,UNS 2025-07-09,2025-07-09,11,1,0.353464
981,UNS 2025-07-09,2025-07-09,12,2,0.343975
981,UNS 2025-07-09,2025-07-09,13,7,0.812233
982,UNS 2025-07-10,2025-07-10,1,181,23.161268
982,UNS 2025-07-10,2025-07-10,2,271,27.987821
982,UNS 2025-07-10,2025-07-10,3,4,0.825835
982,UNS 2025-07-10,2025-07-10,4,58,17.646088
982,UNS 2025-07-10,2025-07-10,5,77,12.880510
982,UNS 2025-07-10,2025-07-10,6,5,9.293802
982,UNS 2025-07-10,2025-07-10,7,13,3.062628
982,UNS 2025-07-10,2025-07-10,8,24,2.507967
982,UNS 2025-07-10,2025-07-10,9,6,0.670580
982,UNS 2025-07-10,2025-07-10,10,1,0.453829
982,UNS 2025-07-10,2025-07-10,11,1,0.353464
982,UNS 2025-07-10,2025-07-10,12,2,0.343975
982,UNS 2025-07-10,2025-07-10,13,7,0.812233
983,UNS 2025-07-11,2025-07-11,1,181,23.161268
983,UNS 2025-07-11,2025-07-11,2,271,27.987821
983,UNS 2025-07-11,2025-07-11,3,4,0.825835
983,UNS 2025-07-11,2025-07-11,4,58,17.646088
983,UNS 2025-07-11,2025-07-11,5,77,12.880510
983,UNS 2025-07-11,2025-07-11,6,5,9.293802
983,UNS 2025-07-11,2025-07-11,7,13,3.062628
983,UNS 2025-07-11,2025-07-11,8,24,2.507967
983,UNS 2025-07-11,2025-07-11,9,6,0.670580
983,UNS 2025-07-11,2025-07-11,10,1,0.453829
983,UNS 2025-07-11,2025-07-11,11,1,0.353464
983,UNS 2025-07-11,2025-07-11,12,2,0.343975
983,UNS 2025-07-11,2025-07-11,13,7,0.812233
984,UNS 2025-07-12,2025-07-12,1,181,23.161268
984,UNS 2025-07-12,2025-07-12,2,271,27.987821
984,UNS 2025-07-12,2025-07-12,3,4,0.825835
984,UNS 2025-07-12,2025-07-12,4,58,17.646088
984,UNS 2025-07-12,2025-07-12,5,77,12.880510
984,UNS 2025-07-12,2025-07-12,6,5,9.293802
984,UNS 2025-07-12,2025-07-12,7,13,3.062628
984,UNS 2025-07-12,2025-07-12,8,24,2.507967
984,UNS 2025-07-12,2025-07-12,9,6,0.670580
984,UNS 2025-07-12,2025-07-12,10,1,0.453829
984,UNS 2025-07-12,2025-07-12,11,1,0.353464
984,UNS 2025-07-12,2025-07-12,12,2,0.343975
984,UNS 2025-07-12,2025-07-12,13,7,0.812233
985,UNS 2025-07-13,2025-07-13,1,181,23.161268
985,UNS 2025-07-13,2025-07-13,2,271,27.987821
985,UNS 2025-07-13,2025-07-13,3,4,0.825835
985,UNS 2025-07-13,2025-07-13,4,58,17.646088
985,UNS 2025-07-13,2025-07-13,5,77,12.880510
985,UNS 2025-07-13,2025-07-13,6,5,9.293802
985,UNS 2025-07-13,2025-07-13,7,13,3.062628
985,UNS 2025-07-13,2025-07-13,8,24,2.507967
985,UNS 2025-07-13,2025-07-13,9,6,0.670580
985,UNS 2025-07-13,2025-07-13,10,1,0.453829
985,UNS 2025-07-13,2025-07-13,11,1,0.353464
985,UNS 2025-07-13,2025-07-13,12,2,0.343975
985,UNS 2025-07-13,2025-07-13,13,7,0.812233
986,UNS 2025-07-14,2025-07-14,1,185,23.100139
986,UNS 2025-07-14,2025-07-14,2,268,27.918078
986,UNS 2025-07-14,2025-07-14,3,4,0.835623
986,UNS 2025-07-14,2025-07-14,4,56,17.550863
986,UNS 2025-07-14,2025-07-14,5,78,12.954975
986,UNS 2025-07-14,2025-07-14,6,5,9.412523
986,UNS 2025-07-14,2025-07-14,7,13,3.067940
986,UNS 2025-07-14,2025-07-14,8,24,2.525776
986,UNS 2025-07-14,2025-07-14,9,6,0.670580
986,UNS 2025-07-14,2025-07-14,10,1,0.453829
986,UNS 2025-07-14,2025-07-14,11,1,0.353464
986,UNS 2025-07-14,2025-07-14,12,2,0.343975
986,UNS 2025-07-14,2025-07-14,13,7,0.812233
987,UNS 2025-07-15,2025-07-15,1,183,23.130417
987,UNS 2025-07-15,2025-07-15,2,269,27.864963
987,UNS 2025-07-15,2025-07-15,3,4,0.825828
987,UNS 2025-07-15,2025-07-15,4,58,17.610532
987,UNS 2025-07-15,2025-07-15,5,77,12.902189
987,UNS 2025-07-15,2025-07-15,6,5,9.401176
987,UNS 2025-07-15,2025-07-15,7,13,3.095939
987,UNS 2025-07-15,2025-07-15,8,24,2.534753
987,UNS 2025-07-15,2025-07-15,9,6,0.670605
987,UNS 2025-07-15,2025-07-15,10,1,0.453848
987,UNS 2025-07-15,2025-07-15,11,1,0.353476
987,UNS 2025-07-15,2025-07-15,12,2,0.343998
987,UNS 2025-07-15,2025-07-15,13,7,0.812275
988,UNS 2025-07-16,2025-07-16,1,180,22.993555
988,UNS 2025-07-16,2025-07-16,2,274,27.939046
988,UNS 2025-07-16,2025-07-16,3,4,0.848669
988,UNS 2025-07-16,2025-07-16,4,56,17.526397
988,UNS 2025-07-16,2025-07-16,5,77,12.882497
988,UNS 2025-07-16,2025-07-16,6,5,9.497376
988,UNS 2025-07-16,2025-07-16,7,13,3.156258
988,UNS 2025-07-16,2025-07-16,8,24,2.521894
988,UNS 2025-07-16,2025-07-16,9,6,0.670627
988,UNS 2025-07-16,2025-07-16,10,1,0.453864
988,UNS 2025-07-16,2025-07-16,11,1,0.353487
988,UNS 2025-07-16,2025-07-16,12,2,0.344017
988,UNS 2025-07-16,2025-07-16,13,7,0.812312
989,UNS 2025-07-17,2025-07-17,1,180,22.993555
989,UNS 2025-07-17,2025-07-17,2,274,27.939046
989,UNS 2025-07-17,2025-07-17,3,4,0.848669
989,UNS 2025-07-17,2025-07-17,4,56,17.526397
989,UNS 2025-07-17,2025-07-17,5,77,12.882497
989,UNS 2025-07-17,2025-07-17,6,5,9.497376
989,UNS 2025-07-17,2025-07-17,7,13,3.156258
989,UNS 2025-07-17,2025-07-17,8,24,2.521894
989,UNS 2025-07-17,2025-07-17,9,6,0.670627
989,UNS 2025-07-17,2025-07-17,10,1,0.453864
989,UNS 2025-07-17,2025-07-17,11,1,0.353487
989,UNS 2025-07-17,2025-07-17,12,2,0.344017
989,UNS 2025-07-17,2025-07-17,13,7,0.812312
990,UNS 2025-07-18,2025-07-18,1,180,22.993555
990,UNS 2025-07-18,2025-07-18,2,274,27.939046
990,UNS 2025-07-18,2025-07-18,3,4,0.848669
990,UNS 2025-07-18,2025-07-18,4,56,17.526397
990,UNS 2025-07-18,2025-07-18,5,77,12.882497
990,UNS 2025-07-18,2025-07-18,6,5,9.497376
990,UNS 2025-07-18,2025-07-18,7,13,3.156258
990,UNS 2025-07-18,2025-07-18,8,24,2.521894
990,UNS 2025-07-18,2025-07-18,9,6,0.670627
990,UNS 2025-07-18,2025-07-18,10,1,0.453864
990,UNS 2025-07-18,2025-07-18,11,1,0.353487
990,UNS 2025-07-18,2025-07-18,12,2,0.344017
990,UNS 2025-07-18,2025-07-18,13,7,0.812312
991,UNS 2025-07-19,2025-07-19,1,180,22.993555
991,UNS 2025-07-19,2025-07-19,2,274,27.939046
991,UNS 2025-07-19,2025-07-19,3,4,0.848669
991,UNS 2025-07-19,2025-07-19,4,56,17.526397
991,UNS 2025-07-19,2025-07-19,5,77,12.882497
991,UNS 2025-07-19,2025-07-19,6,5,9.497376
991,UNS 2025-07-19,2025-07-19,7,13,3.156258
991,UNS 2025-07-19,2025-07-19,8,24,2.521894
991,UNS 2025-07-19,2025-07-19,9,6,0.670627
991,UNS 2025-07-19,2025-07-19,10,1,0.453864
991,UNS 2025-07-19,2025-07-19,11,1,0.353487
991,UNS 2025-07-19,2025-07-19,12,2,0.344017
991,UNS 2025-07-19,2025-07-19,13,7,0.812312
992,UNS 2025-07-20,2025-07-20,1,181,22.920216
992,UNS 2025-07-20,2025-07-20,2,272,27.968965
992,UNS 2025-07-20,2025-07-20,3,4,0.837240
992,UNS 2025-07-20,2025-07-20,4,57,17.622583
992,UNS 2025-07-20,2025-07-20,5,77,12.938135
992,UNS 2025-07-20,2025-07-20,6,5,9.407249
992,UNS 2025-07-20,2025-07-20,7,13,3.148867
992,UNS 2025-07-20,2025-07-20,8,24,2.522337
992,UNS 2025-07-20,2025-07-20,9,6,0.670647
992,UNS 2025-07-20,2025-07-20,10,1,0.453880
992,UNS 2025-07-20,2025-07-20,11,1,0.353498
992,UNS 2025-07-20,2025-07-20,12,2,0.344036
992,UNS 2025-07-20,2025-07-20,13,7,0.812346
993,UNS 2025-07-21,2025-07-21,1,179,22.929680
993,UNS 2025-07-21,2025-07-21,2,271,27.871725
993,UNS 2025-07-21,2025-07-21,3,5,0.862279
993,UNS 2025-07-21,2025-07-21,4,56,17.509298
993,UNS 2025-07-21,2025-07-21,5,78,12.986545
993,UNS 2025-07-21,2025-07-21,6,5,9.496133
993,UNS 2025-07-21,2025-07-21,7,13,3.165860
993,UNS 2025-07-21,2025-07-21,8,26,2.544073
993,UNS 2025-07-21,2025-07-21,9,6,0.670647
993,UNS 2025-07-21,2025-07-21,10,1,0.453880
993,UNS 2025-07-21,2025-07-21,11,1,0.353498
993,UNS 2025-07-21,2025-07-21,12,2,0.344036
993,UNS 2025-07-21,2025-07-21,13,7,0.812346
994,UNS 2025-07-22,2025-07-22,1,179,22.929680
994,UNS 2025-07-22,2025-07-22,2,271,27.871725
994,UNS 2025-07-22,2025-07-22,3,5,0.862279
994,UNS 2025-07-22,2025-07-22,4,56,17.509298
994,UNS 2025-07-22,2025-07-22,5,78,12.986545
994,UNS 2025-07-22,2025-07-22,6,5,9.496133
994,UNS 2025-07-22,2025-07-22,7,13,3.165860
994,UNS 2025-07-22,2025-07-22,8,26,2.544073
994,UNS 2025-07-22,2025-07-22,9,6,0.670647
994,UNS 2025-07-22,2025-07-22,10,1,0.453880
994,UNS 2025-07-22,2025-07-22,11,1,0.353498
994,UNS 2025-07-22,2025-07-22,12,2,0.344036
994,UNS 2025-07-22,2025-07-22,13,7,0.812346
995,UNS 2025-07-23,2025-07-23,1,175,22.772095
995,UNS 2025-07-23,2025-07-23,2,276,28.128696
995,UNS 2025-07-23,2025-07-23,3,5,0.879270
995,UNS 2025-07-23,2025-07-23,4,55,17.371558
995,UNS 2025-07-23,2025-07-23,5,78,12.979305
995,UNS 2025-07-23,2025-07-23,6,4,9.497474
995,UNS 2025-07-23,2025-07-23,7,13,3.201087
995,UNS 2025-07-23,2025-07-23,8,27,2.536019
995,UNS 2025-07-23,2025-07-23,9,6,0.670666
995,UNS 2025-07-23,2025-07-23,10,1,0.453894
995,UNS 2025-07-23,2025-07-23,11,1,0.353507
995,UNS 2025-07-23,2025-07-23,12,2,0.344053
995,UNS 2025-07-23,2025-07-23,13,7,0.812378
996,UNS 2025-07-24,2025-07-24,1,175,22.772095
996,UNS 2025-07-24,2025-07-24,2,276,28.128696
996,UNS 2025-07-24,2025-07-24,3,5,0.879270
996,UNS 2025-07-24,2025-07-24,4,55,17.371558
996,UNS 2025-07-24,2025-07-24,5,78,12.979305
996,UNS 2025-07-24,2025-07-24,6,4,9.497474
996,UNS 2025-07-24,2025-07-24,7,13,3.201087
996,UNS 2025-07-24,2025-07-24,8,27,2.536019
996,UNS 2025-07-24,2025-07-24,9,6,0.670666
996,UNS 2025-07-24,2025-07-24,10,1,0.453894
996,UNS 2025-07-24,2025-07-24,11,1,0.353507
996,UNS 2025-07-24,2025-07-24,12,2,0.344053
996,UNS 2025-07-24,2025-07-24,13,7,0.812378
997,UNS 2025-07-25,2025-07-25,1,175,22.772095
997,UNS 2025-07-25,2025-07-25,2,276,28.128696
997,UNS 2025-07-25,2025-07-25,3,5,0.879270
997,UNS 2025-07-25,2025-07-25,4,55,17.371558
997,UNS 2025-07-25,2025-07-25,5,78,12.979305
997,UNS 2025-07-25,2025-07-25,6,4,9.497474
997,UNS 2025-07-25,2025-07-25,7,13,3.201087
997,UNS 2025-07-25,2025-07-25,8,27,2.536019
997,UNS 2025-07-25,2025-07-25,9,6,0.670666
997,UNS 2025-07-25,2025-07-25,10,1,0.453894
997,UNS 2025-07-25,2025-07-25,11,1,0.353507
997,UNS 2025-07-25,2025-07-25,12,2,0.344053
997,UNS 2025-07-25,2025-07-25,13,7,0.812378
998,UNS 2025-07-26,2025-07-26,1,175,22.772095
998,UNS 2025-07-26,2025-07-26,2,276,28.128696
998,UNS 2025-07-26,2025-07-26,3,5,0.879270
998,UNS 2025-07-26,2025-07-26,4,55,17.371558
998,UNS 2025-07-26,2025-07-26,5,78,12.979305
998,UNS 2025-07-26,2025-07-26,6,4,9.497474
998,UNS 2025-07-26,2025-07-26,7,13,3.201087
998,UNS 2025-07-26,2025-07-26,8,27,2.536019
998,UNS 2025-07-26,2025-07-26,9,6,0.670666
998,UNS 2025-07-26,2025-07-26,10,1,0.453894
998,UNS 2025-07-26,2025-07-26,11,1,0.353507
998,UNS 2025-07-26,2025-07-26,12,2,0.344053
998,UNS 2025-07-26,2025-07-26,13,7,0.812378
999,UNS 2025-07-27,2025-07-27,1,175,22.772095
999,UNS 2025-07-27,2025-07-27,2,276,28.128696
999,UNS 2025-07-27,2025-07-27,3,5,0.879270
999,UNS 2025-07-27,2025-07-27,4,55,17.371558
999,UNS 2025-07-27,2025-07-27,5,78,12.979305
999,UNS 2025-07-27,2025-07-27,6,4,9.497474
999,UNS 2025-07-27,2025-07-27,7,13,3.201087
999,UNS 2025-07-27,2025-07-27,8,27,2.536019
999,UNS 2025-07-27,2025-07-27,9,6,0.670666
999,UNS 2025-07-27,2025-07-27,10,1,0.453894
999,UNS 2025-07-27,2025-07-27,11,1,0.353507
999,UNS 2025-07-27,2025-07-27,12,2,0.344053
999,UNS 2025-07-27,2025-07-27,13,7,0.812378
1000,UNS 2025-07-28,2025-07-28,1,175,22.662566
1000,UNS 2025-07-28,2025-07-28,2,285,28.392986
1000,UNS 2025-07-28,2025-07-28,3,5,0.821036
1000,UNS 2025-07-28,2025-07-28,4,54,17.412573
1000,UNS 2025-07-28,2025-07-28,5,75,12.918881
1000,UNS 2025-07-28,2025-07-28,6,4,9.387246
1000,UNS 2025-07-28,2025-07-28,7,13,3.341356
1000,UNS 2025-07-28,2025-07-28,8,22,2.428774
1000,UNS 2025-07-28,2025-07-28,9,6,0.670683
1000,UNS 2025-07-28,2025-07-28,10,1,0.453907
1000,UNS 2025-07-28,2025-07-28,11,1,0.353516
1000,UNS 2025-07-28,2025-07-28,12,2,0.344069
1000,UNS 2025-07-28,2025-07-28,13,7,0.812407
1001,UNS 2025-07-29,2025-07-29,1,175,22.662566
1001,UNS 2025-07-29,2025-07-29,2,285,28.392986
1001,UNS 2025-07-29,2025-07-29,3,5,0.821036
1001,UNS 2025-07-29,2025-07-29,4,54,17.412573
1001,UNS 2025-07-29,2025-07-29,5,75,12.918881
1001,UNS 2025-07-29,2025-07-29,6,4,9.387246
1001,UNS 2025-07-29,2025-07-29,7,13,3.341356
1001,UNS 2025-07-29,2025-07-29,8,22,2.428774
1001,UNS 2025-07-29,2025-07-29,9,6,0.670683
1001,UNS 2025-07-29,2025-07-29,10,1,0.453907
1001,UNS 2025-07-29,2025-07-29,11,1,0.353516
1001,UNS 2025-07-29,2025-07-29,12,2,0.344069
1001,UNS 2025-07-29,2025-07-29,13,7,0.812407
1002,UNS 2025-07-30,2025-07-30,1,175,22.543726
1002,UNS 2025-07-30,2025-07-30,2,287,28.480845
1002,UNS 2025-07-30,2025-07-30,3,5,0.822317
1002,UNS 2025-07-30,2025-07-30,4,52,17.341357
1002,UNS 2025-07-30,2025-07-30,5,75,12.892997
1002,UNS 2025-07-30,2025-07-30,6,4,9.364439
1002,UNS 2025-07-30,2025-07-30,7,13,3.499883
1002,UNS 2025-07-30,2025-07-30,8,22,2.419777
1002,UNS 2025-07-30,2025-07-30,9,6,0.670699
1002,UNS 2025-07-30,2025-07-30,10,1,0.453919
1002,UNS 2025-07-30,2025-07-30,11,1,0.353523
1002,UNS 2025-07-30,2025-07-30,12,2,0.344083
1002,UNS 2025-07-30,2025-07-30,13,7,0.812434
1003,UNS 2025-07-31,2025-07-31,1,169,22.489215
1003,UNS 2025-07-31,2025-07-31,2,292,28.622840
1003,UNS 2025-07-31,2025-07-31,3,4,0.814302
1003,UNS 2025-07-31,2025-07-31,4,53,17.400947
1003,UNS 2025-07-31,2025-07-31,5,75,12.882986
1003,UNS 2025-07-31,2025-07-31,6,4,9.259099
1003,UNS 2025-07-31,2025-07-31,7,12,3.473487
1003,UNS 2025-07-31,2025-07-31,8,24,2.422399
1003,UNS 2025-07-31,2025-07-31,9,6,0.670712
1003,UNS 2025-07-31,2025-07-31,10,1,0.453929
1003,UNS 2025-07-31,2025-07-31,11,1,0.353530
1003,UNS 2025-07-31,2025-07-31,12,2,0.344096
1003,UNS 2025-07-31,2025-07-31,13,7,0.812457
1004,UNS 2025-08-01,2025-08-01,1,169,22.489215
1004,UNS 2025-08-01,2025-08-01,2,292,28.622840
1004,UNS 2025-08-01,2025-08-01,3,4,0.814302
1004,UNS 2025-08-01,2025-08-01,4,53,17.400947
1004,UNS 2025-08-01,2025-08-01,5,75,12.882986
1004,UNS 2025-08-01,2025-08-01,6,4,9.259099
1004,UNS 2025-08-01,2025-08-01,7,12,3.473487
1004,UNS 2025-08-01,2025-08-01,8,24,2.422399
1004,UNS 2025-08-01,2025-08-01,9,6,0.670712
1004,UNS 2025-08-01,2025-08-01,10,1,0.453929
1004,UNS 2025-08-01,2025-08-01,11,1,0.353530
1004,UNS 2025-08-01,2025-08-01,12,2,0.344096
1004,UNS 2025-08-01,2025-08-01,13,7,0.812457
1005,UNS 2025-08-02,2025-08-02,1,169,22.489215
1005,UNS 2025-08-02,2025-08-02,2,292,28.622840
1005,UNS 2025-08-02,2025-08-02,3,4,0.814302
1005,UNS 2025-08-02,2025-08-02,4,53,17.400947
1005,UNS 2025-08-02,2025-08-02,5,75,12.882986
1005,UNS 2025-08-02,2025-08-02,6,4,9.259099
1005,UNS 2025-08-02,2025-08-02,7,12,3.473487
1005,UNS 2025-08-02,2025-08-02,8,24,2.422399
1005,UNS 2025-08-02,2025-08-02,9,6,0.670712
1005,UNS 2025-08-02,2025-08-02,10,1,0.453929
1005,UNS 2025-08-02,2025-08-02,11,1,0.353530
1005,UNS 2025-08-02,2025-08-02,12,2,0.344096
1005,UNS 2025-08-02,2025-08-02,13,7,0.812457
1006,UNS 2025-08-03,2025-08-03,1,170,22.468916
1006,UNS 2025-08-03,2025-08-03,2,292,28.717905
1006,UNS 2025-08-03,2025-08-03,3,4,0.805705
1006,UNS 2025-08-03,2025-08-03,4,51,17.383061
1006,UNS 2025-08-03,2025-08-03,5,75,12.890950
1006,UNS 2025-08-03,2025-08-03,6,4,9.141027
1006,UNS 2025-08-03,2025-08-03,7,13,3.531028
1006,UNS 2025-08-03,2025-08-03,8,24,2.426620
1006,UNS 2025-08-03,2025-08-03,9,6,0.670725
1006,UNS 2025-08-03,2025-08-03,10,1,0.453939
1006,UNS 2025-08-03,2025-08-03,11,1,0.353537
1006,UNS 2025-08-03,2025-08-03,12,2,0.344107
1006,UNS 2025-08-03,2025-08-03,13,7,0.812479
1007,UNS 2025-08-04,2025-08-04,1,170,22.420824
1007,UNS 2025-08-04,2025-08-04,2,293,28.712674
1007,UNS 2025-08-04,2025-08-04,3,4,0.853311
1007,UNS 2025-08-04,2025-08-04,4,54,17.350369
1007,UNS 2025-08-04,2025-08-04,5,75,12.985667
1007,UNS 2025-08-04,2025-08-04,6,4,9.140681
1007,UNS 2025-08-04,2025-08-04,7,13,3.578194
1007,UNS 2025-08-04,2025-08-04,8,20,2.323494
1007,UNS 2025-08-04,2025-08-04,9,6,0.670725
1007,UNS 2025-08-04,2025-08-04,10,1,0.453939
1007,UNS 2025-08-04,2025-08-04,11,1,0.353537
1007,UNS 2025-08-04,2025-08-04,12,2,0.344107
1007,UNS 2025-08-04,2025-08-04,13,7,0.812479
1008,UNS 2025-08-05,2025-08-05,1,170,22.420824
1008,UNS 2025-08-05,2025-08-05,2,293,28.712674
1008,UNS 2025-08-05,2025-08-05,3,4,0.853311
1008,UNS 2025-08-05,2025-08-05,4,54,17.350369
1008,UNS 2025-08-05,2025-08-05,5,75,12.985667
1008,UNS 2025-08-05,2025-08-05,6,4,9.140681
1008,UNS 2025-08-05,2025-08-05,7,13,3.578194
1008,UNS 2025-08-05,2025-08-05,8,20,2.323494
1008,UNS 2025-08-05,2025-08-05,9,6,0.670725
1008,UNS 2025-08-05,2025-08-05,10,1,0.453939
1008,UNS 2025-08-05,2025-08-05,11,1,0.353537
1008,UNS 2025-08-05,2025-08-05,12,2,0.344107
1008,UNS 2025-08-05,2025-08-05,13,7,0.812479
1009,UNS 2025-08-06,2025-08-06,1,170,22.332800
1009,UNS 2025-08-06,2025-08-06,2,299,28.867250
1009,UNS 2025-08-06,2025-08-06,3,4,0.850981
1009,UNS 2025-08-06,2025-08-06,4,48,17.233661
1009,UNS 2025-08-06,2025-08-06,5,75,12.909691
1009,UNS 2025-08-06,2025-08-06,6,4,9.143917
1009,UNS 2025-08-06,2025-08-06,7,13,3.700127
1009,UNS 2025-08-06,2025-08-06,8,20,2.326731
1009,UNS 2025-08-06,2025-08-06,9,6,0.670737
1009,UNS 2025-08-06,2025-08-06,10,1,0.453948
1009,UNS 2025-08-06,2025-08-06,11,1,0.353543
1009,UNS 2025-08-06,2025-08-06,12,2,0.344118
1009,UNS 2025-08-06,2025-08-06,13,7,0.812498
1010,UNS 2025-08-07,2025-08-07,1,170,22.332800
1010,UNS 2025-08-07,2025-08-07,2,299,28.867250
1010,UNS 2025-08-07,2025-08-07,3,4,0.850981
1010,UNS 2025-08-07,2025-08-07,4,48,17.233661
1010,UNS 2025-08-07,2025-08-07,5,75,12.909691
1010,UNS 2025-08-07,2025-08-07,6,4,9.143917
1010,UNS 2025-08-07,2025-08-07,7,13,3.700127
1010,UNS 2025-08-07,2025-08-07,8,20,2.326731
1010,UNS 2025-08-07,2025-08-07,9,6,0.670737
1010,UNS 2025-08-07,2025-08-07,10,1,0.453948
1010,UNS 2025-08-07,2025-08-07,11,1,0.353543
1010,UNS 2025-08-07,2025-08-07,12,2,0.344118
1010,UNS 2025-08-07,2025-08-07,13,7,0.812498
1011,UNS 2025-08-08,2025-08-08,1,170,22.332690
1011,UNS 2025-08-08,2025-08-08,2,299,28.867375
1011,UNS 2025-08-08,2025-08-08,3,4,0.850986
1011,UNS 2025-08-08,2025-08-08,4,48,17.233597
1011,UNS 2025-08-08,2025-08-08,5,75,12.909711
1011,UNS 2025-08-08,2025-08-08,6,4,9.143930
1011,UNS 2025-08-08,2025-08-08,7,13,3.700137
1011,UNS 2025-08-08,2025-08-08,8,20,2.326732
1011,UNS 2025-08-08,2025-08-08,9,6,0.670737
1011,UNS 2025-08-08,2025-08-08,10,1,0.453948
1011,UNS 2025-08-08,2025-08-08,11,1,0.353543
1011,UNS 2025-08-08,2025-08-08,12,2,0.344118
1011,UNS 2025-08-08,2025-08-08,13,7,0.812498
1012,UNS 2025-08-09,2025-08-09,1,170,22.332690
1012,UNS 2025-08-09,2025-08-09,2,299,28.867375
1012,UNS 2025-08-09,2025-08-09,3,4,0.850986
1012,UNS 2025-08-09,2025-08-09,4,48,17.233597
1012,UNS 2025-08-09,2025-08-09,5,75,12.909711
1012,UNS 2025-08-09,2025-08-09,6,4,9.143930
1012,UNS 2025-08-09,2025-08-09,7,13,3.700137
1012,UNS 2025-08-09,2025-08-09,8,20,2.326732
1012,UNS 2025-08-09,2025-08-09,9,6,0.670737
1012,UNS 2025-08-09,2025-08-09,10,1,0.453948
1012,UNS 2025-08-09,2025-08-09,11,1,0.353543
1012,UNS 2025-08-09,2025-08-09,12,2,0.344118
1012,UNS 2025-08-09,2025-08-09,13,7,0.812498
1013,UNS 2025-08-10,2025-08-10,1,170,22.332690
1013,UNS 2025-08-10,2025-08-10,2,299,28.867375
1013,UNS 2025-08-10,2025-08-10,3,4,0.850986
1013,UNS 2025-08-10,2025-08-10,4,48,17.233597
1013,UNS 2025-08-10,2025-08-10,5,75,12.909711
1013,UNS 2025-08-10,2025-08-10,6,4,9.143930
1013,UNS 2025-08-10,2025-08-10,7,13,3.700137
1013,UNS 2025-08-10,2025-08-10,8,20,2.326732
1013,UNS 2025-08-10,2025-08-10,9,6,0.670737
1013,UNS 2025-08-10,2025-08-10,10,1,0.453948
1013,UNS 2025-08-10,2025-08-10,11,1,0.353543
1013,UNS 2025-08-10,2025-08-10,12,2,0.344118
1013,UNS 2025-08-10,2025-08-10,13,7,0.812498
1014,UNS 2025-08-11,2025-08-11,1,170,22.098935
1014,UNS 2025-08-11,2025-08-11,2,299,28.888879
1014,UNS 2025-08-11,2025-08-11,3,4,0.896332
1014,UNS 2025-08-11,2025-08-11,4,51,17.260725
1014,UNS 2025-08-11,2025-08-11,5,75,12.864609
1014,UNS 2025-08-11,2025-08-11,6,4,8.925016
1014,UNS 2025-08-11,2025-08-11,7,13,3.832739
1014,UNS 2025-08-11,2025-08-11,8,17,2.597868
1014,UNS 2025-08-11,2025-08-11,9,6,0.670748
1014,UNS 2025-08-11,2025-08-11,10,1,0.453956
1014,UNS 2025-08-11,2025-08-11,11,1,0.353548
1014,UNS 2025-08-11,2025-08-11,12,2,0.344128
1014,UNS 2025-08-11,2025-08-11,13,7,0.812517
1015,UNS 2025-08-12,2025-08-12,1,170,22.098935
1015,UNS 2025-08-12,2025-08-12,2,299,28.888879
1015,UNS 2025-08-12,2025-08-12,3,4,0.896332
1015,UNS 2025-08-12,2025-08-12,4,51,17.260725
1015,UNS 2025-08-12,2025-08-12,5,75,12.864609
1015,UNS 2025-08-12,2025-08-12,6,4,8.925016
1015,UNS 2025-08-12,2025-08-12,7,13,3.832739
1015,UNS 2025-08-12,2025-08-12,8,17,2.597868
1015,UNS 2025-08-12,2025-08-12,9,6,0.670748
1015,UNS 2025-08-12,2025-08-12,10,1,0.453956
1015,UNS 2025-08-12,2025-08-12,11,1,0.353548
1015,UNS 2025-08-12,2025-08-12,12,2,0.344128
1015,UNS 2025-08-12,2025-08-12,13,7,0.812517
1016,UNS 2025-08-13,2025-08-13,1,170,22.098935
1016,UNS 2025-08-13,2025-08-13,2,299,28.888879
1016,UNS 2025-08-13,2025-08-13,3,4,0.896332
1016,UNS 2025-08-13,2025-08-13,4,51,17.260725
1016,UNS 2025-08-13,2025-08-13,5,75,12.864609
1016,UNS 2025-08-13,2025-08-13,6,4,8.925016
1016,UNS 2025-08-13,2025-08-13,7,13,3.832739
1016,UNS 2025-08-13,2025-08-13,8,17,2.597868
1016,UNS 2025-08-13,2025-08-13,9,6,0.670748
1016,UNS 2025-08-13,2025-08-13,10,1,0.453956
1016,UNS 2025-08-13,2025-08-13,11,1,0.353548
1016,UNS 2025-08-13,2025-08-13,12,2,0.344128
1016,UNS 2025-08-13,2025-08-13,13,7,0.812517
1017,UNS 2025-08-14,2025-08-14,1,167,21.957664
1017,UNS 2025-08-14,2025-08-14,2,303,28.967825
1017,UNS 2025-08-14,2025-08-14,3,4,0.906581
1017,UNS 2025-08-14,2025-08-14,4,50,17.281077
1017,UNS 2025-08-14,2025-08-14,5,75,12.807580
1017,UNS 2025-08-14,2025-08-14,6,4,8.962688
1017,UNS 2025-08-14,2025-08-14,7,13,3.925267
1017,UNS 2025-08-14,2025-08-14,8,17,2.556369
1017,UNS 2025-08-14,2025-08-14,9,6,0.670758
1017,UNS 2025-08-14,2025-08-14,10,1,0.453964
1017,UNS 2025-08-14,2025-08-14,11,1,0.353553
1017,UNS 2025-08-14,2025-08-14,12,2,0.344137
1017,UNS 2025-08-14,2025-08-14,13,7,0.812535
1018,UNS 2025-08-15,2025-08-15,1,167,21.957664
1018,UNS 2025-08-15,2025-08-15,2,303,28.967825
1018,UNS 2025-08-15,2025-08-15,3,4,0.906581
1018,UNS 2025-08-15,2025-08-15,4,50,17.281077
1018,UNS 2025-08-15,2025-08-15,5,75,12.807580
1018,UNS 2025-08-15,2025-08-15,6,4,8.962688
1018,UNS 2025-08-15,2025-08-15,7,13,3.925267
1018,UNS 2025-08-15,2025-08-15,8,17,2.556369
1018,UNS 2025-08-15,2025-08-15,9,6,0.670758
1018,UNS 2025-08-15,2025-08-15,10,1,0.453964
1018,UNS 2025-08-15,2025-08-15,11,1,0.353553
1018,UNS 2025-08-15,2025-08-15,12,2,0.344137
1018,UNS 2025-08-15,2025-08-15,13,7,0.812535
1019,UNS 2025-08-16,2025-08-16,1,167,21.957664
1019,UNS 2025-08-16,2025-08-16,2,303,28.967825
1019,UNS 2025-08-16,2025-08-16,3,4,0.906581
1019,UNS 2025-08-16,2025-08-16,4,50,17.281077
1019,UNS 2025-08-16,2025-08-16,5,75,12.807580
1019,UNS 2025-08-16,2025-08-16,6,4,8.962688
1019,UNS 2025-08-16,2025-08-16,7,13,3.925267
1019,UNS 2025-08-16,2025-08-16,8,17,2.556369
1019,UNS 2025-08-16,2025-08-16,9,6,0.670758
1019,UNS 2025-08-16,2025-08-16,10,1,0.453964
1019,UNS 2025-08-16,2025-08-16,11,1,0.353553
1019,UNS 2025-08-16,2025-08-16,12,2,0.344137
1019,UNS 2025-08-16,2025-08-16,13,7,0.812535
1020,UNS 2025-08-17,2025-08-17,1,167,21.957664
1020,UNS 2025-08-17,2025-08-17,2,303,28.967825
1020,UNS 2025-08-17,2025-08-17,3,4,0.906581
1020,UNS 2025-08-17,2025-08-17,4,50,17.281077
1020,UNS 2025-08-17,2025-08-17,5,75,12.807580
1020,UNS 2025-08-17,2025-08-17,6,4,8.962688
1020,UNS 2025-08-17,2025-08-17,7,13,3.925267
1020,UNS 2025-08-17,2025-08-17,8,17,2.556369
1020,UNS 2025-08-17,2025-08-17,9,6,0.670758
1020,UNS 2025-08-17,2025-08-17,10,1,0.453964
1020,UNS 2025-08-17,2025-08-17,11,1,0.353553
1020,UNS 2025-08-17,2025-08-17,12,2,0.344137
1020,UNS 2025-08-17,2025-08-17,13,7,0.812535
1021,UNS 2025-08-18,2025-08-18,1,170,21.862210
1021,UNS 2025-08-18,2025-08-18,2,296,28.891356
1021,UNS 2025-08-18,2025-08-18,3,4,0.979098
1021,UNS 2025-08-18,2025-08-18,4,55,17.194023
1021,UNS 2025-08-18,2025-08-18,5,75,12.669094
1021,UNS 2025-08-18,2025-08-18,6,4,8.814846
1021,UNS 2025-08-18,2025-08-18,7,14,4.031021
1021,UNS 2025-08-18,2025-08-18,8,15,2.923356
1021,UNS 2025-08-18,2025-08-18,9,6,0.670768
1021,UNS 2025-08-18,2025-08-18,10,1,0.453971
1021,UNS 2025-08-18,2025-08-18,11,1,0.353558
1021,UNS 2025-08-18,2025-08-18,12,2,0.344146
1021,UNS 2025-08-18,2025-08-18,13,7,0.812551
1022,UNS 2025-08-19,2025-08-19,1,170,21.862210
1022,UNS 2025-08-19,2025-08-19,2,296,28.891356
1022,UNS 2025-08-19,2025-08-19,3,4,0.979098
1022,UNS 2025-08-19,2025-08-19,4,55,17.194023
1022,UNS 2025-08-19,2025-08-19,5,75,12.669094
1022,UNS 2025-08-19,2025-08-19,6,4,8.814846
1022,UNS 2025-08-19,2025-08-19,7,14,4.031021
1022,UNS 2025-08-19,2025-08-19,8,15,2.923356
1022,UNS 2025-08-19,2025-08-19,9,6,0.670768
1022,UNS 2025-08-19,2025-08-19,10,1,0.453971
1022,UNS 2025-08-19,2025-08-19,11,1,0.353558
1022,UNS 2025-08-19,2025-08-19,12,2,0.344146
1022,UNS 2025-08-19,2025-08-19,13,7,0.812551
1023,UNS 2025-08-20,2025-08-20,1,168,21.682223
1023,UNS 2025-08-20,2025-08-20,2,300,29.122516
1023,UNS 2025-08-20,2025-08-20,3,4,0.972806
1023,UNS 2025-08-20,2025-08-20,4,53,17.120385
1023,UNS 2025-08-20,2025-08-20,5,75,12.598690
1023,UNS 2025-08-20,2025-08-20,6,4,8.884518
1023,UNS 2025-08-20,2025-08-20,7,13,4.117022
1023,UNS 2025-08-20,2025-08-20,8,16,2.866803
1023,UNS 2025-08-20,2025-08-20,9,6,0.670776
1023,UNS 2025-08-20,2025-08-20,10,1,0.453978
1023,UNS 2025-08-20,2025-08-20,11,1,0.353563
1023,UNS 2025-08-20,2025-08-20,12,2,0.344154
1023,UNS 2025-08-20,2025-08-20,13,7,0.812566
1024,UNS 2025-08-21,2025-08-21,1,168,21.682223
1024,UNS 2025-08-21,2025-08-21,2,300,29.122516
1024,UNS 2025-08-21,2025-08-21,3,4,0.972806
1024,UNS 2025-08-21,2025-08-21,4,53,17.120385
1024,UNS 2025-08-21,2025-08-21,5,75,12.598690
1024,UNS 2025-08-21,2025-08-21,6,4,8.884518
1024,UNS 2025-08-21,2025-08-21,7,13,4.117022
1024,UNS 2025-08-21,2025-08-21,8,16,2.866803
1024,UNS 2025-08-21,2025-08-21,9,6,0.670776
1024,UNS 2025-08-21,2025-08-21,10,1,0.453978
1024,UNS 2025-08-21,2025-08-21,11,1,0.353563
1024,UNS 2025-08-21,2025-08-21,12,2,0.344154
1024,UNS 2025-08-21,2025-08-21,13,7,0.812566
1025,UNS 2025-08-22,2025-08-22,1,171,21.777526
1025,UNS 2025-08-22,2025-08-22,2,300,29.158242
1025,UNS 2025-08-22,2025-08-22,3,4,0.928944
1025,UNS 2025-08-22,2025-08-22,4,53,17.100160
1025,UNS 2025-08-22,2025-08-22,5,75,12.633870
1025,UNS 2025-08-22,2025-08-22,6,4,8.888649
1025,UNS 2025-08-22,2025-08-22,7,13,4.162554
1025,UNS 2025-08-22,2025-08-22,8,13,2.714982
1025,UNS 2025-08-22,2025-08-22,9,6,0.670784
1025,UNS 2025-08-22,2025-08-22,10,1,0.453984
1025,UNS 2025-08-22,2025-08-22,11,1,0.353567
1025,UNS 2025-08-22,2025-08-22,12,2,0.344161
1025,UNS 2025-08-22,2025-08-22,13,7,0.812579
1026,UNS 2025-08-23,2025-08-23,1,171,21.777526
1026,UNS 2025-08-23,2025-08-23,2,300,29.158242
1026,UNS 2025-08-23,2025-08-23,3,4,0.928944
1026,UNS 2025-08-23,2025-08-23,4,53,17.100160
1026,UNS 2025-08-23,2025-08-23,5,75,12.633870
1026,UNS 2025-08-23,2025-08-23,6,4,8.888649
1026,UNS 2025-08-23,2025-08-23,7,13,4.162554
1026,UNS 2025-08-23,2025-08-23,8,13,2.714982
1026,UNS 2025-08-23,2025-08-23,9,6,0.670784
1026,UNS 2025-08-23,2025-08-23,10,1,0.453984
1026,UNS 2025-08-23,2025-08-23,11,1,0.353567
1026,UNS 2025-08-23,2025-08-23,12,2,0.344161
1026,UNS 2025-08-23,2025-08-23,13,7,0.812579
1027,UNS 2025-08-24,2025-08-24,1,171,21.777526
1027,UNS 2025-08-24,2025-08-24,2,300,29.158242
1027,UNS 2025-08-24,2025-08-24,3,4,0.928944
1027,UNS 2025-08-24,2025-08-24,4,53,17.100160
1027,UNS 2025-08-24,2025-08-24,5,75,12.633870
1027,UNS 2025-08-24,2025-08-24,6,4,8.888649
1027,UNS 2025-08-24,2025-08-24,7,13,4.162554
1027,UNS 2025-08-24,2025-08-24,8,13,2.714982
1027,UNS 2025-08-24,2025-08-24,9,6,0.670784
1027,UNS 2025-08-24,2025-08-24,10,1,0.453984
1027,UNS 2025-08-24,2025-08-24,11,1,0.353567
1027,UNS 2025-08-24,2025-08-24,12,2,0.344161
1027,UNS 2025-08-24,2025-08-24,13,7,0.812579
1028,UNS 2025-08-25,2025-08-25,1,171,21.777526
1028,UNS 2025-08-25,2025-08-25,2,300,29.158242
1028,UNS 2025-08-25,2025-08-25,3,4,0.928944
1028,UNS 2025-08-25,2025-08-25,4,53,17.100160
1028,UNS 2025-08-25,2025-08-25,5,75,12.633870
1028,UNS 2025-08-25,2025-08-25,6,4,8.888649
1028,UNS 2025-08-25,2025-08-25,7,13,4.162554
1028,UNS 2025-08-25,2025-08-25,8,13,2.714982
1028,UNS 2025-08-25,2025-08-25,9,6,0.670784
1028,UNS 2025-08-25,2025-08-25,10,1,0.453984
1028,UNS 2025-08-25,2025-08-25,11,1,0.353567
1028,UNS 2025-08-25,2025-08-25,12,2,0.344161
1028,UNS 2025-08-25,2025-08-25,13,7,0.812579
1029,UNS 2025-08-26,2025-08-26,1,170,21.604837
1029,UNS 2025-08-26,2025-08-26,2,303,29.132878
1029,UNS 2025-08-26,2025-08-26,3,4,0.999042
1029,UNS 2025-08-26,2025-08-26,4,50,16.980834
1029,UNS 2025-08-26,2025-08-26,5,75,12.614759
1029,UNS 2025-08-26,2025-08-26,6,4,8.819417
1029,UNS 2025-08-26,2025-08-26,7,15,4.185315
1029,UNS 2025-08-26,2025-08-26,8,12,3.027807
1029,UNS 2025-08-26,2025-08-26,9,6,0.670791
1029,UNS 2025-08-26,2025-08-26,10,1,0.453989
1029,UNS 2025-08-26,2025-08-26,11,1,0.353570
1029,UNS 2025-08-26,2025-08-26,12,2,0.344168
1029,UNS 2025-08-26,2025-08-26,13,7,0.812592
1030,UNS 2025-08-27,2025-08-27,1,163,21.467571
1030,UNS 2025-08-27,2025-08-27,2,310,29.349372
1030,UNS 2025-08-27,2025-08-27,3,4,0.999640
1030,UNS 2025-08-27,2025-08-27,4,48,16.856837
1030,UNS 2025-08-27,2025-08-27,5,75,12.576114
1030,UNS 2025-08-27,2025-08-27,6,4,8.874179
1030,UNS 2025-08-27,2025-08-27,7,16,4.281868
1030,UNS 2025-08-27,2025-08-27,8,13,2.959277
1030,UNS 2025-08-27,2025-08-27,9,6,0.670798
1030,UNS 2025-08-27,2025-08-27,10,1,0.453994
1030,UNS 2025-08-27,2025-08-27,11,1,0.353574
1030,UNS 2025-08-27,2025-08-27,12,2,0.344174
1030,UNS 2025-08-27,2025-08-27,13,7,0.812603
1031,UNS 2025-08-28,2025-08-28,1,168,21.576981
1031,UNS 2025-08-28,2025-08-28,2,303,29.316110
1031,UNS 2025-08-28,2025-08-28,3,4,0.993681
1031,UNS 2025-08-28,2025-08-28,4,49,16.831936
1031,UNS 2025-08-28,2025-08-28,5,75,12.551327
1031,UNS 2025-08-28,2025-08-28,6,4,8.862829
1031,UNS 2025-08-28,2025-08-28,7,17,4.318069
1031,UNS 2025-08-28,2025-08-28,8,13,2.913897
1031,UNS 2025-08-28,2025-08-28,9,6,0.670804
1031,UNS 2025-08-28,2025-08-28,10,1,0.453999
1031,UNS 2025-08-28,2025-08-28,11,1,0.353576
1031,UNS 2025-08-28,2025-08-28,12,2,0.344179
1031,UNS 2025-08-28,2025-08-28,13,7,0.812613
1032,UNS 2025-08-29,2025-08-29,1,168,21.576981
1032,UNS 2025-08-29,2025-08-29,2,303,29.316110
1032,UNS 2025-08-29,2025-08-29,3,4,0.993681
1032,UNS 2025-08-29,2025-08-29,4,49,16.831936
1032,UNS 2025-08-29,2025-08-29,5,75,12.551327
1032,UNS 2025-08-29,2025-08-29,6,4,8.862829
1032,UNS 2025-08-29,2025-08-29,7,17,4.318069
1032,UNS 2025-08-29,2025-08-29,8,13,2.913897
1032,UNS 2025-08-29,2025-08-29,9,6,0.670804
1032,UNS 2025-08-29,2025-08-29,10,1,0.453999
1032,UNS 2025-08-29,2025-08-29,11,1,0.353576
1032,UNS 2025-08-29,2025-08-29,12,2,0.344179
1032,UNS 2025-08-29,2025-08-29,13,7,0.812613
1033,UNS 2025-08-30,2025-08-30,1,168,21.576897
1033,UNS 2025-08-30,2025-08-30,2,303,29.316224
1033,UNS 2025-08-30,2025-08-30,3,4,0.993686
1033,UNS 2025-08-30,2025-08-30,4,49,16.831846
1033,UNS 2025-08-30,2025-08-30,5,75,12.551340
1033,UNS 2025-08-30,2025-08-30,6,4,8.862837
1033,UNS 2025-08-30,2025-08-30,7,17,4.318091
1033,UNS 2025-08-30,2025-08-30,8,13,2.913908
1033,UNS 2025-08-30,2025-08-30,9,6,0.670804
1033,UNS 2025-08-30,2025-08-30,10,1,0.453999
1033,UNS 2025-08-30,2025-08-30,11,1,0.353576
1033,UNS 2025-08-30,2025-08-30,12,2,0.344179
1033,UNS 2025-08-30,2025-08-30,13,7,0.812613
1034,UNS 2025-08-31,2025-08-31,1,168,21.576897
1034,UNS 2025-08-31,2025-08-31,2,303,29.316224
1034,UNS 2025-08-31,2025-08-31,3,4,0.993686
1034,UNS 2025-08-31,2025-08-31,4,49,16.831846
1034,UNS 2025-08-31,2025-08-31,5,75,12.551340
1034,UNS 2025-08-31,2025-08-31,6,4,8.862837
1034,UNS 2025-08-31,2025-08-31,7,17,4.318091
1034,UNS 2025-08-31,2025-08-31,8,13,2.913908
1034,UNS 2025-08-31,2025-08-31,9,6,0.670804
1034,UNS 2025-08-31,2025-08-31,10,1,0.453999
1034,UNS 2025-08-31,2025-08-31,11,1,0.353576
1034,UNS 2025-08-31,2025-08-31,12,2,0.344179
1034,UNS 2025-08-31,2025-08-31,13,7,0.812613
1035,UNS 2025-09-01,2025-09-01,1,168,21.630273
1035,UNS 2025-09-01,2025-09-01,2,305,29.397818
1035,UNS 2025-09-01,2025-09-01,3,4,0.989379
1035,UNS 2025-09-01,2025-09-01,4,48,16.719764
1035,UNS 2025-09-01,2025-09-01,5,75,12.417966
1035,UNS 2025-09-01,2025-09-01,6,4,8.681633
1035,UNS 2025-09-01,2025-09-01,7,17,4.299355
1035,UNS 2025-09-01,2025-09-01,8,12,3.231831
1035,UNS 2025-09-01,2025-09-01,9,6,0.670150
1035,UNS 2025-09-01,2025-09-01,10,1,0.453502
1035,UNS 2025-09-01,2025-09-01,11,1,0.353247
1035,UNS 2025-09-01,2025-09-01,12,2,0.343580
1035,UNS 2025-09-01,2025-09-01,13,7,0.811501
1036,UNS 2025-09-02,2025-09-02,1,169,21.811517
1036,UNS 2025-09-02,2025-09-02,2,299,29.392502
1036,UNS 2025-09-02,2025-09-02,3,4,0.960133
1036,UNS 2025-09-02,2025-09-02,4,52,16.752725
1036,UNS 2025-09-02,2025-09-02,5,75,12.352552
1036,UNS 2025-09-02,2025-09-02,6,4,8.625270
1036,UNS 2025-09-02,2025-09-02,7,17,4.259246
1036,UNS 2025-09-02,2025-09-02,8,13,3.217549
1036,UNS 2025-09-02,2025-09-02,9,6,0.669474
1036,UNS 2025-09-02,2025-09-02,10,1,0.453016
1036,UNS 2025-09-02,2025-09-02,11,1,0.352903
1036,UNS 2025-09-02,2025-09-02,12,2,0.342941
1036,UNS 2025-09-02,2025-09-02,13,7,0.810171
1037,UNS 2025-09-03,2025-09-03,1,165,21.690390
1037,UNS 2025-09-03,2025-09-03,2,304,29.506090
1037,UNS 2025-09-03,2025-09-03,3,4,0.952708
1037,UNS 2025-09-03,2025-09-03,4,48,16.725922
1037,UNS 2025-09-03,2025-09-03,5,75,12.323459
1037,UNS 2025-09-03,2025-09-03,6,4,8.726394
1037,UNS 2025-09-03,2025-09-03,7,17,4.289978
1037,UNS 2025-09-03,2025-09-03,8,16,3.156090
1037,UNS 2025-09-03,2025-09-03,9,6,0.669564
1037,UNS 2025-09-03,2025-09-03,10,1,0.453080
1037,UNS 2025-09-03,2025-09-03,11,1,0.352949
1037,UNS 2025-09-03,2025-09-03,12,2,0.343026
1037,UNS 2025-09-03,2025-09-03,13,7,0.810350
1038,UNS 2025-09-04,2025-09-04,1,165,21.690390
1038,UNS 2025-09-04,2025-09-04,2,304,29.506090
1038,UNS 2025-09-04,2025-09-04,3,4,0.952708
1038,UNS 2025-09-04,2025-09-04,4,48,16.725922
1038,UNS 2025-09-04,2025-09-04,5,75,12.323459
1038,UNS 2025-09-04,2025-09-04,6,4,8.726394
1038,UNS 2025-09-04,2025-09-04,7,17,4.289978
1038,UNS 2025-09-04,2025-09-04,8,16,3.156090
1038,UNS 2025-09-04,2025-09-04,9,6,0.669564
1038,UNS 2025-09-04,2025-09-04,10,1,0.453080
1038,UNS 2025-09-04,2025-09-04,11,1,0.352949
1038,UNS 2025-09-04,2025-09-04,12,2,0.343026
1038,UNS 2025-09-04,2025-09-04,13,7,0.810350
1039,UNS 2025-09-05,2025-09-05,1,169,21.776216
1039,UNS 2025-09-05,2025-09-05,2,304,29.565409
1039,UNS 2025-09-05,2025-09-05,3,4,0.913088
1039,UNS 2025-09-05,2025-09-05,4,48,16.764572
1039,UNS 2025-09-05,2025-09-05,5,75,12.286827
1039,UNS 2025-09-05,2025-09-05,6,4,8.777843
1039,UNS 2025-09-05,2025-09-05,7,17,4.284476
1039,UNS 2025-09-05,2025-09-05,8,12,3.002170
1039,UNS 2025-09-05,2025-09-05,9,6,0.669647
1039,UNS 2025-09-05,2025-09-05,10,1,0.453140
1039,UNS 2025-09-05,2025-09-05,11,1,0.352991
1039,UNS 2025-09-05,2025-09-05,12,2,0.343105
1039,UNS 2025-09-05,2025-09-05,13,7,0.810517
1040,UNS 2025-09-06,2025-09-06,1,169,21.776216
1040,UNS 2025-09-06,2025-09-06,2,304,29.565409
1040,UNS 2025-09-06,2025-09-06,3,4,0.913088
1040,UNS 2025-09-06,2025-09-06,4,48,16.764572
1040,UNS 2025-09-06,2025-09-06,5,75,12.286827
1040,UNS 2025-09-06,2025-09-06,6,4,8.777843
1040,UNS 2025-09-06,2025-09-06,7,17,4.284476
1040,UNS 2025-09-06,2025-09-06,8,12,3.002170
1040,UNS 2025-09-06,2025-09-06,9,6,0.669647
1040,UNS 2025-09-06,2025-09-06,10,1,0.453140
1040,UNS 2025-09-06,2025-09-06,11,1,0.352991
1040,UNS 2025-09-06,2025-09-06,12,2,0.343105
1040,UNS 2025-09-06,2025-09-06,13,7,0.810517
1041,UNS 2025-09-07,2025-09-07,1,169,21.776216
1041,UNS 2025-09-07,2025-09-07,2,304,29.565409
1041,UNS 2025-09-07,2025-09-07,3,4,0.913088
1041,UNS 2025-09-07,2025-09-07,4,48,16.764572
1041,UNS 2025-09-07,2025-09-07,5,75,12.286827
1041,UNS 2025-09-07,2025-09-07,6,4,8.777843
1041,UNS 2025-09-07,2025-09-07,7,17,4.284476
1041,UNS 2025-09-07,2025-09-07,8,12,3.002170
1041,UNS 2025-09-07,2025-09-07,9,6,0.669647
1041,UNS 2025-09-07,2025-09-07,10,1,0.453140
1041,UNS 2025-09-07,2025-09-07,11,1,0.352991
1041,UNS 2025-09-07,2025-09-07,12,2,0.343105
1041,UNS 2025-09-07,2025-09-07,13,7,0.810517
1042,UNS 2025-09-08,2025-09-08,1,166,21.697636
1042,UNS 2025-09-08,2025-09-08,2,308,29.487264
1042,UNS 2025-09-08,2025-09-08,3,4,0.980233
1042,UNS 2025-09-08,2025-09-08,4,47,16.656975
1042,UNS 2025-09-08,2025-09-08,5,75,12.258605
1042,UNS 2025-09-08,2025-09-08,6,4,8.755799
1042,UNS 2025-09-08,2025-09-08,7,17,4.242418
1042,UNS 2025-09-08,2025-09-08,8,12,3.291260
1042,UNS 2025-09-08,2025-09-08,9,6,0.669726
1042,UNS 2025-09-08,2025-09-08,10,1,0.453197
1042,UNS 2025-09-08,2025-09-08,11,1,0.353032
1042,UNS 2025-09-08,2025-09-08,12,2,0.343181
1042,UNS 2025-09-08,2025-09-08,13,7,0.810675
1043,UNS 2025-09-09,2025-09-09,1,166,21.697636
1043,UNS 2025-09-09,2025-09-09,2,308,29.487264
1043,UNS 2025-09-09,2025-09-09,3,4,0.980233
1043,UNS 2025-09-09,2025-09-09,4,47,16.656975
1043,UNS 2025-09-09,2025-09-09,5,75,12.258605
1043,UNS 2025-09-09,2025-09-09,6,4,8.755799
1043,UNS 2025-09-09,2025-09-09,7,17,4.242418
1043,UNS 2025-09-09,2025-09-09,8,12,3.291260
1043,UNS 2025-09-09,2025-09-09,9,6,0.669726
1043,UNS 2025-09-09,2025-09-09,10,1,0.453197
1043,UNS 2025-09-09,2025-09-09,11,1,0.353032
1043,UNS 2025-09-09,2025-09-09,12,2,0.343181
1043,UNS 2025-09-09,2025-09-09,13,7,0.810675
1044,UNS 2025-09-10,2025-09-10,1,164,21.590417
1044,UNS 2025-09-10,2025-09-10,2,314,29.668091
1044,UNS 2025-09-10,2025-09-10,3,4,0.964536
1044,UNS 2025-09-10,2025-09-10,4,43,16.561250
1044,UNS 2025-09-10,2025-09-10,5,75,12.191771
1044,UNS 2025-09-10,2025-09-10,6,4,8.868664
1044,UNS 2025-09-10,2025-09-10,7,17,4.317401
1044,UNS 2025-09-10,2025-09-10,8,12,3.207677
1044,UNS 2025-09-10,2025-09-10,9,6,0.669800
1044,UNS 2025-09-10,2025-09-10,10,1,0.453249
1044,UNS 2025-09-10,2025-09-10,11,1,0.353069
1044,UNS 2025-09-10,2025-09-10,12,2,0.343251
1044,UNS 2025-09-10,2025-09-10,13,7,0.810823
1045,UNS 2025-09-11,2025-09-11,1,164,21.590417
1045,UNS 2025-09-11,2025-09-11,2,314,29.668091
1045,UNS 2025-09-11,2025-09-11,3,4,0.964536
1045,UNS 2025-09-11,2025-09-11,4,43,16.561250
1045,UNS 2025-09-11,2025-09-11,5,75,12.191771
1045,UNS 2025-09-11,2025-09-11,6,4,8.868664
1045,UNS 2025-09-11,2025-09-11,7,17,4.317401
1045,UNS 2025-09-11,2025-09-11,8,12,3.207677
1045,UNS 2025-09-11,2025-09-11,9,6,0.669800
1045,UNS 2025-09-11,2025-09-11,10,1,0.453249
1045,UNS 2025-09-11,2025-09-11,11,1,0.353069
1045,UNS 2025-09-11,2025-09-11,12,2,0.343251
1045,UNS 2025-09-11,2025-09-11,13,7,0.810823
1046,UNS 2025-09-12,2025-09-12,1,164,21.590417
1046,UNS 2025-09-12,2025-09-12,2,314,29.668091
1046,UNS 2025-09-12,2025-09-12,3,4,0.964536
1046,UNS 2025-09-12,2025-09-12,4,43,16.561250
1046,UNS 2025-09-12,2025-09-12,5,75,12.191771
1046,UNS 2025-09-12,2025-09-12,6,4,8.868664
1046,UNS 2025-09-12,2025-09-12,7,17,4.317401
1046,UNS 2025-09-12,2025-09-12,8,12,3.207677
1046,UNS 2025-09-12,2025-09-12,9,6,0.669800
1046,UNS 2025-09-12,2025-09-12,10,1,0.453249
1046,UNS 2025-09-12,2025-09-12,11,1,0.353069
1046,UNS 2025-09-12,2025-09-12,12,2,0.343251
1046,UNS 2025-09-12,2025-09-12,13,7,0.810823
1047,UNS 2025-09-13,2025-09-13,1,164,21.590417
1047,UNS 2025-09-13,2025-09-13,2,314,29.668091
1047,UNS 2025-09-13,2025-09-13,3,4,0.964536
1047,UNS 2025-09-13,2025-09-13,4,43,16.561250
1047,UNS 2025-09-13,2025-09-13,5,75,12.191771
1047,UNS 2025-09-13,2025-09-13,6,4,8.868664
1047,UNS 2025-09-13,2025-09-13,7,17,4.317401
1047,UNS 2025-09-13,2025-09-13,8,12,3.207677
1047,UNS 2025-09-13,2025-09-13,9,6,0.669800
1047,UNS 2025-09-13,2025-09-13,10,1,0.453249
1047,UNS 2025-09-13,2025-09-13,11,1,0.353069
1047,UNS 2025-09-13,2025-09-13,12,2,0.343251
1047,UNS 2025-09-13,2025-09-13,13,7,0.810823
1048,UNS 2025-09-14,2025-09-14,1,164,21.590417
1048,UNS 2025-09-14,2025-09-14,2,314,29.668091
1048,UNS 2025-09-14,2025-09-14,3,4,0.964536
1048,UNS 2025-09-14,2025-09-14,4,43,16.561250
1048,UNS 2025-09-14,2025-09-14,5,75,12.191771
1048,UNS 2025-09-14,2025-09-14,6,4,8.868664
1048,UNS 2025-09-14,2025-09-14,7,17,4.317401
1048,UNS 2025-09-14,2025-09-14,8,12,3.207677
1048,UNS 2025-09-14,2025-09-14,9,6,0.669800
1048,UNS 2025-09-14,2025-09-14,10,1,0.453249
1048,UNS 2025-09-14,2025-09-14,11,1,0.353069
1048,UNS 2025-09-14,2025-09-14,12,2,0.343251
1048,UNS 2025-09-14,2025-09-14,13,7,0.810823
1049,UNS 2025-09-15,2025-09-15,1,168,21.536722
1049,UNS 2025-09-15,2025-09-15,2,307,29.628301
1049,UNS 2025-09-15,2025-09-15,3,4,1.022757
1049,UNS 2025-09-15,2025-09-15,4,47,16.451300
1049,UNS 2025-09-15,2025-09-15,5,76,12.132478
1049,UNS 2025-09-15,2025-09-15,6,4,8.807348
1049,UNS 2025-09-15,2025-09-15,7,17,4.329564
1049,UNS 2025-09-15,2025-09-15,8,10,3.460959
1049,UNS 2025-09-15,2025-09-15,9,6,0.669874
1049,UNS 2025-09-15,2025-09-15,10,1,0.453302
1049,UNS 2025-09-15,2025-09-15,11,1,0.353107
1049,UNS 2025-09-15,2025-09-15,12,2,0.343320
1049,UNS 2025-09-15,2025-09-15,13,7,0.810969
1050,UNS 2025-09-16,2025-09-16,1,168,21.536722
1050,UNS 2025-09-16,2025-09-16,2,307,29.628301
1050,UNS 2025-09-16,2025-09-16,3,4,1.022757
1050,UNS 2025-09-16,2025-09-16,4,47,16.451300
1050,UNS 2025-09-16,2025-09-16,5,76,12.132478
1050,UNS 2025-09-16,2025-09-16,6,4,8.807348
1050,UNS 2025-09-16,2025-09-16,7,17,4.329564
1050,UNS 2025-09-16,2025-09-16,8,10,3.460959
1050,UNS 2025-09-16,2025-09-16,9,6,0.669874
1050,UNS 2025-09-16,2025-09-16,10,1,0.453302
1050,UNS 2025-09-16,2025-09-16,11,1,0.353107
1050,UNS 2025-09-16,2025-09-16,12,2,0.343320
1050,UNS 2025-09-16,2025-09-16,13,7,0.810969
1051,UNS 2025-09-17,2025-09-17,1,171,21.726870
1051,UNS 2025-09-17,2025-09-17,2,306,29.661782
1051,UNS 2025-09-17,2025-09-17,3,4,0.991325
1051,UNS 2025-09-17,2025-09-17,4,49,16.419917
1051,UNS 2025-09-17,2025-09-17,5,76,12.071719
1051,UNS 2025-09-17,2025-09-17,6,4,8.888734
1051,UNS 2025-09-17,2025-09-17,7,17,4.281212
1051,UNS 2025-09-17,2025-09-17,8,6,3.327868
1051,UNS 2025-09-17,2025-09-17,9,6,0.669874
1051,UNS 2025-09-17,2025-09-17,10,1,0.453302
1051,UNS 2025-09-17,2025-09-17,11,1,0.353107
1051,UNS 2025-09-17,2025-09-17,12,2,0.343320
1051,UNS 2025-09-17,2025-09-17,13,7,0.810969
1052,UNS 2025-09-18,2025-09-18,1,168,21.515897
1052,UNS 2025-09-18,2025-09-18,2,311,29.847587
1052,UNS 2025-09-18,2025-09-18,3,4,0.991897
1052,UNS 2025-09-18,2025-09-18,4,46,16.358581
1052,UNS 2025-09-18,2025-09-18,5,76,12.060559
1052,UNS 2025-09-18,2025-09-18,6,4,9.016547
1052,UNS 2025-09-18,2025-09-18,7,17,4.319952
1052,UNS 2025-09-18,2025-09-18,8,7,3.258049
1052,UNS 2025-09-18,2025-09-18,9,6,0.669943
1052,UNS 2025-09-18,2025-09-18,10,1,0.453352
1052,UNS 2025-09-18,2025-09-18,11,1,0.353142
1052,UNS 2025-09-18,2025-09-18,12,2,0.343386
1052,UNS 2025-09-18,2025-09-18,13,7,0.811108
1053,UNS 2025-09-19,2025-09-19,1,167,21.589674
1053,UNS 2025-09-19,2025-09-19,2,316,29.931961
1053,UNS 2025-09-19,2025-09-19,3,4,0.951703
1053,UNS 2025-09-19,2025-09-19,4,43,16.363533
1053,UNS 2025-09-19,2025-09-19,5,76,12.045569
1053,UNS 2025-09-19,2025-09-19,6,4,9.040792
1053,UNS 2025-09-19,2025-09-19,7,17,4.339259
1053,UNS 2025-09-19,2025-09-19,8,6,3.106251
1053,UNS 2025-09-19,2025-09-19,9,6,0.670006
1053,UNS 2025-09-19,2025-09-19,10,1,0.453397
1053,UNS 2025-09-19,2025-09-19,11,1,0.353174
1053,UNS 2025-09-19,2025-09-19,12,2,0.343446
1053,UNS 2025-09-19,2025-09-19,13,7,0.811234
1054,UNS 2025-09-20,2025-09-20,1,167,21.589674
1054,UNS 2025-09-20,2025-09-20,2,316,29.931961
1054,UNS 2025-09-20,2025-09-20,3,4,0.951703
1054,UNS 2025-09-20,2025-09-20,4,43,16.363533
1054,UNS 2025-09-20,2025-09-20,5,76,12.045569
1054,UNS 2025-09-20,2025-09-20,6,4,9.040792
1054,UNS 2025-09-20,2025-09-20,7,17,4.339259
1054,UNS 2025-09-20,2025-09-20,8,6,3.106251
1054,UNS 2025-09-20,2025-09-20,9,6,0.670006
1054,UNS 2025-09-20,2025-09-20,10,1,0.453397
1054,UNS 2025-09-20,2025-09-20,11,1,0.353174
1054,UNS 2025-09-20,2025-09-20,12,2,0.343446
1054,UNS 2025-09-20,2025-09-20,13,7,0.811234
1055,UNS 2025-09-21,2025-09-21,1,167,21.589674
1055,UNS 2025-09-21,2025-09-21,2,316,29.931961
1055,UNS 2025-09-21,2025-09-21,3,4,0.951703
1055,UNS 2025-09-21,2025-09-21,4,43,16.363533
1055,UNS 2025-09-21,2025-09-21,5,76,12.045569
1055,UNS 2025-09-21,2025-09-21,6,4,9.040792
1055,UNS 2025-09-21,2025-09-21,7,17,4.339259
1055,UNS 2025-09-21,2025-09-21,8,6,3.106251
1055,UNS 2025-09-21,2025-09-21,9,6,0.670006
1055,UNS 2025-09-21,2025-09-21,10,1,0.453397
1055,UNS 2025-09-21,2025-09-21,11,1,0.353174
1055,UNS 2025-09-21,2025-09-21,12,2,0.343446
1055,UNS 2025-09-21,2025-09-21,13,7,0.811234
1056,UNS 2025-09-22,2025-09-22,1,167,21.539553
1056,UNS 2025-09-22,2025-09-22,2,316,29.838195
1056,UNS 2025-09-22,2025-09-22,3,3,1.011045
1056,UNS 2025-09-22,2025-09-22,4,44,16.323275
1056,UNS 2025-09-22,2025-09-22,5,76,12.031842
1056,UNS 2025-09-22,2025-09-22,6,4,8.983748
1056,UNS 2025-09-22,2025-09-22,7,17,4.269185
1056,UNS 2025-09-22,2025-09-22,8,6,3.371591
1056,UNS 2025-09-22,2025-09-22,9,6,0.670066
1056,UNS 2025-09-22,2025-09-22,10,1,0.453440
1056,UNS 2025-09-22,2025-09-22,11,1,0.353205
1056,UNS 2025-09-22,2025-09-22,12,2,0.343503
1056,UNS 2025-09-22,2025-09-22,13,7,0.811353
1057,UNS 2025-09-23,2025-09-23,1,167,21.539553
1057,UNS 2025-09-23,2025-09-23,2,316,29.838195
1057,UNS 2025-09-23,2025-09-23,3,3,1.011045
1057,UNS 2025-09-23,2025-09-23,4,44,16.323275
1057,UNS 2025-09-23,2025-09-23,5,76,12.031842
1057,UNS 2025-09-23,2025-09-23,6,4,8.983748
1057,UNS 2025-09-23,2025-09-23,7,17,4.269185
1057,UNS 2025-09-23,2025-09-23,8,6,3.371591
1057,UNS 2025-09-23,2025-09-23,9,6,0.670066
1057,UNS 2025-09-23,2025-09-23,10,1,0.453440
1057,UNS 2025-09-23,2025-09-23,11,1,0.353205
1057,UNS 2025-09-23,2025-09-23,12,2,0.343503
1057,UNS 2025-09-23,2025-09-23,13,7,0.811353
1058,UNS 2025-09-24,2025-09-24,1,165,21.362832
1058,UNS 2025-09-24,2025-09-24,2,318,29.992634
1058,UNS 2025-09-24,2025-09-24,3,4,1.004334
1058,UNS 2025-09-24,2025-09-24,4,43,16.189137
1058,UNS 2025-09-24,2025-09-24,5,76,12.134983
1058,UNS 2025-09-24,2025-09-24,6,4,9.096463
1058,UNS 2025-09-24,2025-09-24,7,17,4.284864
1058,UNS 2025-09-24,2025-09-24,8,6,3.302937
1058,UNS 2025-09-24,2025-09-24,9,6,0.670116
1058,UNS 2025-09-24,2025-09-24,10,1,0.453477
1058,UNS 2025-09-24,2025-09-24,11,1,0.353230
1058,UNS 2025-09-24,2025-09-24,12,2,0.343549
1058,UNS 2025-09-24,2025-09-24,13,7,0.811444
1059,UNS 2025-09-25,2025-09-25,1,166,21.437525
1059,UNS 2025-09-25,2025-09-25,2,319,30.112602
1059,UNS 2025-09-25,2025-09-25,3,4,0.990421
1059,UNS 2025-09-25,2025-09-25,4,41,16.203675
1059,UNS 2025-09-25,2025-09-25,5,75,12.069025
1059,UNS 2025-09-25,2025-09-25,6,4,9.054276
1059,UNS 2025-09-25,2025-09-25,7,17,4.221557
1059,UNS 2025-09-25,2025-09-25,8,7,3.282857
1059,UNS 2025-09-25,2025-09-25,9,6,0.669388
1059,UNS 2025-09-25,2025-09-25,10,1,0.452955
1059,UNS 2025-09-25,2025-09-25,11,1,0.352860
1059,UNS 2025-09-25,2025-09-25,12,2,0.342859
1059,UNS 2025-09-25,2025-09-25,13,7,0.810000
1060,UNS 2025-09-26,2025-09-26,1,165,21.524598
1060,UNS 2025-09-26,2025-09-26,2,321,30.212615
1060,UNS 2025-09-26,2025-09-26,3,4,0.950923
1060,UNS 2025-09-26,2025-09-26,4,41,16.208870
1060,UNS 2025-09-26,2025-09-26,5,75,12.123775
1060,UNS 2025-09-26,2025-09-26,6,4,8.989136
1060,UNS 2025-09-26,2025-09-26,7,17,4.224831
1060,UNS 2025-09-26,2025-09-26,8,6,3.136735
1060,UNS 2025-09-26,2025-09-26,9,6,0.669476
1060,UNS 2025-09-26,2025-09-26,10,1,0.453018
1060,UNS 2025-09-26,2025-09-26,11,1,0.352905
1060,UNS 2025-09-26,2025-09-26,12,2,0.342943
1060,UNS 2025-09-26,2025-09-26,13,7,0.810176
1061,UNS 2025-09-27,2025-09-27,1,165,21.524598
1061,UNS 2025-09-27,2025-09-27,2,321,30.212615
1061,UNS 2025-09-27,2025-09-27,3,4,0.950923
1061,UNS 2025-09-27,2025-09-27,4,41,16.208870
1061,UNS 2025-09-27,2025-09-27,5,75,12.123775
1061,UNS 2025-09-27,2025-09-27,6,4,8.989136
1061,UNS 2025-09-27,2025-09-27,7,17,4.224831
1061,UNS 2025-09-27,2025-09-27,8,6,3.136735
1061,UNS 2025-09-27,2025-09-27,9,6,0.669476
1061,UNS 2025-09-27,2025-09-27,10,1,0.453018
1061,UNS 2025-09-27,2025-09-27,11,1,0.352905
1061,UNS 2025-09-27,2025-09-27,12,2,0.342943
1061,UNS 2025-09-27,2025-09-27,13,7,0.810176
1062,UNS 2025-09-28,2025-09-28,1,165,21.524598
1062,UNS 2025-09-28,2025-09-28,2,321,30.212615
1062,UNS 2025-09-28,2025-09-28,3,4,0.950923
1062,UNS 2025-09-28,2025-09-28,4,41,16.208870
1062,UNS 2025-09-28,2025-09-28,5,75,12.123775
1062,UNS 2025-09-28,2025-09-28,6,4,8.989136
1062,UNS 2025-09-28,2025-09-28,7,17,4.224831
1062,UNS 2025-09-28,2025-09-28,8,6,3.136735
1062,UNS 2025-09-28,2025-09-28,9,6,0.669476
1062,UNS 2025-09-28,2025-09-28,10,1,0.453018
1062,UNS 2025-09-28,2025-09-28,11,1,0.352905
1062,UNS 2025-09-28,2025-09-28,12,2,0.342943
1062,UNS 2025-09-28,2025-09-28,13,7,0.810176
1063,UNS 2025-09-29,2025-09-29,1,165,21.467676
1063,UNS 2025-09-29,2025-09-29,2,322,30.134879
1063,UNS 2025-09-29,2025-09-29,3,3,0.976686
1063,UNS 2025-09-29,2025-09-29,4,41,16.177491
1063,UNS 2025-09-29,2025-09-29,5,75,12.124946
1063,UNS 2025-09-29,2025-09-29,6,4,8.916449
1063,UNS 2025-09-29,2025-09-29,7,17,4.214995
1063,UNS 2025-09-29,2025-09-29,8,6,3.357923
1063,UNS 2025-09-29,2025-09-29,9,6,0.669561
1063,UNS 2025-09-29,2025-09-29,10,1,0.453078
1063,UNS 2025-09-29,2025-09-29,11,1,0.352948
1063,UNS 2025-09-29,2025-09-29,12,2,0.343023
1063,UNS 2025-09-29,2025-09-29,13,7,0.810345
1064,UNS 2025-09-30,2025-09-30,1,165,21.467676
1064,UNS 2025-09-30,2025-09-30,2,322,30.134879
1064,UNS 2025-09-30,2025-09-30,3,3,0.976686
1064,UNS 2025-09-30,2025-09-30,4,41,16.177491
1064,UNS 2025-09-30,2025-09-30,5,75,12.124946
1064,UNS 2025-09-30,2025-09-30,6,4,8.916449
1064,UNS 2025-09-30,2025-09-30,7,17,4.214995
1064,UNS 2025-09-30,2025-09-30,8,6,3.357923
1064,UNS 2025-09-30,2025-09-30,9,6,0.669561
1064,UNS 2025-09-30,2025-09-30,10,1,0.453078
1064,UNS 2025-09-30,2025-09-30,11,1,0.352948
1064,UNS 2025-09-30,2025-09-30,12,2,0.343023
1064,UNS 2025-09-30,2025-09-30,13,7,0.810345
1065,UNS 2025-10-01,2025-10-01,1,169,21.534360
1065,UNS 2025-10-01,2025-10-01,2,316,30.096390
1065,UNS 2025-10-01,2025-10-01,3,3,0.965597
1065,UNS 2025-10-01,2025-10-01,4,42,16.187168
1065,UNS 2025-10-01,2025-10-01,5,76,12.142038
1065,UNS 2025-10-01,2025-10-01,6,4,8.893049
1065,UNS 2025-10-01,2025-10-01,7,17,4.206979
1065,UNS 2025-10-01,2025-10-01,8,6,3.345056
1065,UNS 2025-10-01,2025-10-01,9,6,0.669640
1065,UNS 2025-10-01,2025-10-01,10,1,0.453135
1065,UNS 2025-10-01,2025-10-01,11,1,0.352988
1065,UNS 2025-10-01,2025-10-01,12,2,0.343099
1065,UNS 2025-10-01,2025-10-01,13,7,0.810503
1066,UNS 2025-10-02,2025-10-02,1,169,21.534360
1066,UNS 2025-10-02,2025-10-02,2,316,30.096390
1066,UNS 2025-10-02,2025-10-02,3,3,0.965597
1066,UNS 2025-10-02,2025-10-02,4,42,16.187168
1066,UNS 2025-10-02,2025-10-02,5,76,12.142038
1066,UNS 2025-10-02,2025-10-02,6,4,8.893049
1066,UNS 2025-10-02,2025-10-02,7,17,4.206979
1066,UNS 2025-10-02,2025-10-02,8,6,3.345056
1066,UNS 2025-10-02,2025-10-02,9,6,0.669640
1066,UNS 2025-10-02,2025-10-02,10,1,0.453135
1066,UNS 2025-10-02,2025-10-02,11,1,0.352988
1066,UNS 2025-10-02,2025-10-02,12,2,0.343099
1066,UNS 2025-10-02,2025-10-02,13,7,0.810503
1067,UNS 2025-10-03,2025-10-03,1,168,21.540119
1067,UNS 2025-10-03,2025-10-03,2,319,30.268004
1067,UNS 2025-10-03,2025-10-03,3,3,0.927931
1067,UNS 2025-10-03,2025-10-03,4,42,16.179117
1067,UNS 2025-10-03,2025-10-03,5,75,12.106801
1067,UNS 2025-10-03,2025-10-03,6,4,8.957533
1067,UNS 2025-10-03,2025-10-03,7,17,4.201685
1067,UNS 2025-10-03,2025-10-03,8,5,3.189061
1067,UNS 2025-10-03,2025-10-03,9,6,0.669714
1067,UNS 2025-10-03,2025-10-03,10,1,0.453188
1067,UNS 2025-10-03,2025-10-03,11,1,0.353026
1067,UNS 2025-10-03,2025-10-03,12,2,0.343169
1067,UNS 2025-10-03,2025-10-03,13,7,0.810651
1068,UNS 2025-10-04,2025-10-04,1,168,21.540043
1068,UNS 2025-10-04,2025-10-04,2,319,30.268101
1068,UNS 2025-10-04,2025-10-04,3,3,0.927936
1068,UNS 2025-10-04,2025-10-04,4,42,16.179046
1068,UNS 2025-10-04,2025-10-04,5,75,12.106799
1068,UNS 2025-10-04,2025-10-04,6,4,8.957546
1068,UNS 2025-10-04,2025-10-04,7,17,4.201705
1068,UNS 2025-10-04,2025-10-04,8,5,3.189075
1068,UNS 2025-10-04,2025-10-04,9,6,0.669714
1068,UNS 2025-10-04,2025-10-04,10,1,0.453188
1068,UNS 2025-10-04,2025-10-04,11,1,0.353026
1068,UNS 2025-10-04,2025-10-04,12,2,0.343169
1068,UNS 2025-10-04,2025-10-04,13,7,0.810651
1069,UNS 2025-10-05,2025-10-05,1,168,21.539958
1069,UNS 2025-10-05,2025-10-05,2,319,30.268186
1069,UNS 2025-10-05,2025-10-05,3,3,0.927944
1069,UNS 2025-10-05,2025-10-05,4,42,16.178979
1069,UNS 2025-10-05,2025-10-05,5,75,12.106806
1069,UNS 2025-10-05,2025-10-05,6,4,8.957553
1069,UNS 2025-10-05,2025-10-05,7,17,4.201719
1069,UNS 2025-10-05,2025-10-05,8,5,3.189108
1069,UNS 2025-10-05,2025-10-05,9,6,0.669714
1069,UNS 2025-10-05,2025-10-05,10,1,0.453188
1069,UNS 2025-10-05,2025-10-05,11,1,0.353026
1069,UNS 2025-10-05,2025-10-05,12,2,0.343169
1069,UNS 2025-10-05,2025-10-05,13,7,0.810651
1070,UNS 2025-10-06,2025-10-06,1,166,21.352775
1070,UNS 2025-10-06,2025-10-06,2,321,30.124644
1070,UNS 2025-10-06,2025-10-06,3,3,0.974965
1070,UNS 2025-10-06,2025-10-06,4,42,16.103753
1070,UNS 2025-10-06,2025-10-06,5,76,12.209396
1070,UNS 2025-10-06,2025-10-06,6,4,8.888444
1070,UNS 2025-10-06,2025-10-06,7,17,4.136585
1070,UNS 2025-10-06,2025-10-06,8,4,3.579322
1070,UNS 2025-10-06,2025-10-06,9,6,0.669785
1070,UNS 2025-10-06,2025-10-06,10,1,0.453239
1070,UNS 2025-10-06,2025-10-06,11,1,0.353062
1070,UNS 2025-10-06,2025-10-06,12,2,0.343237
1070,UNS 2025-10-06,2025-10-06,13,7,0.810793
1071,UNS 2025-10-07,2025-10-07,1,166,21.352775
1071,UNS 2025-10-07,2025-10-07,2,321,30.124644
1071,UNS 2025-10-07,2025-10-07,3,3,0.974965
1071,UNS 2025-10-07,2025-10-07,4,42,16.103753
1071,UNS 2025-10-07,2025-10-07,5,76,12.209396
1071,UNS 2025-10-07,2025-10-07,6,4,8.888444
1071,UNS 2025-10-07,2025-10-07,7,17,4.136585
1071,UNS 2025-10-07,2025-10-07,8,4,3.579322
1071,UNS 2025-10-07,2025-10-07,9,6,0.669785
1071,UNS 2025-10-07,2025-10-07,10,1,0.453239
1071,UNS 2025-10-07,2025-10-07,11,1,0.353062
1071,UNS 2025-10-07,2025-10-07,12,2,0.343237
1071,UNS 2025-10-07,2025-10-07,13,7,0.810793
1072,UNS 2025-10-08,2025-10-08,1,164,21.208672
1072,UNS 2025-10-08,2025-10-08,2,324,30.194151
1072,UNS 2025-10-08,2025-10-08,3,3,0.961908
1072,UNS 2025-10-08,2025-10-08,4,41,16.080416
1072,UNS 2025-10-08,2025-10-08,5,75,12.168721
1072,UNS 2025-10-08,2025-10-08,6,4,9.127505
1072,UNS 2025-10-08,2025-10-08,7,17,4.118583
1072,UNS 2025-10-08,2025-10-08,8,5,3.509583
1072,UNS 2025-10-08,2025-10-08,9,6,0.669852
1072,UNS 2025-10-08,2025-10-08,10,1,0.453287
1072,UNS 2025-10-08,2025-10-08,11,1,0.353096
1072,UNS 2025-10-08,2025-10-08,12,2,0.343300
1072,UNS 2025-10-08,2025-10-08,13,7,0.810926
1073,UNS 2025-10-09,2025-10-09,1,164,21.208672
1073,UNS 2025-10-09,2025-10-09,2,324,30.194151
1073,UNS 2025-10-09,2025-10-09,3,3,0.961908
1073,UNS 2025-10-09,2025-10-09,4,41,16.080416
1073,UNS 2025-10-09,2025-10-09,5,75,12.168721
1073,UNS 2025-10-09,2025-10-09,6,4,9.127505
1073,UNS 2025-10-09,2025-10-09,7,17,4.118583
1073,UNS 2025-10-09,2025-10-09,8,5,3.509583
1073,UNS 2025-10-09,2025-10-09,9,6,0.669852
1073,UNS 2025-10-09,2025-10-09,10,1,0.453287
1073,UNS 2025-10-09,2025-10-09,11,1,0.353096
1073,UNS 2025-10-09,2025-10-09,12,2,0.343300
1073,UNS 2025-10-09,2025-10-09,13,7,0.810926
1074,UNS 2025-10-10,2025-10-10,1,163,21.281063
1074,UNS 2025-10-10,2025-10-10,2,326,30.286091
1074,UNS 2025-10-10,2025-10-10,3,3,0.925100
1074,UNS 2025-10-10,2025-10-10,4,42,16.133094
1074,UNS 2025-10-10,2025-10-10,5,75,12.101334
1074,UNS 2025-10-10,2025-10-10,6,4,9.200603
1074,UNS 2025-10-10,2025-10-10,7,17,4.090716
1074,UNS 2025-10-10,2025-10-10,8,3,3.351215
1074,UNS 2025-10-10,2025-10-10,9,6,0.669915
1074,UNS 2025-10-10,2025-10-10,10,1,0.453331
1074,UNS 2025-10-10,2025-10-10,11,1,0.353128
1074,UNS 2025-10-10,2025-10-10,12,2,0.343359
1074,UNS 2025-10-10,2025-10-10,13,7,0.811051
1075,UNS 2025-10-11,2025-10-11,1,163,21.281063
1075,UNS 2025-10-11,2025-10-11,2,326,30.286091
1075,UNS 2025-10-11,2025-10-11,3,3,0.925100
1075,UNS 2025-10-11,2025-10-11,4,42,16.133094
1075,UNS 2025-10-11,2025-10-11,5,75,12.101334
1075,UNS 2025-10-11,2025-10-11,6,4,9.200603
1075,UNS 2025-10-11,2025-10-11,7,17,4.090716
1075,UNS 2025-10-11,2025-10-11,8,3,3.351215
1075,UNS 2025-10-11,2025-10-11,9,6,0.669915
1075,UNS 2025-10-11,2025-10-11,10,1,0.453331
1075,UNS 2025-10-11,2025-10-11,11,1,0.353128
1075,UNS 2025-10-11,2025-10-11,12,2,0.343359
1075,UNS 2025-10-11,2025-10-11,13,7,0.811051
1076,UNS 2025-10-12,2025-10-12,1,163,21.281063
1076,UNS 2025-10-12,2025-10-12,2,326,30.286091
1076,UNS 2025-10-12,2025-10-12,3,3,0.925100
1076,UNS 2025-10-12,2025-10-12,4,42,16.133094
1076,UNS 2025-10-12,2025-10-12,5,75,12.101334
1076,UNS 2025-10-12,2025-10-12,6,4,9.200603
1076,UNS 2025-10-12,2025-10-12,7,17,4.090716
1076,UNS 2025-10-12,2025-10-12,8,3,3.351215
1076,UNS 2025-10-12,2025-10-12,9,6,0.669915
1076,UNS 2025-10-12,2025-10-12,10,1,0.453331
1076,UNS 2025-10-12,2025-10-12,11,1,0.353128
1076,UNS 2025-10-12,2025-10-12,12,2,0.343359
1076,UNS 2025-10-12,2025-10-12,13,7,0.811051
1077,UNS 2025-10-13,2025-10-13,1,162,21.194780
1077,UNS 2025-10-13,2025-10-13,2,323,30.068523
1077,UNS 2025-10-13,2025-10-13,3,3,0.982884
1077,UNS 2025-10-13,2025-10-13,4,46,16.191007
1077,UNS 2025-10-13,2025-10-13,5,75,12.197997
1077,UNS 2025-10-13,2025-10-13,6,4,9.152931
1077,UNS 2025-10-13,2025-10-13,7,17,3.979358
1077,UNS 2025-10-13,2025-10-13,8,3,3.601427
1077,UNS 2025-10-13,2025-10-13,9,6,0.669975
1077,UNS 2025-10-13,2025-10-13,10,1,0.453374
1077,UNS 2025-10-13,2025-10-13,11,1,0.353158
1077,UNS 2025-10-13,2025-10-13,12,2,0.343416
1077,UNS 2025-10-13,2025-10-13,13,7,0.811171
1078,UNS 2025-10-14,2025-10-14,1,162,21.194780
1078,UNS 2025-10-14,2025-10-14,2,323,30.068523
1078,UNS 2025-10-14,2025-10-14,3,3,0.982884
1078,UNS 2025-10-14,2025-10-14,4,46,16.191007
1078,UNS 2025-10-14,2025-10-14,5,75,12.197997
1078,UNS 2025-10-14,2025-10-14,6,4,9.152931
1078,UNS 2025-10-14,2025-10-14,7,17,3.979358
1078,UNS 2025-10-14,2025-10-14,8,3,3.601427
1078,UNS 2025-10-14,2025-10-14,9,6,0.669975
1078,UNS 2025-10-14,2025-10-14,10,1,0.453374
1078,UNS 2025-10-14,2025-10-14,11,1,0.353158
1078,UNS 2025-10-14,2025-10-14,12,2,0.343416
1078,UNS 2025-10-14,2025-10-14,13,7,0.811171
1079,UNS 2025-10-15,2025-10-15,1,162,21.194780
1079,UNS 2025-10-15,2025-10-15,2,323,30.068523
1079,UNS 2025-10-15,2025-10-15,3,3,0.982884
1079,UNS 2025-10-15,2025-10-15,4,46,16.191007
1079,UNS 2025-10-15,2025-10-15,5,75,12.197997
1079,UNS 2025-10-15,2025-10-15,6,4,9.152931
1079,UNS 2025-10-15,2025-10-15,7,17,3.979358
1079,UNS 2025-10-15,2025-10-15,8,3,3.601427
1079,UNS 2025-10-15,2025-10-15,9,6,0.669975
1079,UNS 2025-10-15,2025-10-15,10,1,0.453374
1079,UNS 2025-10-15,2025-10-15,11,1,0.353158
1079,UNS 2025-10-15,2025-10-15,12,2,0.343416
1079,UNS 2025-10-15,2025-10-15,13,7,0.811171
1080,UNS 2025-10-16,2025-10-16,1,159,20.991707
1080,UNS 2025-10-16,2025-10-16,2,328,30.155083
1080,UNS 2025-10-16,2025-10-16,3,3,0.972203
1080,UNS 2025-10-16,2025-10-16,4,44,16.186970
1080,UNS 2025-10-16,2025-10-16,5,75,12.151414
1080,UNS 2025-10-16,2025-10-16,6,4,9.396476
1080,UNS 2025-10-16,2025-10-16,7,17,3.993729
1080,UNS 2025-10-16,2025-10-16,8,3,3.521029
1080,UNS 2025-10-16,2025-10-16,9,6,0.670032
1080,UNS 2025-10-16,2025-10-16,10,1,0.453415
1080,UNS 2025-10-16,2025-10-16,11,1,0.353187
1080,UNS 2025-10-16,2025-10-16,12,2,0.343471
1080,UNS 2025-10-16,2025-10-16,13,7,0.811285
1081,UNS 2025-10-17,2025-10-17,1,164,21.118574
1081,UNS 2025-10-17,2025-10-17,2,319,30.081462
1081,UNS 2025-10-17,2025-10-17,3,3,0.957626
1081,UNS 2025-10-17,2025-10-17,4,47,16.181231
1081,UNS 2025-10-17,2025-10-17,5,75,12.112089
1081,UNS 2025-10-17,2025-10-17,6,4,9.387279
1081,UNS 2025-10-17,2025-10-17,7,17,4.013122
1081,UNS 2025-10-17,2025-10-17,8,4,3.516954
1081,UNS 2025-10-17,2025-10-17,9,6,0.670085
1081,UNS 2025-10-17,2025-10-17,10,1,0.453453
1081,UNS 2025-10-17,2025-10-17,11,1,0.353214
1081,UNS 2025-10-17,2025-10-17,12,2,0.343521
1081,UNS 2025-10-17,2025-10-17,13,7,0.811390
1082,UNS 2025-10-18,2025-10-18,1,164,21.118574
1082,UNS 2025-10-18,2025-10-18,2,319,30.081462
1082,UNS 2025-10-18,2025-10-18,3,3,0.957626
1082,UNS 2025-10-18,2025-10-18,4,47,16.181231
1082,UNS 2025-10-18,2025-10-18,5,75,12.112089
1082,UNS 2025-10-18,2025-10-18,6,4,9.387279
1082,UNS 2025-10-18,2025-10-18,7,17,4.013122
1082,UNS 2025-10-18,2025-10-18,8,4,3.516954
1082,UNS 2025-10-18,2025-10-18,9,6,0.670085
1082,UNS 2025-10-18,2025-10-18,10,1,0.453453
1082,UNS 2025-10-18,2025-10-18,11,1,0.353214
1082,UNS 2025-10-18,2025-10-18,12,2,0.343521
1082,UNS 2025-10-18,2025-10-18,13,7,0.811390
1083,UNS 2025-10-19,2025-10-19,1,164,21.118574
1083,UNS 2025-10-19,2025-10-19,2,319,30.081462
1083,UNS 2025-10-19,2025-10-19,3,3,0.957626
1083,UNS 2025-10-19,2025-10-19,4,47,16.181231
1083,UNS 2025-10-19,2025-10-19,5,75,12.112089
1083,UNS 2025-10-19,2025-10-19,6,4,9.387279
1083,UNS 2025-10-19,2025-10-19,7,17,4.013122
1083,UNS 2025-10-19,2025-10-19,8,4,3.516954
1083,UNS 2025-10-19,2025-10-19,9,6,0.670085
1083,UNS 2025-10-19,2025-10-19,10,1,0.453453
1083,UNS 2025-10-19,2025-10-19,11,1,0.353214
1083,UNS 2025-10-19,2025-10-19,12,2,0.343521
1083,UNS 2025-10-19,2025-10-19,13,7,0.811390
1084,UNS 2025-10-20,2025-10-20,1,167,21.133910
1084,UNS 2025-10-20,2025-10-20,2,315,29.837206
1084,UNS 2025-10-20,2025-10-20,3,3,1.001713
1084,UNS 2025-10-20,2025-10-20,4,48,16.134801
1084,UNS 2025-10-20,2025-10-20,5,76,12.067935
1084,UNS 2025-10-20,2025-10-20,6,4,9.509342
1084,UNS 2025-10-20,2025-10-20,7,17,3.918005
1084,UNS 2025-10-20,2025-10-20,8,3,3.765214
1084,UNS 2025-10-20,2025-10-20,9,6,0.670128
1084,UNS 2025-10-20,2025-10-20,10,1,0.453486
1084,UNS 2025-10-20,2025-10-20,11,1,0.353236
1084,UNS 2025-10-20,2025-10-20,12,2,0.343560
1084,UNS 2025-10-20,2025-10-20,13,7,0.811464
1085,UNS 2025-10-21,2025-10-21,1,167,21.133910
1085,UNS 2025-10-21,2025-10-21,2,315,29.837206
1085,UNS 2025-10-21,2025-10-21,3,3,1.001713
1085,UNS 2025-10-21,2025-10-21,4,48,16.134801
1085,UNS 2025-10-21,2025-10-21,5,76,12.067935
1085,UNS 2025-10-21,2025-10-21,6,4,9.509342
1085,UNS 2025-10-21,2025-10-21,7,17,3.918005
1085,UNS 2025-10-21,2025-10-21,8,3,3.765214
1085,UNS 2025-10-21,2025-10-21,9,6,0.670128
1085,UNS 2025-10-21,2025-10-21,10,1,0.453486
1085,UNS 2025-10-21,2025-10-21,11,1,0.353236
1085,UNS 2025-10-21,2025-10-21,12,2,0.343560
1085,UNS 2025-10-21,2025-10-21,13,7,0.811464
1086,UNS 2025-10-22,2025-10-22,1,165,20.960041
1086,UNS 2025-10-22,2025-10-22,2,317,29.880784
1086,UNS 2025-10-22,2025-10-22,3,3,0.998363
1086,UNS 2025-10-22,2025-10-22,4,47,16.136980
1086,UNS 2025-10-22,2025-10-22,5,76,12.032509
1086,UNS 2025-10-22,2025-10-22,6,5,9.749252
1086,UNS 2025-10-22,2025-10-22,7,17,3.931003
1086,UNS 2025-10-22,2025-10-22,8,3,3.678997
1086,UNS 2025-10-22,2025-10-22,9,6,0.670168
1086,UNS 2025-10-22,2025-10-22,10,1,0.453516
1086,UNS 2025-10-22,2025-10-22,11,1,0.353256
1086,UNS 2025-10-22,2025-10-22,12,2,0.343597
1086,UNS 2025-10-22,2025-10-22,13,7,0.811533
1087,UNS 2025-10-23,2025-10-23,1,165,20.960041
1087,UNS 2025-10-23,2025-10-23,2,317,29.880784
1087,UNS 2025-10-23,2025-10-23,3,3,0.998363
1087,UNS 2025-10-23,2025-10-23,4,47,16.136980
1087,UNS 2025-10-23,2025-10-23,5,76,12.032509
1087,UNS 2025-10-23,2025-10-23,6,5,9.749252
1087,UNS 2025-10-23,2025-10-23,7,17,3.931003
1087,UNS 2025-10-23,2025-10-23,8,3,3.678997
1087,UNS 2025-10-23,2025-10-23,9,6,0.670168
1087,UNS 2025-10-23,2025-10-23,10,1,0.453516
1087,UNS 2025-10-23,2025-10-23,11,1,0.353256
1087,UNS 2025-10-23,2025-10-23,12,2,0.343597
1087,UNS 2025-10-23,2025-10-23,13,7,0.811533
1088,UNS 2025-10-24,2025-10-24,1,165,20.980660
1088,UNS 2025-10-24,2025-10-24,2,317,29.908036
1088,UNS 2025-10-24,2025-10-24,3,3,0.962576
1088,UNS 2025-10-24,2025-10-24,4,47,16.196058
1088,UNS 2025-10-24,2025-10-24,5,76,12.017017
1088,UNS 2025-10-24,2025-10-24,6,5,9.855173
1088,UNS 2025-10-24,2025-10-24,7,17,3.931978
1088,UNS 2025-10-24,2025-10-24,8,3,3.516245
1088,UNS 2025-10-24,2025-10-24,9,6,0.670206
1088,UNS 2025-10-24,2025-10-24,10,1,0.453545
1088,UNS 2025-10-24,2025-10-24,11,1,0.353275
1088,UNS 2025-10-24,2025-10-24,12,2,0.343632
1088,UNS 2025-10-24,2025-10-24,13,7,0.811597
1089,UNS 2025-10-25,2025-10-25,1,165,20.980660
1089,UNS 2025-10-25,2025-10-25,2,317,29.908036
1089,UNS 2025-10-25,2025-10-25,3,3,0.962576
1089,UNS 2025-10-25,2025-10-25,4,47,16.196058
1089,UNS 2025-10-25,2025-10-25,5,76,12.017017
1089,UNS 2025-10-25,2025-10-25,6,5,9.855173
1089,UNS 2025-10-25,2025-10-25,7,17,3.931978
1089,UNS 2025-10-25,2025-10-25,8,3,3.516245
1089,UNS 2025-10-25,2025-10-25,9,6,0.670206
1089,UNS 2025-10-25,2025-10-25,10,1,0.453545
1089,UNS 2025-10-25,2025-10-25,11,1,0.353275
1089,UNS 2025-10-25,2025-10-25,12,2,0.343632
1089,UNS 2025-10-25,2025-10-25,13,7,0.811597
1090,UNS 2025-10-26,2025-10-26,1,165,20.980660
1090,UNS 2025-10-26,2025-10-26,2,317,29.908036
1090,UNS 2025-10-26,2025-10-26,3,3,0.962576
1090,UNS 2025-10-26,2025-10-26,4,47,16.196058
1090,UNS 2025-10-26,2025-10-26,5,76,12.017017
1090,UNS 2025-10-26,2025-10-26,6,5,9.855173
1090,UNS 2025-10-26,2025-10-26,7,17,3.931978
1090,UNS 2025-10-26,2025-10-26,8,3,3.516245
1090,UNS 2025-10-26,2025-10-26,9,6,0.670206
1090,UNS 2025-10-26,2025-10-26,10,1,0.453545
1090,UNS 2025-10-26,2025-10-26,11,1,0.353275
1090,UNS 2025-10-26,2025-10-26,12,2,0.343632
1090,UNS 2025-10-26,2025-10-26,13,7,0.811597
1091,UNS 2025-10-27,2025-10-27,1,161,20.808856
1091,UNS 2025-10-27,2025-10-27,2,322,30.092421
1091,UNS 2025-10-27,2025-10-27,3,3,0.940126
1091,UNS 2025-10-27,2025-10-27,4,48,16.288285
1091,UNS 2025-10-27,2025-10-27,5,75,12.054933
1091,UNS 2025-10-27,2025-10-27,6,4,10.049591
1091,UNS 2025-10-27,2025-10-27,7,17,3.840609
1091,UNS 2025-10-27,2025-10-27,8,3,3.292743
1091,UNS 2025-10-27,2025-10-27,9,6,0.670243
1091,UNS 2025-10-27,2025-10-27,10,1,0.453573
1091,UNS 2025-10-27,2025-10-27,11,1,0.353294
1091,UNS 2025-10-27,2025-10-27,12,2,0.343666
1091,UNS 2025-10-27,2025-10-27,13,7,0.811659
1092,UNS 2025-10-28,2025-10-28,1,161,20.808856
1092,UNS 2025-10-28,2025-10-28,2,322,30.092421
1092,UNS 2025-10-28,2025-10-28,3,3,0.940126
1092,UNS 2025-10-28,2025-10-28,4,48,16.288285
1092,UNS 2025-10-28,2025-10-28,5,75,12.054933
1092,UNS 2025-10-28,2025-10-28,6,4,10.049591
1092,UNS 2025-10-28,2025-10-28,7,17,3.840609
1092,UNS 2025-10-28,2025-10-28,8,3,3.292743
1092,UNS 2025-10-28,2025-10-28,9,6,0.670243
1092,UNS 2025-10-28,2025-10-28,10,1,0.453573
1092,UNS 2025-10-28,2025-10-28,11,1,0.353294
1092,UNS 2025-10-28,2025-10-28,12,2,0.343666
1092,UNS 2025-10-28,2025-10-28,13,7,0.811659
1093,UNS 2025-10-29,2025-10-29,1,157,20.624833
1093,UNS 2025-10-29,2025-10-29,2,328,30.171875
1093,UNS 2025-10-29,2025-10-29,3,3,0.932038
1093,UNS 2025-10-29,2025-10-29,4,47,16.254689
1093,UNS 2025-10-29,2025-10-29,5,74,12.021092
1093,UNS 2025-10-29,2025-10-29,6,4,10.320603
1093,UNS 2025-10-29,2025-10-29,7,17,3.828882
1093,UNS 2025-10-29,2025-10-29,8,3,3.213385
1093,UNS 2025-10-29,2025-10-29,9,6,0.670277
1093,UNS 2025-10-29,2025-10-29,10,1,0.453599
1093,UNS 2025-10-29,2025-10-29,11,1,0.353311
1093,UNS 2025-10-29,2025-10-29,12,2,0.343697
1093,UNS 2025-10-29,2025-10-29,13,7,0.811718
1094,UNS 2025-10-30,2025-10-30,1,157,20.624833
1094,UNS 2025-10-30,2025-10-30,2,328,30.171875
1094,UNS 2025-10-30,2025-10-30,3,3,0.932038
1094,UNS 2025-10-30,2025-10-30,4,47,16.254689
1094,UNS 2025-10-30,2025-10-30,5,74,12.021092
1094,UNS 2025-10-30,2025-10-30,6,4,10.320603
1094,UNS 2025-10-30,2025-10-30,7,17,3.828882
1094,UNS 2025-10-30,2025-10-30,8,3,3.213385
1094,UNS 2025-10-30,2025-10-30,9,6,0.670277
1094,UNS 2025-10-30,2025-10-30,10,1,0.453599
1094,UNS 2025-10-30,2025-10-30,11,1,0.353311
1094,UNS 2025-10-30,2025-10-30,12,2,0.343697
1094,UNS 2025-10-30,2025-10-30,13,7,0.811718
1095,UNS 2025-10-31,2025-10-31,1,157,20.624833
1095,UNS 2025-10-31,2025-10-31,2,328,30.171875
1095,UNS 2025-10-31,2025-10-31,3,3,0.932038
1095,UNS 2025-10-31,2025-10-31,4,47,16.254689
1095,UNS 2025-10-31,2025-10-31,5,74,12.021092
1095,UNS 2025-10-31,2025-10-31,6,4,10.320603
1095,UNS 2025-10-31,2025-10-31,7,17,3.828882
1095,UNS 2025-10-31,2025-10-31,8,3,3.213385
1095,UNS 2025-10-31,2025-10-31,9,6,0.670277
1095,UNS 2025-10-31,2025-10-31,10,1,0.453599
1095,UNS 2025-10-31,2025-10-31,11,1,0.353311
1095,UNS 2025-10-31,2025-10-31,12,2,0.343697
1095,UNS 2025-10-31,2025-10-31,13,7,0.811718
1096,UNS 2025-11-01,2025-11-01,1,157,20.624833
1096,UNS 2025-11-01,2025-11-01,2,328,30.171875
1096,UNS 2025-11-01,2025-11-01,3,3,0.932038
1096,UNS 2025-11-01,2025-11-01,4,47,16.254689
1096,UNS 2025-11-01,2025-11-01,5,74,12.021092
1096,UNS 2025-11-01,2025-11-01,6,4,10.320603
1096,UNS 2025-11-01,2025-11-01,7,17,3.828882
1096,UNS 2025-11-01,2025-11-01,8,3,3.213385
1096,UNS 2025-11-01,2025-11-01,9,6,0.670277
1096,UNS 2025-11-01,2025-11-01,10,1,0.453599
1096,UNS 2025-11-01,2025-11-01,11,1,0.353311
1096,UNS 2025-11-01,2025-11-01,12,2,0.343697
1096,UNS 2025-11-01,2025-11-01,13,7,0.811718
1097,UNS 2025-11-02,2025-11-02,1,157,20.624833
1097,UNS 2025-11-02,2025-11-02,2,328,30.171875
1097,UNS 2025-11-02,2025-11-02,3,3,0.932038
1097,UNS 2025-11-02,2025-11-02,4,47,16.254689
1097,UNS 2025-11-02,2025-11-02,5,74,12.021092
1097,UNS 2025-11-02,2025-11-02,6,4,10.320603
1097,UNS 2025-11-02,2025-11-02,7,17,3.828882
1097,UNS 2025-11-02,2025-11-02,8,3,3.213385
1097,UNS 2025-11-02,2025-11-02,9,6,0.670277
1097,UNS 2025-11-02,2025-11-02,10,1,0.453599
1097,UNS 2025-11-02,2025-11-02,11,1,0.353311
1097,UNS 2025-11-02,2025-11-02,12,2,0.343697
1097,UNS 2025-11-02,2025-11-02,13,7,0.811718
1098,UNS 2025-11-03,2025-11-03,1,156,20.456012
1098,UNS 2025-11-03,2025-11-03,2,331,30.004187
1098,UNS 2025-11-03,2025-11-03,3,3,1.011954
1098,UNS 2025-11-03,2025-11-03,4,46,16.133650
1098,UNS 2025-11-03,2025-11-03,5,74,12.018565
1098,UNS 2025-11-03,2025-11-03,6,4,10.499745
1098,UNS 2025-11-03,2025-11-03,7,17,3.774221
1098,UNS 2025-11-03,2025-11-03,8,2,3.468896
1098,UNS 2025-11-03,2025-11-03,9,6,0.670312
1098,UNS 2025-11-03,2025-11-03,10,1,0.453625
1098,UNS 2025-11-03,2025-11-03,11,1,0.353328
1098,UNS 2025-11-03,2025-11-03,12,2,0.343729
1098,UNS 2025-11-03,2025-11-03,13,7,0.811776
1099,UNS 2025-11-04,2025-11-04,1,156,20.456012
1099,UNS 2025-11-04,2025-11-04,2,331,30.004187
1099,UNS 2025-11-04,2025-11-04,3,3,1.011954
1099,UNS 2025-11-04,2025-11-04,4,46,16.133650
1099,UNS 2025-11-04,2025-11-04,5,74,12.018565
1099,UNS 2025-11-04,2025-11-04,6,4,10.499745
1099,UNS 2025-11-04,2025-11-04,7,17,3.774221
1099,UNS 2025-11-04,2025-11-04,8,2,3.468896
1099,UNS 2025-11-04,2025-11-04,9,6,0.670312
1099,UNS 2025-11-04,2025-11-04,10,1,0.453625
1099,UNS 2025-11-04,2025-11-04,11,1,0.353328
1099,UNS 2025-11-04,2025-11-04,12,2,0.343729
1099,UNS 2025-11-04,2025-11-04,13,7,0.811776
1100,UNS 2025-11-05,2025-11-05,1,159,20.644107
1100,UNS 2025-11-05,2025-11-05,2,326,30.145943
1100,UNS 2025-11-05,2025-11-05,3,3,0.990780
1100,UNS 2025-11-05,2025-11-05,4,48,15.957254
1100,UNS 2025-11-05,2025-11-05,5,74,11.925457
1100,UNS 2025-11-05,2025-11-05,6,5,10.564273
1100,UNS 2025-11-05,2025-11-05,7,16,3.760277
1100,UNS 2025-11-05,2025-11-05,8,2,3.379138
1100,UNS 2025-11-05,2025-11-05,9,6,0.670312
1100,UNS 2025-11-05,2025-11-05,10,1,0.453625
1100,UNS 2025-11-05,2025-11-05,11,1,0.353328
1100,UNS 2025-11-05,2025-11-05,12,2,0.343729
1100,UNS 2025-11-05,2025-11-05,13,7,0.811776
1101,UNS 2025-11-06,2025-11-06,1,153,20.408096
1101,UNS 2025-11-06,2025-11-06,2,335,30.283103
1101,UNS 2025-11-06,2025-11-06,3,3,0.997152
1101,UNS 2025-11-06,2025-11-06,4,45,15.931712
1101,UNS 2025-11-06,2025-11-06,5,74,11.840019
1101,UNS 2025-11-06,2025-11-06,6,5,10.866461
1101,UNS 2025-11-06,2025-11-06,7,16,3.739618
1101,UNS 2025-11-06,2025-11-06,8,2,3.300909
1101,UNS 2025-11-06,2025-11-06,9,6,0.670344
1101,UNS 2025-11-06,2025-11-06,10,1,0.453650
1101,UNS 2025-11-06,2025-11-06,11,1,0.353345
1101,UNS 2025-11-06,2025-11-06,12,2,0.343759
1101,UNS 2025-11-06,2025-11-06,13,7,0.811832
1102,UNS 2025-11-07,2025-11-07,1,150,20.442463
1102,UNS 2025-11-07,2025-11-07,2,340,30.413810
1102,UNS 2025-11-07,2025-11-07,3,3,0.960008
1102,UNS 2025-11-07,2025-11-07,4,43,15.968349
1102,UNS 2025-11-07,2025-11-07,5,74,11.833098
1102,UNS 2025-11-07,2025-11-07,6,5,10.884345
1102,UNS 2025-11-07,2025-11-07,7,16,3.715953
1102,UNS 2025-11-07,2025-11-07,8,2,3.148898
1102,UNS 2025-11-07,2025-11-07,9,6,0.670374
1102,UNS 2025-11-07,2025-11-07,10,1,0.453673
1102,UNS 2025-11-07,2025-11-07,11,1,0.353360
1102,UNS 2025-11-07,2025-11-07,12,2,0.343786
1102,UNS 2025-11-07,2025-11-07,13,7,0.811883
1103,UNS 2025-11-08,2025-11-08,1,150,20.442463
1103,UNS 2025-11-08,2025-11-08,2,340,30.413810
1103,UNS 2025-11-08,2025-11-08,3,3,0.960008
1103,UNS 2025-11-08,2025-11-08,4,43,15.968349
1103,UNS 2025-11-08,2025-11-08,5,74,11.833098
1103,UNS 2025-11-08,2025-11-08,6,5,10.884345
1103,UNS 2025-11-08,2025-11-08,7,16,3.715953
1103,UNS 2025-11-08,2025-11-08,8,2,3.148898
1103,UNS 2025-11-08,2025-11-08,9,6,0.670374
1103,UNS 2025-11-08,2025-11-08,10,1,0.453673
1103,UNS 2025-11-08,2025-11-08,11,1,0.353360
1103,UNS 2025-11-08,2025-11-08,12,2,0.343786
1103,UNS 2025-11-08,2025-11-08,13,7,0.811883
1104,UNS 2025-11-09,2025-11-09,1,150,20.442463
1104,UNS 2025-11-09,2025-11-09,2,340,30.413810
1104,UNS 2025-11-09,2025-11-09,3,3,0.960008
1104,UNS 2025-11-09,2025-11-09,4,43,15.968349
1104,UNS 2025-11-09,2025-11-09,5,74,11.833098
1104,UNS 2025-11-09,2025-11-09,6,5,10.884345
1104,UNS 2025-11-09,2025-11-09,7,16,3.715953
1104,UNS 2025-11-09,2025-11-09,8,2,3.148898
1104,UNS 2025-11-09,2025-11-09,9,6,0.670374
1104,UNS 2025-11-09,2025-11-09,10,1,0.453673
1104,UNS 2025-11-09,2025-11-09,11,1,0.353360
1104,UNS 2025-11-09,2025-11-09,12,2,0.343786
1104,UNS 2025-11-09,2025-11-09,13,7,0.811883
1105,UNS 2025-11-10,2025-11-10,1,151,20.304162
1105,UNS 2025-11-10,2025-11-10,2,338,30.249285
1105,UNS 2025-11-10,2025-11-10,3,3,1.075588
1105,UNS 2025-11-10,2025-11-10,4,45,15.990597
1105,UNS 2025-11-10,2025-11-10,5,73,11.860323
1105,UNS 2025-11-10,2025-11-10,6,5,10.865982
1105,UNS 2025-11-10,2025-11-10,7,16,3.658510
1105,UNS 2025-11-10,2025-11-10,8,2,3.362338
1105,UNS 2025-11-10,2025-11-10,9,6,0.670403
1105,UNS 2025-11-10,2025-11-10,10,1,0.453694
1105,UNS 2025-11-10,2025-11-10,11,1,0.353374
1105,UNS 2025-11-10,2025-11-10,12,2,0.343812
1105,UNS 2025-11-10,2025-11-10,13,7,0.811931
1106,UNS 2025-11-11,2025-11-11,1,151,20.304162
1106,UNS 2025-11-11,2025-11-11,2,338,30.249285
1106,UNS 2025-11-11,2025-11-11,3,3,1.075588
1106,UNS 2025-11-11,2025-11-11,4,45,15.990597
1106,UNS 2025-11-11,2025-11-11,5,73,11.860323
1106,UNS 2025-11-11,2025-11-11,6,5,10.865982
1106,UNS 2025-11-11,2025-11-11,7,16,3.658510
1106,UNS 2025-11-11,2025-11-11,8,2,3.362338
1106,UNS 2025-11-11,2025-11-11,9,6,0.670403
1106,UNS 2025-11-11,2025-11-11,10,1,0.453694
1106,UNS 2025-11-11,2025-11-11,11,1,0.353374
1106,UNS 2025-11-11,2025-11-11,12,2,0.343812
1106,UNS 2025-11-11,2025-11-11,13,7,0.811931
1107,UNS 2025-11-12,2025-11-12,1,147,20.122600
1107,UNS 2025-11-12,2025-11-12,2,344,30.356456
1107,UNS 2025-11-12,2025-11-12,3,3,1.085496
1107,UNS 2025-11-12,2025-11-12,4,44,15.955433
1107,UNS 2025-11-12,2025-11-12,5,73,11.787755
1107,UNS 2025-11-12,2025-11-12,6,5,11.118095
1107,UNS 2025-11-12,2025-11-12,7,15,3.645347
1107,UNS 2025-11-12,2025-11-12,8,2,3.295472
1107,UNS 2025-11-12,2025-11-12,9,6,0.670430
1107,UNS 2025-11-12,2025-11-12,10,1,0.453715
1107,UNS 2025-11-12,2025-11-12,11,1,0.353388
1107,UNS 2025-11-12,2025-11-12,12,2,0.343837
1107,UNS 2025-11-12,2025-11-12,13,7,0.811977
1108,UNS 2025-11-13,2025-11-13,1,147,20.122600
1108,UNS 2025-11-13,2025-11-13,2,344,30.356456
1108,UNS 2025-11-13,2025-11-13,3,3,1.085496
1108,UNS 2025-11-13,2025-11-13,4,44,15.955433
1108,UNS 2025-11-13,2025-11-13,5,73,11.787755
1108,UNS 2025-11-13,2025-11-13,6,5,11.118095
1108,UNS 2025-11-13,2025-11-13,7,15,3.645347
1108,UNS 2025-11-13,2025-11-13,8,2,3.295472
1108,UNS 2025-11-13,2025-11-13,9,6,0.670430
1108,UNS 2025-11-13,2025-11-13,10,1,0.453715
1108,UNS 2025-11-13,2025-11-13,11,1,0.353388
1108,UNS 2025-11-13,2025-11-13,12,2,0.343837
1108,UNS 2025-11-13,2025-11-13,13,7,0.811977
1109,UNS 2025-11-14,2025-11-14,1,147,20.122600
1109,UNS 2025-11-14,2025-11-14,2,344,30.356456
1109,UNS 2025-11-14,2025-11-14,3,3,1.085496
1109,UNS 2025-11-14,2025-11-14,4,44,15.955433
1109,UNS 2025-11-14,2025-11-14,5,73,11.787755
1109,UNS 2025-11-14,2025-11-14,6,5,11.118095
1109,UNS 2025-11-14,2025-11-14,7,15,3.645347
1109,UNS 2025-11-14,2025-11-14,8,2,3.295472
1109,UNS 2025-11-14,2025-11-14,9,6,0.670430
1109,UNS 2025-11-14,2025-11-14,10,1,0.453715
1109,UNS 2025-11-14,2025-11-14,11,1,0.353388
1109,UNS 2025-11-14,2025-11-14,12,2,0.343837
1109,UNS 2025-11-14,2025-11-14,13,7,0.811977
1110,UNS 2025-11-15,2025-11-15,1,147,20.122600
1110,UNS 2025-11-15,2025-11-15,2,344,30.356456
1110,UNS 2025-11-15,2025-11-15,3,3,1.085496
1110,UNS 2025-11-15,2025-11-15,4,44,15.955433
1110,UNS 2025-11-15,2025-11-15,5,73,11.787755
1110,UNS 2025-11-15,2025-11-15,6,5,11.118095
1110,UNS 2025-11-15,2025-11-15,7,15,3.645347
1110,UNS 2025-11-15,2025-11-15,8,2,3.295472
1110,UNS 2025-11-15,2025-11-15,9,6,0.670430
1110,UNS 2025-11-15,2025-11-15,10,1,0.453715
1110,UNS 2025-11-15,2025-11-15,11,1,0.353388
1110,UNS 2025-11-15,2025-11-15,12,2,0.343837
1110,UNS 2025-11-15,2025-11-15,13,7,0.811977
1111,UNS 2025-11-16,2025-11-16,1,147,20.122600
1111,UNS 2025-11-16,2025-11-16,2,344,30.356456
1111,UNS 2025-11-16,2025-11-16,3,3,1.085496
1111,UNS 2025-11-16,2025-11-16,4,44,15.955433
1111,UNS 2025-11-16,2025-11-16,5,73,11.787755
1111,UNS 2025-11-16,2025-11-16,6,5,11.118095
1111,UNS 2025-11-16,2025-11-16,7,15,3.645347
1111,UNS 2025-11-16,2025-11-16,8,2,3.295472
1111,UNS 2025-11-16,2025-11-16,9,6,0.670430
1111,UNS 2025-11-16,2025-11-16,10,1,0.453715
1111,UNS 2025-11-16,2025-11-16,11,1,0.353388
1111,UNS 2025-11-16,2025-11-16,12,2,0.343837
1111,UNS 2025-11-16,2025-11-16,13,7,0.811977
1112,UNS 2025-11-17,2025-11-17,1,152,20.218920
1112,UNS 2025-11-17,2025-11-17,2,332,30.054159
1112,UNS 2025-11-17,2025-11-17,3,4,1.079371
1112,UNS 2025-11-17,2025-11-17,4,47,16.099090
1112,UNS 2025-11-17,2025-11-17,5,74,11.792939
1112,UNS 2025-11-17,2025-11-17,6,6,11.380559
1112,UNS 2025-11-17,2025-11-17,7,16,3.626426
1112,UNS 2025-11-17,2025-11-17,8,2,3.115061
1112,UNS 2025-11-17,2025-11-17,9,6,0.670456
1112,UNS 2025-11-17,2025-11-17,10,1,0.453735
1112,UNS 2025-11-17,2025-11-17,11,1,0.353401
1112,UNS 2025-11-17,2025-11-17,12,2,0.343861
1112,UNS 2025-11-17,2025-11-17,13,7,0.812022
1113,UNS 2025-11-18,2025-11-18,1,152,20.218920
1113,UNS 2025-11-18,2025-11-18,2,332,30.054159
1113,UNS 2025-11-18,2025-11-18,3,4,1.079371
1113,UNS 2025-11-18,2025-11-18,4,47,16.099090
1113,UNS 2025-11-18,2025-11-18,5,74,11.792939
1113,UNS 2025-11-18,2025-11-18,6,6,11.380559
1113,UNS 2025-11-18,2025-11-18,7,16,3.626426
1113,UNS 2025-11-18,2025-11-18,8,2,3.115061
1113,UNS 2025-11-18,2025-11-18,9,6,0.670456
1113,UNS 2025-11-18,2025-11-18,10,1,0.453735
1113,UNS 2025-11-18,2025-11-18,11,1,0.353401
1113,UNS 2025-11-18,2025-11-18,12,2,0.343861
1113,UNS 2025-11-18,2025-11-18,13,7,0.812022
1114,UNS 2025-11-19,2025-11-19,1,145,20.056213
1114,UNS 2025-11-19,2025-11-19,2,336,30.112228
1114,UNS 2025-11-19,2025-11-19,3,4,1.088135
1114,UNS 2025-11-19,2025-11-19,4,47,16.089402
1114,UNS 2025-11-19,2025-11-19,5,74,11.705957
1114,UNS 2025-11-19,2025-11-19,6,8,11.656088
1114,UNS 2025-11-19,2025-11-19,7,16,3.601691
1114,UNS 2025-11-19,2025-11-19,8,3,3.056688
1114,UNS 2025-11-19,2025-11-19,9,6,0.670481
1114,UNS 2025-11-19,2025-11-19,10,1,0.453754
1114,UNS 2025-11-19,2025-11-19,11,1,0.353414
1114,UNS 2025-11-19,2025-11-19,12,2,0.343884
1114,UNS 2025-11-19,2025-11-19,13,7,0.812064
1115,UNS 2025-11-20,2025-11-20,1,154,20.144990
1115,UNS 2025-11-20,2025-11-20,2,325,30.016097
1115,UNS 2025-11-20,2025-11-20,3,4,1.095615
1115,UNS 2025-11-20,2025-11-20,4,48,16.107608
1115,UNS 2025-11-20,2025-11-20,5,74,11.692612
1115,UNS 2025-11-20,2025-11-20,6,8,11.650232
1115,UNS 2025-11-20,2025-11-20,7,16,3.695621
1115,UNS 2025-11-20,2025-11-20,8,4,3.043413
1115,UNS 2025-11-20,2025-11-20,9,6,0.651359
1115,UNS 2025-11-20,2025-11-20,10,1,0.441526
1115,UNS 2025-11-20,2025-11-20,11,1,0.344284
1115,UNS 2025-11-20,2025-11-20,12,2,0.333191
1115,UNS 2025-11-20,2025-11-20,13,7,0.783452
1116,UNS 2025-11-21,2025-11-21,1,155,20.228358
1116,UNS 2025-11-21,2025-11-21,2,320,30.053929
1116,UNS 2025-11-21,2025-11-21,3,4,1.043207
1116,UNS 2025-11-21,2025-11-21,4,48,16.118636
1116,UNS 2025-11-21,2025-11-21,5,76,11.724221
1116,UNS 2025-11-21,2025-11-21,6,8,11.640014
1116,UNS 2025-11-21,2025-11-21,7,18,3.728731
1116,UNS 2025-11-21,2025-11-21,8,4,2.897902
1116,UNS 2025-11-21,2025-11-21,9,6,0.654051
1116,UNS 2025-11-21,2025-11-21,10,1,0.443130
1116,UNS 2025-11-21,2025-11-21,11,1,0.345665
1116,UNS 2025-11-21,2025-11-21,12,2,0.334615
1116,UNS 2025-11-21,2025-11-21,13,7,0.787541
1117,UNS 2025-11-22,2025-11-22,1,155,20.228358
1117,UNS 2025-11-22,2025-11-22,2,320,30.053929
1117,UNS 2025-11-22,2025-11-22,3,4,1.043207
1117,UNS 2025-11-22,2025-11-22,4,48,16.118636
1117,UNS 2025-11-22,2025-11-22,5,76,11.724221
1117,UNS 2025-11-22,2025-11-22,6,8,11.640014
1117,UNS 2025-11-22,2025-11-22,7,18,3.728731
1117,UNS 2025-11-22,2025-11-22,8,4,2.897902
1117,UNS 2025-11-22,2025-11-22,9,6,0.654051
1117,UNS 2025-11-22,2025-11-22,10,1,0.443130
1117,UNS 2025-11-22,2025-11-22,11,1,0.345665
1117,UNS 2025-11-22,2025-11-22,12,2,0.334615
1117,UNS 2025-11-22,2025-11-22,13,7,0.787541
1118,UNS 2025-11-23,2025-11-23,1,155,20.228358
1118,UNS 2025-11-23,2025-11-23,2,320,30.053929
1118,UNS 2025-11-23,2025-11-23,3,4,1.043207
1118,UNS 2025-11-23,2025-11-23,4,48,16.118636
1118,UNS 2025-11-23,2025-11-23,5,76,11.724221
1118,UNS 2025-11-23,2025-11-23,6,8,11.640014
1118,UNS 2025-11-23,2025-11-23,7,18,3.728731
1118,UNS 2025-11-23,2025-11-23,8,4,2.897902
1118,UNS 2025-11-23,2025-11-23,9,6,0.654051
1118,UNS 2025-11-23,2025-11-23,10,1,0.443130
1118,UNS 2025-11-23,2025-11-23,11,1,0.345665
1118,UNS 2025-11-23,2025-11-23,12,2,0.334615
1118,UNS 2025-11-23,2025-11-23,13,7,0.787541
1119,UNS 2025-11-24,2025-11-24,1,158,20.259862
1119,UNS 2025-11-24,2025-11-24,2,316,29.822868
1119,UNS 2025-11-24,2025-11-24,3,4,1.035353
1119,UNS 2025-11-24,2025-11-24,4,48,16.241020
1119,UNS 2025-11-24,2025-11-24,5,76,11.828398
1119,UNS 2025-11-24,2025-11-24,6,8,11.720178
1119,UNS 2025-11-24,2025-11-24,7,18,3.696746
1119,UNS 2025-11-24,2025-11-24,8,5,2.825726
1119,UNS 2025-11-24,2025-11-24,9,6,0.655237
1119,UNS 2025-11-24,2025-11-24,10,1,0.443845
1119,UNS 2025-11-24,2025-11-24,11,1,0.346290
1119,UNS 2025-11-24,2025-11-24,12,2,0.335196
1119,UNS 2025-11-24,2025-11-24,13,7,0.789282
1120,UNS 2025-11-25,2025-11-25,1,158,20.259862
1120,UNS 2025-11-25,2025-11-25,2,316,29.822868
1120,UNS 2025-11-25,2025-11-25,3,4,1.035353
1120,UNS 2025-11-25,2025-11-25,4,48,16.241020
1120,UNS 2025-11-25,2025-11-25,5,76,11.828398
1120,UNS 2025-11-25,2025-11-25,6,8,11.720178
1120,UNS 2025-11-25,2025-11-25,7,18,3.696746
1120,UNS 2025-11-25,2025-11-25,8,5,2.825726
1120,UNS 2025-11-25,2025-11-25,9,6,0.655237
1120,UNS 2025-11-25,2025-11-25,10,1,0.443845
1120,UNS 2025-11-25,2025-11-25,11,1,0.346290
1120,UNS 2025-11-25,2025-11-25,12,2,0.335196
1120,UNS 2025-11-25,2025-11-25,13,7,0.789282
1121,UNS 2025-11-26,2025-11-26,1,153,20.077170
1121,UNS 2025-11-26,2025-11-26,2,321,29.865971
1121,UNS 2025-11-26,2025-11-26,3,4,1.042439
1121,UNS 2025-11-26,2025-11-26,4,48,16.266760
1121,UNS 2025-11-26,2025-11-26,5,76,11.788411
1121,UNS 2025-11-26,2025-11-26,6,8,11.946250
1121,UNS 2025-11-26,2025-11-26,7,18,3.663416
1121,UNS 2025-11-26,2025-11-26,8,5,2.775144
1121,UNS 2025-11-26,2025-11-26,9,6,0.656360
1121,UNS 2025-11-26,2025-11-26,10,1,0.444522
1121,UNS 2025-11-26,2025-11-26,11,1,0.346883
1121,UNS 2025-11-26,2025-11-26,12,2,0.335745
1121,UNS 2025-11-26,2025-11-26,13,7,0.790929
1122,UNS 2025-11-27,2025-11-27,1,152,20.149368
1122,UNS 2025-11-27,2025-11-27,2,321,29.843423
1122,UNS 2025-11-27,2025-11-27,3,4,1.033516
1122,UNS 2025-11-27,2025-11-27,4,50,16.370677
1122,UNS 2025-11-27,2025-11-27,5,76,11.759847
1122,UNS 2025-11-27,2025-11-27,6,8,11.946203
1122,UNS 2025-11-27,2025-11-27,7,17,3.623398
1122,UNS 2025-11-27,2025-11-27,8,5,2.694878
1122,UNS 2025-11-27,2025-11-27,9,6,0.657400
1122,UNS 2025-11-27,2025-11-27,10,1,0.445149
1122,UNS 2025-11-27,2025-11-27,11,1,0.347431
1122,UNS 2025-11-27,2025-11-27,12,2,0.336254
1122,UNS 2025-11-27,2025-11-27,13,7,0.792455
1123,UNS 2025-11-28,2025-11-28,1,160,20.397586
1123,UNS 2025-11-28,2025-11-28,2,307,29.761945
1123,UNS 2025-11-28,2025-11-28,3,4,0.986611
1123,UNS 2025-11-28,2025-11-28,4,53,16.382679
1123,UNS 2025-11-28,2025-11-28,5,78,11.733328
1123,UNS 2025-11-28,2025-11-28,6,8,11.942590
1123,UNS 2025-11-28,2025-11-28,7,18,3.665356
1123,UNS 2025-11-28,2025-11-28,8,5,2.541021
1123,UNS 2025-11-28,2025-11-28,9,6,0.659907
1123,UNS 2025-11-28,2025-11-28,10,1,0.446673
1123,UNS 2025-11-28,2025-11-28,11,1,0.348563
1123,UNS 2025-11-28,2025-11-28,12,2,0.337526
1123,UNS 2025-11-28,2025-11-28,13,7,0.796214
1124,UNS 2025-11-29,2025-11-29,1,160,20.397586
1124,UNS 2025-11-29,2025-11-29,2,307,29.761945
1124,UNS 2025-11-29,2025-11-29,3,4,0.986611
1124,UNS 2025-11-29,2025-11-29,4,53,16.382679
1124,UNS 2025-11-29,2025-11-29,5,78,11.733328
1124,UNS 2025-11-29,2025-11-29,6,8,11.942590
1124,UNS 2025-11-29,2025-11-29,7,18,3.665356
1124,UNS 2025-11-29,2025-11-29,8,5,2.541021
1124,UNS 2025-11-29,2025-11-29,9,6,0.659907
1124,UNS 2025-11-29,2025-11-29,10,1,0.446673
1124,UNS 2025-11-29,2025-11-29,11,1,0.348563
1124,UNS 2025-11-29,2025-11-29,12,2,0.337526
1124,UNS 2025-11-29,2025-11-29,13,7,0.796214
1125,UNS 2025-11-30,2025-11-30,1,160,20.397586
1125,UNS 2025-11-30,2025-11-30,2,307,29.761945
1125,UNS 2025-11-30,2025-11-30,3,4,0.986611
1125,UNS 2025-11-30,2025-11-30,4,53,16.382679
1125,UNS 2025-11-30,2025-11-30,5,78,11.733328
1125,UNS 2025-11-30,2025-11-30,6,8,11.942590
1125,UNS 2025-11-30,2025-11-30,7,18,3.665356
1125,UNS 2025-11-30,2025-11-30,8,5,2.541021
1125,UNS 2025-11-30,2025-11-30,9,6,0.659907
1125,UNS 2025-11-30,2025-11-30,10,1,0.446673
1125,UNS 2025-11-30,2025-11-30,11,1,0.348563
1125,UNS 2025-11-30,2025-11-30,12,2,0.337526
1125,UNS 2025-11-30,2025-11-30,13,7,0.796214
1126,UNS 2025-12-01,2025-12-01,1,160,20.353953
1126,UNS 2025-12-01,2025-12-01,2,305,29.583167
1126,UNS 2025-12-01,2025-12-01,3,4,1.001692
1126,UNS 2025-12-01,2025-12-01,4,53,16.427630
1126,UNS 2025-12-01,2025-12-01,5,78,11.770070
1126,UNS 2025-12-01,2025-12-01,6,8,12.099156
1126,UNS 2025-12-01,2025-12-01,7,18,3.638256
1126,UNS 2025-12-01,2025-12-01,8,7,2.537194
1126,UNS 2025-12-01,2025-12-01,9,6,0.659907
1126,UNS 2025-12-01,2025-12-01,10,1,0.446673
1126,UNS 2025-12-01,2025-12-01,11,1,0.348563
1126,UNS 2025-12-01,2025-12-01,12,2,0.337526
1126,UNS 2025-12-01,2025-12-01,13,7,0.796214
1127,UNS 2025-12-02,2025-12-02,1,160,20.367789
1127,UNS 2025-12-02,2025-12-02,2,301,29.583236
1127,UNS 2025-12-02,2025-12-02,3,4,1.010127
1127,UNS 2025-12-02,2025-12-02,4,55,16.540049
1127,UNS 2025-12-02,2025-12-02,5,78,11.741436
1127,UNS 2025-12-02,2025-12-02,6,8,12.035489
1127,UNS 2025-12-02,2025-12-02,7,18,3.626195
1127,UNS 2025-12-02,2025-12-02,8,9,2.504008
1127,UNS 2025-12-02,2025-12-02,9,6,0.660611
1127,UNS 2025-12-02,2025-12-02,10,1,0.447112
1127,UNS 2025-12-02,2025-12-02,11,1,0.348848
1127,UNS 2025-12-02,2025-12-02,12,2,0.337879
1127,UNS 2025-12-02,2025-12-02,13,7,0.797220
1128,UNS 2025-12-03,2025-12-03,1,157,20.139248
1128,UNS 2025-12-03,2025-12-03,2,306,29.617241
1128,UNS 2025-12-03,2025-12-03,3,4,1.008288
1128,UNS 2025-12-03,2025-12-03,4,52,16.628085
1128,UNS 2025-12-03,2025-12-03,5,77,11.663650
1128,UNS 2025-12-03,2025-12-03,6,8,12.269182
1128,UNS 2025-12-03,2025-12-03,7,18,3.603414
1128,UNS 2025-12-03,2025-12-03,8,11,2.476704
1128,UNS 2025-12-03,2025-12-03,9,6,0.661255
1128,UNS 2025-12-03,2025-12-03,10,1,0.447518
1128,UNS 2025-12-03,2025-12-03,11,1,0.349109
1128,UNS 2025-12-03,2025-12-03,12,2,0.338197
1128,UNS 2025-12-03,2025-12-03,13,7,0.798110
1129,UNS 2025-12-04,2025-12-04,1,157,20.139248
1129,UNS 2025-12-04,2025-12-04,2,306,29.617241
1129,UNS 2025-12-04,2025-12-04,3,4,1.008288
1129,UNS 2025-12-04,2025-12-04,4,52,16.628085
1129,UNS 2025-12-04,2025-12-04,5,77,11.663650
1129,UNS 2025-12-04,2025-12-04,6,8,12.269182
1129,UNS 2025-12-04,2025-12-04,7,18,3.603414
1129,UNS 2025-12-04,2025-12-04,8,11,2.476704
1129,UNS 2025-12-04,2025-12-04,9,6,0.661255
1129,UNS 2025-12-04,2025-12-04,10,1,0.447518
1129,UNS 2025-12-04,2025-12-04,11,1,0.349109
1129,UNS 2025-12-04,2025-12-04,12,2,0.338197
1129,UNS 2025-12-04,2025-12-04,13,7,0.798110
1130,UNS 2025-12-05,2025-12-05,1,157,20.139248
1130,UNS 2025-12-05,2025-12-05,2,306,29.617241
1130,UNS 2025-12-05,2025-12-05,3,4,1.008288
1130,UNS 2025-12-05,2025-12-05,4,52,16.628085
1130,UNS 2025-12-05,2025-12-05,5,77,11.663650
1130,UNS 2025-12-05,2025-12-05,6,8,12.269182
1130,UNS 2025-12-05,2025-12-05,7,18,3.603414
1130,UNS 2025-12-05,2025-12-05,8,11,2.476704
1130,UNS 2025-12-05,2025-12-05,9,6,0.661255
1130,UNS 2025-12-05,2025-12-05,10,1,0.447518
1130,UNS 2025-12-05,2025-12-05,11,1,0.349109
1130,UNS 2025-12-05,2025-12-05,12,2,0.338197
1130,UNS 2025-12-05,2025-12-05,13,7,0.798110
1131,UNS 2025-12-06,2025-12-06,1,157,20.139248
1131,UNS 2025-12-06,2025-12-06,2,306,29.617241
1131,UNS 2025-12-06,2025-12-06,3,4,1.008288
1131,UNS 2025-12-06,2025-12-06,4,52,16.628085
1131,UNS 2025-12-06,2025-12-06,5,77,11.663650
1131,UNS 2025-12-06,2025-12-06,6,8,12.269182
1131,UNS 2025-12-06,2025-12-06,7,18,3.603414
1131,UNS 2025-12-06,2025-12-06,8,11,2.476704
1131,UNS 2025-12-06,2025-12-06,9,6,0.661255
1131,UNS 2025-12-06,2025-12-06,10,1,0.447518
1131,UNS 2025-12-06,2025-12-06,11,1,0.349109
1131,UNS 2025-12-06,2025-12-06,12,2,0.338197
1131,UNS 2025-12-06,2025-12-06,13,7,0.798110
1132,UNS 2025-12-07,2025-12-07,1,157,20.139248
1132,UNS 2025-12-07,2025-12-07,2,306,29.617241
1132,UNS 2025-12-07,2025-12-07,3,4,1.008288
1132,UNS 2025-12-07,2025-12-07,4,52,16.628085
1132,UNS 2025-12-07,2025-12-07,5,77,11.663650
1132,UNS 2025-12-07,2025-12-07,6,8,12.269182
1132,UNS 2025-12-07,2025-12-07,7,18,3.603414
1132,UNS 2025-12-07,2025-12-07,8,11,2.476704
1132,UNS 2025-12-07,2025-12-07,9,6,0.661255
1132,UNS 2025-12-07,2025-12-07,10,1,0.447518
1132,UNS 2025-12-07,2025-12-07,11,1,0.349109
1132,UNS 2025-12-07,2025-12-07,12,2,0.338197
1132,UNS 2025-12-07,2025-12-07,13,7,0.798110
1133,UNS 2025-12-08,2025-12-08,1,153,20.135817
1133,UNS 2025-12-08,2025-12-08,2,306,29.473929
1133,UNS 2025-12-08,2025-12-08,3,4,1.006398
1133,UNS 2025-12-08,2025-12-08,4,54,16.765289
1133,UNS 2025-12-08,2025-12-08,5,76,11.744083
1133,UNS 2025-12-08,2025-12-08,6,8,12.277181
1133,UNS 2025-12-08,2025-12-08,7,18,3.552901
1133,UNS 2025-12-08,2025-12-08,8,14,2.447639
1133,UNS 2025-12-08,2025-12-08,9,6,0.661913
1133,UNS 2025-12-08,2025-12-08,10,1,0.447933
1133,UNS 2025-12-08,2025-12-08,11,1,0.349375
1133,UNS 2025-12-08,2025-12-08,12,2,0.338521
1133,UNS 2025-12-08,2025-12-08,13,7,0.799021
1134,UNS 2025-12-09,2025-12-09,1,153,20.135817
1134,UNS 2025-12-09,2025-12-09,2,306,29.473929
1134,UNS 2025-12-09,2025-12-09,3,4,1.006398
1134,UNS 2025-12-09,2025-12-09,4,54,16.765289
1134,UNS 2025-12-09,2025-12-09,5,76,11.744083
1134,UNS 2025-12-09,2025-12-09,6,8,12.277181
1134,UNS 2025-12-09,2025-12-09,7,18,3.552901
1134,UNS 2025-12-09,2025-12-09,8,14,2.447639
1134,UNS 2025-12-09,2025-12-09,9,6,0.661913
1134,UNS 2025-12-09,2025-12-09,10,1,0.447933
1134,UNS 2025-12-09,2025-12-09,11,1,0.349375
1134,UNS 2025-12-09,2025-12-09,12,2,0.338521
1134,UNS 2025-12-09,2025-12-09,13,7,0.799021
1135,UNS 2025-12-10,2025-12-10,1,149,19.946893
1135,UNS 2025-12-10,2025-12-10,2,305,29.483279
1135,UNS 2025-12-10,2025-12-10,3,4,1.011889
1135,UNS 2025-12-10,2025-12-10,4,55,16.769909
1135,UNS 2025-12-10,2025-12-10,5,77,11.724768
1135,UNS 2025-12-10,2025-12-10,6,9,12.480594
1135,UNS 2025-12-10,2025-12-10,7,18,3.571027
1135,UNS 2025-12-10,2025-12-10,8,16,2.412428
1135,UNS 2025-12-10,2025-12-10,9,6,0.662539
1135,UNS 2025-12-10,2025-12-10,10,1,0.448328
1135,UNS 2025-12-10,2025-12-10,11,1,0.349629
1135,UNS 2025-12-10,2025-12-10,12,2,0.338830
1135,UNS 2025-12-10,2025-12-10,13,7,0.799888
1136,UNS 2025-12-11,2025-12-11,1,149,19.946893
1136,UNS 2025-12-11,2025-12-11,2,305,29.483279
1136,UNS 2025-12-11,2025-12-11,3,4,1.011889
1136,UNS 2025-12-11,2025-12-11,4,55,16.769909
1136,UNS 2025-12-11,2025-12-11,5,77,11.724768
1136,UNS 2025-12-11,2025-12-11,6,9,12.480594
1136,UNS 2025-12-11,2025-12-11,7,18,3.571027
1136,UNS 2025-12-11,2025-12-11,8,16,2.412428
1136,UNS 2025-12-11,2025-12-11,9,6,0.662539
1136,UNS 2025-12-11,2025-12-11,10,1,0.448328
1136,UNS 2025-12-11,2025-12-11,11,1,0.349629
1136,UNS 2025-12-11,2025-12-11,12,2,0.338830
1136,UNS 2025-12-11,2025-12-11,13,7,0.799888
1137,UNS 2025-12-12,2025-12-12,1,150,20.006305
1137,UNS 2025-12-12,2025-12-12,2,310,29.583919
1137,UNS 2025-12-12,2025-12-12,3,4,0.976654
1137,UNS 2025-12-12,2025-12-12,4,53,16.805685
1137,UNS 2025-12-12,2025-12-12,5,77,11.733792
1137,UNS 2025-12-12,2025-12-12,6,9,12.440721
1137,UNS 2025-12-12,2025-12-12,7,16,3.545076
1137,UNS 2025-12-12,2025-12-12,8,14,2.306303
1137,UNS 2025-12-12,2025-12-12,9,6,0.663135
1137,UNS 2025-12-12,2025-12-12,10,1,0.448704
1137,UNS 2025-12-12,2025-12-12,11,1,0.349870
1137,UNS 2025-12-12,2025-12-12,12,2,0.339124
1137,UNS 2025-12-12,2025-12-12,13,7,0.800713
1138,UNS 2025-12-13,2025-12-13,1,150,20.006305
1138,UNS 2025-12-13,2025-12-13,2,310,29.583919
1138,UNS 2025-12-13,2025-12-13,3,4,0.976654
1138,UNS 2025-12-13,2025-12-13,4,53,16.805685
1138,UNS 2025-12-13,2025-12-13,5,77,11.733792
1138,UNS 2025-12-13,2025-12-13,6,9,12.440721
1138,UNS 2025-12-13,2025-12-13,7,16,3.545076
1138,UNS 2025-12-13,2025-12-13,8,14,2.306303
1138,UNS 2025-12-13,2025-12-13,9,6,0.663135
1138,UNS 2025-12-13,2025-12-13,10,1,0.448704
1138,UNS 2025-12-13,2025-12-13,11,1,0.349870
1138,UNS 2025-12-13,2025-12-13,12,2,0.339124
1138,UNS 2025-12-13,2025-12-13,13,7,0.800713
1139,UNS 2025-12-14,2025-12-14,1,150,20.006305
1139,UNS 2025-12-14,2025-12-14,2,310,29.583919
1139,UNS 2025-12-14,2025-12-14,3,4,0.976654
1139,UNS 2025-12-14,2025-12-14,4,53,16.805685
1139,UNS 2025-12-14,2025-12-14,5,77,11.733792
1139,UNS 2025-12-14,2025-12-14,6,9,12.440721
1139,UNS 2025-12-14,2025-12-14,7,16,3.545076
1139,UNS 2025-12-14,2025-12-14,8,14,2.306303
1139,UNS 2025-12-14,2025-12-14,9,6,0.663135
1139,UNS 2025-12-14,2025-12-14,10,1,0.448704
1139,UNS 2025-12-14,2025-12-14,11,1,0.349870
1139,UNS 2025-12-14,2025-12-14,12,2,0.339124
1139,UNS 2025-12-14,2025-12-14,13,7,0.800713
1140,UNS 2025-12-15,2025-12-15,1,148,19.962097
1140,UNS 2025-12-15,2025-12-15,2,308,29.334242
1140,UNS 2025-12-15,2025-12-15,3,4,0.981031
1140,UNS 2025-12-15,2025-12-15,4,53,16.827288
1140,UNS 2025-12-15,2025-12-15,5,77,11.704466
1140,UNS 2025-12-15,2025-12-15,6,9,12.767343
1140,UNS 2025-12-15,2025-12-15,7,17,3.530881
1140,UNS 2025-12-15,2025-12-15,8,17,2.291106
1140,UNS 2025-12-15,2025-12-15,9,6,0.663135
1140,UNS 2025-12-15,2025-12-15,10,1,0.448704
1140,UNS 2025-12-15,2025-12-15,11,1,0.349870
1140,UNS 2025-12-15,2025-12-15,12,2,0.339124
1140,UNS 2025-12-15,2025-12-15,13,7,0.800713
1141,UNS 2025-12-16,2025-12-16,1,148,19.962097
1141,UNS 2025-12-16,2025-12-16,2,308,29.334242
1141,UNS 2025-12-16,2025-12-16,3,4,0.981031
1141,UNS 2025-12-16,2025-12-16,4,53,16.827288
1141,UNS 2025-12-16,2025-12-16,5,77,11.704466
1141,UNS 2025-12-16,2025-12-16,6,9,12.767343
1141,UNS 2025-12-16,2025-12-16,7,17,3.530881
1141,UNS 2025-12-16,2025-12-16,8,17,2.291106
1141,UNS 2025-12-16,2025-12-16,9,6,0.663135
1141,UNS 2025-12-16,2025-12-16,10,1,0.448704
1141,UNS 2025-12-16,2025-12-16,11,1,0.349870
1141,UNS 2025-12-16,2025-12-16,12,2,0.339124
1141,UNS 2025-12-16,2025-12-16,13,7,0.800713
1142,UNS 2025-12-17,2025-12-17,1,145,19.774884
1142,UNS 2025-12-17,2025-12-17,2,312,29.480542
1142,UNS 2025-12-17,2025-12-17,3,4,0.986189
1142,UNS 2025-12-17,2025-12-17,4,53,16.823068
1142,UNS 2025-12-17,2025-12-17,5,77,11.636118
1142,UNS 2025-12-17,2025-12-17,6,9,12.918066
1142,UNS 2025-12-17,2025-12-17,7,16,3.513413
1142,UNS 2025-12-17,2025-12-17,8,17,2.263802
1142,UNS 2025-12-17,2025-12-17,9,6,0.663741
1142,UNS 2025-12-17,2025-12-17,10,1,0.449086
1142,UNS 2025-12-17,2025-12-17,11,1,0.350116
1142,UNS 2025-12-17,2025-12-17,12,2,0.339423
1142,UNS 2025-12-17,2025-12-17,13,7,0.801551
1143,UNS 2025-12-18,2025-12-18,1,143,19.801515
1143,UNS 2025-12-18,2025-12-18,2,315,29.499309
1143,UNS 2025-12-18,2025-12-18,3,4,0.990385
1143,UNS 2025-12-18,2025-12-18,4,52,16.845437
1143,UNS 2025-12-18,2025-12-18,5,77,11.699074
1143,UNS 2025-12-18,2025-12-18,6,9,12.799275
1143,UNS 2025-12-18,2025-12-18,7,16,3.488936
1143,UNS 2025-12-18,2025-12-18,8,17,2.272150
1143,UNS 2025-12-18,2025-12-18,9,6,0.663741
1143,UNS 2025-12-18,2025-12-18,10,1,0.449086
1143,UNS 2025-12-18,2025-12-18,11,1,0.350116
1143,UNS 2025-12-18,2025-12-18,12,2,0.339423
1143,UNS 2025-12-18,2025-12-18,13,7,0.801551
1144,UNS 2025-12-19,2025-12-19,1,143,19.801515
1144,UNS 2025-12-19,2025-12-19,2,315,29.499309
1144,UNS 2025-12-19,2025-12-19,3,4,0.990385
1144,UNS 2025-12-19,2025-12-19,4,52,16.845437
1144,UNS 2025-12-19,2025-12-19,5,77,11.699074
1144,UNS 2025-12-19,2025-12-19,6,9,12.799275
1144,UNS 2025-12-19,2025-12-19,7,16,3.488936
1144,UNS 2025-12-19,2025-12-19,8,17,2.272150
1144,UNS 2025-12-19,2025-12-19,9,6,0.663741
1144,UNS 2025-12-19,2025-12-19,10,1,0.449086
1144,UNS 2025-12-19,2025-12-19,11,1,0.350116
1144,UNS 2025-12-19,2025-12-19,12,2,0.339423
1144,UNS 2025-12-19,2025-12-19,13,7,0.801551
1145,UNS 2025-12-20,2025-12-20,1,143,19.801515
1145,UNS 2025-12-20,2025-12-20,2,315,29.499309
1145,UNS 2025-12-20,2025-12-20,3,4,0.990385
1145,UNS 2025-12-20,2025-12-20,4,52,16.845437
1145,UNS 2025-12-20,2025-12-20,5,77,11.699074
1145,UNS 2025-12-20,2025-12-20,6,9,12.799275
1145,UNS 2025-12-20,2025-12-20,7,16,3.488936
1145,UNS 2025-12-20,2025-12-20,8,17,2.272150
1145,UNS 2025-12-20,2025-12-20,9,6,0.663741
1145,UNS 2025-12-20,2025-12-20,10,1,0.449086
1145,UNS 2025-12-20,2025-12-20,11,1,0.350116
1145,UNS 2025-12-20,2025-12-20,12,2,0.339423
1145,UNS 2025-12-20,2025-12-20,13,7,0.801551
1146,UNS 2025-12-21,2025-12-21,1,143,19.801515
1146,UNS 2025-12-21,2025-12-21,2,315,29.499309
1146,UNS 2025-12-21,2025-12-21,3,4,0.990385
1146,UNS 2025-12-21,2025-12-21,4,52,16.845437
1146,UNS 2025-12-21,2025-12-21,5,77,11.699074
1146,UNS 2025-12-21,2025-12-21,6,9,12.799275
1146,UNS 2025-12-21,2025-12-21,7,16,3.488936
1146,UNS 2025-12-21,2025-12-21,8,17,2.272150
1146,UNS 2025-12-21,2025-12-21,9,6,0.663741
1146,UNS 2025-12-21,2025-12-21,10,1,0.449086
1146,UNS 2025-12-21,2025-12-21,11,1,0.350116
1146,UNS 2025-12-21,2025-12-21,12,2,0.339423
1146,UNS 2025-12-21,2025-12-21,13,7,0.801551
1147,UNS 2025-12-22,2025-12-22,1,146,19.828239
1147,UNS 2025-12-22,2025-12-22,2,311,29.292028
1147,UNS 2025-12-22,2025-12-22,3,4,0.992606
1147,UNS 2025-12-22,2025-12-22,4,51,16.904252
1147,UNS 2025-12-22,2025-12-22,5,77,11.757109
1147,UNS 2025-12-22,2025-12-22,6,9,12.884451
1147,UNS 2025-12-22,2025-12-22,7,16,3.464240
1147,UNS 2025-12-22,2025-12-22,8,19,2.273158
1147,UNS 2025-12-22,2025-12-22,9,6,0.663741
1147,UNS 2025-12-22,2025-12-22,10,1,0.449086
1147,UNS 2025-12-22,2025-12-22,11,1,0.350116
1147,UNS 2025-12-22,2025-12-22,12,2,0.339423
1147,UNS 2025-12-22,2025-12-22,13,7,0.801551
1148,UNS 2025-12-23,2025-12-23,1,145,19.890473
1148,UNS 2025-12-23,2025-12-23,2,313,29.240189
1148,UNS 2025-12-23,2025-12-23,3,4,0.973768
1148,UNS 2025-12-23,2025-12-23,4,50,17.086718
1148,UNS 2025-12-23,2025-12-23,5,77,11.779430
1148,UNS 2025-12-23,2025-12-23,6,9,12.726594
1148,UNS 2025-12-23,2025-12-23,7,16,3.441580
1148,UNS 2025-12-23,2025-12-23,8,19,2.254884
1148,UNS 2025-12-23,2025-12-23,9,6,0.664366
1148,UNS 2025-12-23,2025-12-23,10,1,0.449481
1148,UNS 2025-12-23,2025-12-23,11,1,0.350369
1148,UNS 2025-12-23,2025-12-23,12,2,0.339731
1148,UNS 2025-12-23,2025-12-23,13,7,0.802417
1149,UNS 2025-12-24,2025-12-24,1,142,19.725429
1149,UNS 2025-12-24,2025-12-24,2,315,29.257634
1149,UNS 2025-12-24,2025-12-24,3,4,0.984378
1149,UNS 2025-12-24,2025-12-24,4,51,17.100146
1149,UNS 2025-12-24,2025-12-24,5,77,11.726682
1149,UNS 2025-12-24,2025-12-24,6,9,12.905260
1149,UNS 2025-12-24,2025-12-24,7,16,3.445584
1149,UNS 2025-12-24,2025-12-24,8,19,2.246277
1149,UNS 2025-12-24,2025-12-24,9,6,0.664940
1149,UNS 2025-12-24,2025-12-24,10,1,0.449843
1149,UNS 2025-12-24,2025-12-24,11,1,0.350602
1149,UNS 2025-12-24,2025-12-24,12,2,0.340014
1149,UNS 2025-12-24,2025-12-24,13,7,0.803211
1150,UNS 2025-12-25,2025-12-25,1,142,19.725429
1150,UNS 2025-12-25,2025-12-25,2,315,29.257634
1150,UNS 2025-12-25,2025-12-25,3,4,0.984378
1150,UNS 2025-12-25,2025-12-25,4,51,17.100146
1150,UNS 2025-12-25,2025-12-25,5,77,11.726682
1150,UNS 2025-12-25,2025-12-25,6,9,12.905260
1150,UNS 2025-12-25,2025-12-25,7,16,3.445584
1150,UNS 2025-12-25,2025-12-25,8,19,2.246277
1150,UNS 2025-12-25,2025-12-25,9,6,0.664940
1150,UNS 2025-12-25,2025-12-25,10,1,0.449843
1150,UNS 2025-12-25,2025-12-25,11,1,0.350602
1150,UNS 2025-12-25,2025-12-25,12,2,0.340014
1150,UNS 2025-12-25,2025-12-25,13,7,0.803211
1151,UNS 2025-12-26,2025-12-26,1,142,19.725429
1151,UNS 2025-12-26,2025-12-26,2,315,29.257634
1151,UNS 2025-12-26,2025-12-26,3,4,0.984378
1151,UNS 2025-12-26,2025-12-26,4,51,17.100146
1151,UNS 2025-12-26,2025-12-26,5,77,11.726682
1151,UNS 2025-12-26,2025-12-26,6,9,12.905260
1151,UNS 2025-12-26,2025-12-26,7,16,3.445584
1151,UNS 2025-12-26,2025-12-26,8,19,2.246277
1151,UNS 2025-12-26,2025-12-26,9,6,0.664940
1151,UNS 2025-12-26,2025-12-26,10,1,0.449843
1151,UNS 2025-12-26,2025-12-26,11,1,0.350602
1151,UNS 2025-12-26,2025-12-26,12,2,0.340014
1151,UNS 2025-12-26,2025-12-26,13,7,0.803211
1152,UNS 2025-12-27,2025-12-27,1,142,19.725429
1152,UNS 2025-12-27,2025-12-27,2,315,29.257634
1152,UNS 2025-12-27,2025-12-27,3,4,0.984378
1152,UNS 2025-12-27,2025-12-27,4,51,17.100146
1152,UNS 2025-12-27,2025-12-27,5,77,11.726682
1152,UNS 2025-12-27,2025-12-27,6,9,12.905260
1152,UNS 2025-12-27,2025-12-27,7,16,3.445584
1152,UNS 2025-12-27,2025-12-27,8,19,2.246277
1152,UNS 2025-12-27,2025-12-27,9,6,0.664940
1152,UNS 2025-12-27,2025-12-27,10,1,0.449843
1152,UNS 2025-12-27,2025-12-27,11,1,0.350602
1152,UNS 2025-12-27,2025-12-27,12,2,0.340014
1152,UNS 2025-12-27,2025-12-27,13,7,0.803211
1153,UNS 2025-12-28,2025-12-28,1,142,19.725429
1153,UNS 2025-12-28,2025-12-28,2,315,29.257634
1153,UNS 2025-12-28,2025-12-28,3,4,0.984378
1153,UNS 2025-12-28,2025-12-28,4,51,17.100146
1153,UNS 2025-12-28,2025-12-28,5,77,11.726682
1153,UNS 2025-12-28,2025-12-28,6,9,12.905260
1153,UNS 2025-12-28,2025-12-28,7,16,3.445584
1153,UNS 2025-12-28,2025-12-28,8,19,2.246277
1153,UNS 2025-12-28,2025-12-28,9,6,0.664940
1153,UNS 2025-12-28,2025-12-28,10,1,0.449843
1153,UNS 2025-12-28,2025-12-28,11,1,0.350602
1153,UNS 2025-12-28,2025-12-28,12,2,0.340014
1153,UNS 2025-12-28,2025-12-28,13,7,0.803211
1154,UNS 2025-12-29,2025-12-29,1,142,19.725429
1154,UNS 2025-12-29,2025-12-29,2,315,29.257634
1154,UNS 2025-12-29,2025-12-29,3,4,0.984378
1154,UNS 2025-12-29,2025-12-29,4,51,17.100146
1154,UNS 2025-12-29,2025-12-29,5,77,11.726682
1154,UNS 2025-12-29,2025-12-29,6,9,12.905260
1154,UNS 2025-12-29,2025-12-29,7,16,3.445584
1154,UNS 2025-12-29,2025-12-29,8,19,2.246277
1154,UNS 2025-12-29,2025-12-29,9,6,0.664940
1154,UNS 2025-12-29,2025-12-29,10,1,0.449843
1154,UNS 2025-12-29,2025-12-29,11,1,0.350602
1154,UNS 2025-12-29,2025-12-29,12,2,0.340014
1154,UNS 2025-12-29,2025-12-29,13,7,0.803211
1155,UNS 2025-12-30,2025-12-30,1,142,19.725429
1155,UNS 2025-12-30,2025-12-30,2,315,29.257634
1155,UNS 2025-12-30,2025-12-30,3,4,0.984378
1155,UNS 2025-12-30,2025-12-30,4,51,17.100146
1155,UNS 2025-12-30,2025-12-30,5,77,11.726682
1155,UNS 2025-12-30,2025-12-30,6,9,12.905260
1155,UNS 2025-12-30,2025-12-30,7,16,3.445584
1155,UNS 2025-12-30,2025-12-30,8,19,2.246277
1155,UNS 2025-12-30,2025-12-30,9,6,0.664940
1155,UNS 2025-12-30,2025-12-30,10,1,0.449843
1155,UNS 2025-12-30,2025-12-30,11,1,0.350602
1155,UNS 2025-12-30,2025-12-30,12,2,0.340014
1155,UNS 2025-12-30,2025-12-30,13,7,0.803211
1156,UNS 2025-12-31,2025-12-31,1,139,19.561210
1156,UNS 2025-12-31,2025-12-31,2,319,29.297846
1156,UNS 2025-12-31,2025-12-31,3,4,0.994394
1156,UNS 2025-12-31,2025-12-31,4,51,17.063563
1156,UNS 2025-12-31,2025-12-31,5,76,11.683544
1156,UNS 2025-12-31,2025-12-31,6,9,13.085678
1156,UNS 2025-12-31,2025-12-31,7,16,3.460706
1156,UNS 2025-12-31,2025-12-31,8,19,2.242093
1156,UNS 2025-12-31,2025-12-31,9,6,0.665542
1156,UNS 2025-12-31,2025-12-31,10,1,0.450223
1156,UNS 2025-12-31,2025-12-31,11,1,0.350846
1156,UNS 2025-12-31,2025-12-31,12,2,0.340311
1156,UNS 2025-12-31,2025-12-31,13,7,0.804044
1157,UNS 2026-01-01,2026-01-01,1,139,19.561210
1157,UNS 2026-01-01,2026-01-01,2,319,29.297846
1157,UNS 2026-01-01,2026-01-01,3,4,0.994394
1157,UNS 2026-01-01,2026-01-01,4,51,17.063563
1157,UNS 2026-01-01,2026-01-01,5,76,11.683544
1157,UNS 2026-01-01,2026-01-01,6,9,13.085678
1157,UNS 2026-01-01,2026-01-01,7,16,3.460706
1157,UNS 2026-01-01,2026-01-01,8,19,2.242093
1157,UNS 2026-01-01,2026-01-01,9,6,0.665542
1157,UNS 2026-01-01,2026-01-01,10,1,0.450223
1157,UNS 2026-01-01,2026-01-01,11,1,0.350846
1157,UNS 2026-01-01,2026-01-01,12,2,0.340311
1157,UNS 2026-01-01,2026-01-01,13,7,0.804044
1158,UNS 2026-01-02,2026-01-02,1,139,19.561210
1158,UNS 2026-01-02,2026-01-02,2,319,29.297846
1158,UNS 2026-01-02,2026-01-02,3,4,0.994394
1158,UNS 2026-01-02,2026-01-02,4,51,17.063563
1158,UNS 2026-01-02,2026-01-02,5,76,11.683544
1158,UNS 2026-01-02,2026-01-02,6,9,13.085678
1158,UNS 2026-01-02,2026-01-02,7,16,3.460706
1158,UNS 2026-01-02,2026-01-02,8,19,2.242093
1158,UNS 2026-01-02,2026-01-02,9,6,0.665542
1158,UNS 2026-01-02,2026-01-02,10,1,0.450223
1158,UNS 2026-01-02,2026-01-02,11,1,0.350846
1158,UNS 2026-01-02,2026-01-02,12,2,0.340311
1158,UNS 2026-01-02,2026-01-02,13,7,0.804044
1159,UNS 2026-01-03,2026-01-03,1,139,19.561210
1159,UNS 2026-01-03,2026-01-03,2,319,29.297846
1159,UNS 2026-01-03,2026-01-03,3,4,0.994394
1159,UNS 2026-01-03,2026-01-03,4,51,17.063563
1159,UNS 2026-01-03,2026-01-03,5,76,11.683544
1159,UNS 2026-01-03,2026-01-03,6,9,13.085678
1159,UNS 2026-01-03,2026-01-03,7,16,3.460706
1159,UNS 2026-01-03,2026-01-03,8,19,2.242093
1159,UNS 2026-01-03,2026-01-03,9,6,0.665542
1159,UNS 2026-01-03,2026-01-03,10,1,0.450223
1159,UNS 2026-01-03,2026-01-03,11,1,0.350846
1159,UNS 2026-01-03,2026-01-03,12,2,0.340311
1159,UNS 2026-01-03,2026-01-03,13,7,0.804044
1160,UNS 2026-01-04,2026-01-04,1,139,19.561113
1160,UNS 2026-01-04,2026-01-04,2,319,29.297930
1160,UNS 2026-01-04,2026-01-04,3,4,0.994397
1160,UNS 2026-01-04,2026-01-04,4,51,17.063511
1160,UNS 2026-01-04,2026-01-04,5,76,11.683549
1160,UNS 2026-01-04,2026-01-04,6,9,13.085730
1160,UNS 2026-01-04,2026-01-04,7,16,3.460718
1160,UNS 2026-01-04,2026-01-04,8,19,2.242087
1160,UNS 2026-01-04,2026-01-04,9,6,0.665542
1160,UNS 2026-01-04,2026-01-04,10,1,0.450223
1160,UNS 2026-01-04,2026-01-04,11,1,0.350846
1160,UNS 2026-01-04,2026-01-04,12,2,0.340311
1160,UNS 2026-01-04,2026-01-04,13,7,0.804044
1161,UNS 2026-01-05,2026-01-05,1,137,19.512929
1161,UNS 2026-01-05,2026-01-05,2,312,29.135825
1161,UNS 2026-01-05,2026-01-05,3,4,0.970604
1161,UNS 2026-01-05,2026-01-05,4,59,17.291798
1161,UNS 2026-01-05,2026-01-05,5,76,11.780784
1161,UNS 2026-01-05,2026-01-05,6,9,13.025013
1161,UNS 2026-01-05,2026-01-05,7,15,3.388497
1161,UNS 2026-01-05,2026-01-05,8,21,2.281246
1161,UNS 2026-01-05,2026-01-05,9,6,0.666139
1161,UNS 2026-01-05,2026-01-05,10,1,0.450600
1161,UNS 2026-01-05,2026-01-05,11,1,0.351088
1161,UNS 2026-01-05,2026-01-05,12,2,0.340605
1161,UNS 2026-01-05,2026-01-05,13,7,0.804871
1162,UNS 2026-01-06,2026-01-06,1,137,19.512929
1162,UNS 2026-01-06,2026-01-06,2,312,29.135825
1162,UNS 2026-01-06,2026-01-06,3,4,0.970604
1162,UNS 2026-01-06,2026-01-06,4,59,17.291798
1162,UNS 2026-01-06,2026-01-06,5,76,11.780784
1162,UNS 2026-01-06,2026-01-06,6,9,13.025013
1162,UNS 2026-01-06,2026-01-06,7,15,3.388497
1162,UNS 2026-01-06,2026-01-06,8,21,2.281246
1162,UNS 2026-01-06,2026-01-06,9,6,0.666139
1162,UNS 2026-01-06,2026-01-06,10,1,0.450600
1162,UNS 2026-01-06,2026-01-06,11,1,0.351088
1162,UNS 2026-01-06,2026-01-06,12,2,0.340605
1162,UNS 2026-01-06,2026-01-06,13,7,0.804871
1163,UNS 2026-01-07,2026-01-07,1,137,19.512929
1163,UNS 2026-01-07,2026-01-07,2,312,29.135825
1163,UNS 2026-01-07,2026-01-07,3,4,0.970604
1163,UNS 2026-01-07,2026-01-07,4,59,17.291798
1163,UNS 2026-01-07,2026-01-07,5,76,11.780784
1163,UNS 2026-01-07,2026-01-07,6,9,13.025013
1163,UNS 2026-01-07,2026-01-07,7,15,3.388497
1163,UNS 2026-01-07,2026-01-07,8,21,2.281246
1163,UNS 2026-01-07,2026-01-07,9,6,0.666139
1163,UNS 2026-01-07,2026-01-07,10,1,0.450600
1163,UNS 2026-01-07,2026-01-07,11,1,0.351088
1163,UNS 2026-01-07,2026-01-07,12,2,0.340605
1163,UNS 2026-01-07,2026-01-07,13,7,0.804871
1164,UNS 2026-01-08,2026-01-08,1,137,19.328965
1164,UNS 2026-01-08,2026-01-08,2,313,29.238820
1164,UNS 2026-01-08,2026-01-08,3,4,0.973692
1164,UNS 2026-01-08,2026-01-08,4,57,17.277166
1164,UNS 2026-01-08,2026-01-08,5,77,11.721979
1164,UNS 2026-01-08,2026-01-08,6,9,13.180560
1164,UNS 2026-01-08,2026-01-08,7,15,3.364348
1164,UNS 2026-01-08,2026-01-08,8,21,2.299184
1164,UNS 2026-01-08,2026-01-08,9,6,0.666605
1164,UNS 2026-01-08,2026-01-08,10,1,0.450891
1164,UNS 2026-01-08,2026-01-08,11,1,0.351292
1164,UNS 2026-01-08,2026-01-08,12,2,0.340871
1164,UNS 2026-01-08,2026-01-08,13,7,0.805626
1165,UNS 2026-01-09,2026-01-09,1,135,19.395140
1165,UNS 2026-01-09,2026-01-09,2,318,29.313692
1165,UNS 2026-01-09,2026-01-09,3,4,0.932110
1165,UNS 2026-01-09,2026-01-09,4,55,17.278858
1165,UNS 2026-01-09,2026-01-09,5,76,11.710241
1165,UNS 2026-01-09,2026-01-09,6,9,13.156055
1165,UNS 2026-01-09,2026-01-09,7,15,3.376525
1165,UNS 2026-01-09,2026-01-09,8,21,2.220538
1165,UNS 2026-01-09,2026-01-09,9,6,0.666967
1165,UNS 2026-01-09,2026-01-09,10,1,0.451136
1165,UNS 2026-01-09,2026-01-09,11,1,0.351461
1165,UNS 2026-01-09,2026-01-09,12,2,0.341091
1165,UNS 2026-01-09,2026-01-09,13,7,0.806186
1166,UNS 2026-01-10,2026-01-10,1,135,19.395140
1166,UNS 2026-01-10,2026-01-10,2,318,29.313692
1166,UNS 2026-01-10,2026-01-10,3,4,0.932110
1166,UNS 2026-01-10,2026-01-10,4,55,17.278858
1166,UNS 2026-01-10,2026-01-10,5,76,11.710241
1166,UNS 2026-01-10,2026-01-10,6,9,13.156055
1166,UNS 2026-01-10,2026-01-10,7,15,3.376525
1166,UNS 2026-01-10,2026-01-10,8,21,2.220538
1166,UNS 2026-01-10,2026-01-10,9,6,0.666967
1166,UNS 2026-01-10,2026-01-10,10,1,0.451136
1166,UNS 2026-01-10,2026-01-10,11,1,0.351461
1166,UNS 2026-01-10,2026-01-10,12,2,0.341091
1166,UNS 2026-01-10,2026-01-10,13,7,0.806186
1167,UNS 2026-01-11,2026-01-11,1,135,19.395140
1167,UNS 2026-01-11,2026-01-11,2,318,29.313692
1167,UNS 2026-01-11,2026-01-11,3,4,0.932110
1167,UNS 2026-01-11,2026-01-11,4,55,17.278858
1167,UNS 2026-01-11,2026-01-11,5,76,11.710241
1167,UNS 2026-01-11,2026-01-11,6,9,13.156055
1167,UNS 2026-01-11,2026-01-11,7,15,3.376525
1167,UNS 2026-01-11,2026-01-11,8,21,2.220538
1167,UNS 2026-01-11,2026-01-11,9,6,0.666967
1167,UNS 2026-01-11,2026-01-11,10,1,0.451136
1167,UNS 2026-01-11,2026-01-11,11,1,0.351461
1167,UNS 2026-01-11,2026-01-11,12,2,0.341091
1167,UNS 2026-01-11,2026-01-11,13,7,0.806186
1168,UNS 2026-01-12,2026-01-12,1,138,19.412401
1168,UNS 2026-01-12,2026-01-12,2,311,29.038306
1168,UNS 2026-01-12,2026-01-12,3,4,0.946889
1168,UNS 2026-01-12,2026-01-12,4,58,17.349555
1168,UNS 2026-01-12,2026-01-12,5,77,11.829499
1168,UNS 2026-01-12,2026-01-12,6,9,13.170078
1168,UNS 2026-01-12,2026-01-12,7,15,3.358111
1168,UNS 2026-01-12,2026-01-12,8,21,2.278321
1168,UNS 2026-01-12,2026-01-12,9,6,0.666967
1168,UNS 2026-01-12,2026-01-12,10,1,0.451136
1168,UNS 2026-01-12,2026-01-12,11,1,0.351461
1168,UNS 2026-01-12,2026-01-12,12,2,0.341091
1168,UNS 2026-01-12,2026-01-12,13,7,0.806186
1169,UNS 2026-01-13,2026-01-13,1,139,19.409940
1169,UNS 2026-01-13,2026-01-13,2,312,29.081116
1169,UNS 2026-01-13,2026-01-13,3,4,0.942668
1169,UNS 2026-01-13,2026-01-13,4,57,17.452579
1169,UNS 2026-01-13,2026-01-13,5,76,11.777726
1169,UNS 2026-01-13,2026-01-13,6,9,13.115032
1169,UNS 2026-01-13,2026-01-13,7,15,3.333707
1169,UNS 2026-01-13,2026-01-13,8,21,2.268994
1169,UNS 2026-01-13,2026-01-13,9,6,0.667280
1169,UNS 2026-01-13,2026-01-13,10,1,0.451359
1169,UNS 2026-01-13,2026-01-13,11,1,0.351625
1169,UNS 2026-01-13,2026-01-13,12,2,0.341300
1169,UNS 2026-01-13,2026-01-13,13,7,0.806672
1170,UNS 2026-01-14,2026-01-14,1,140,19.340707
1170,UNS 2026-01-14,2026-01-14,2,304,28.945742
1170,UNS 2026-01-14,2026-01-14,3,4,0.965614
1170,UNS 2026-01-14,2026-01-14,4,63,17.523755
1170,UNS 2026-01-14,2026-01-14,5,77,11.685969
1170,UNS 2026-01-14,2026-01-14,6,9,13.254519
1170,UNS 2026-01-14,2026-01-14,7,15,3.475240
1170,UNS 2026-01-14,2026-01-14,8,21,2.285971
1170,UNS 2026-01-14,2026-01-14,9,6,0.643590
1170,UNS 2026-01-14,2026-01-14,10,1,0.436428
1170,UNS 2026-01-14,2026-01-14,11,1,0.340608
1170,UNS 2026-01-14,2026-01-14,12,2,0.328647
1170,UNS 2026-01-14,2026-01-14,13,7,0.773211
1171,UNS 2026-01-15,2026-01-15,1,142,19.455107
1171,UNS 2026-01-15,2026-01-15,2,300,28.886889
1171,UNS 2026-01-15,2026-01-15,3,5,0.960487
1171,UNS 2026-01-15,2026-01-15,4,64,17.483479
1171,UNS 2026-01-15,2026-01-15,5,77,11.652171
1171,UNS 2026-01-15,2026-01-15,6,9,13.225313
1171,UNS 2026-01-15,2026-01-15,7,15,3.523126
1171,UNS 2026-01-15,2026-01-15,8,21,2.281606
1171,UNS 2026-01-15,2026-01-15,9,6,0.646007
1171,UNS 2026-01-15,2026-01-15,10,1,0.438148
1171,UNS 2026-01-15,2026-01-15,11,1,0.341729
1171,UNS 2026-01-15,2026-01-15,12,2,0.329983
1171,UNS 2026-01-15,2026-01-15,13,7,0.775956
1172,UNS 2026-01-16,2026-01-16,1,142,19.455071
1172,UNS 2026-01-16,2026-01-16,2,300,28.886936
1172,UNS 2026-01-16,2026-01-16,3,5,0.960488
1172,UNS 2026-01-16,2026-01-16,4,64,17.483422
1172,UNS 2026-01-16,2026-01-16,5,77,11.652175
1172,UNS 2026-01-16,2026-01-16,6,9,13.225348
1172,UNS 2026-01-16,2026-01-16,7,15,3.523136
1172,UNS 2026-01-16,2026-01-16,8,21,2.281603
1172,UNS 2026-01-16,2026-01-16,9,6,0.646006
1172,UNS 2026-01-16,2026-01-16,10,1,0.438147
1172,UNS 2026-01-16,2026-01-16,11,1,0.341729
1172,UNS 2026-01-16,2026-01-16,12,2,0.329982
1172,UNS 2026-01-16,2026-01-16,13,7,0.775955
1173,UNS 2026-01-17,2026-01-17,1,142,19.455071
1173,UNS 2026-01-17,2026-01-17,2,300,28.886936
1173,UNS 2026-01-17,2026-01-17,3,5,0.960488
1173,UNS 2026-01-17,2026-01-17,4,64,17.483422
1173,UNS 2026-01-17,2026-01-17,5,77,11.652175
1173,UNS 2026-01-17,2026-01-17,6,9,13.225348
1173,UNS 2026-01-17,2026-01-17,7,15,3.523136
1173,UNS 2026-01-17,2026-01-17,8,21,2.281603
1173,UNS 2026-01-17,2026-01-17,9,6,0.646006
1173,UNS 2026-01-17,2026-01-17,10,1,0.438147
1173,UNS 2026-01-17,2026-01-17,11,1,0.341729
1173,UNS 2026-01-17,2026-01-17,12,2,0.329982
1173,UNS 2026-01-17,2026-01-17,13,7,0.775955
1174,UNS 2026-01-18,2026-01-18,1,142,19.455071
1174,UNS 2026-01-18,2026-01-18,2,300,28.886936
1174,UNS 2026-01-18,2026-01-18,3,5,0.960488
1174,UNS 2026-01-18,2026-01-18,4,64,17.483422
1174,UNS 2026-01-18,2026-01-18,5,77,11.652175
1174,UNS 2026-01-18,2026-01-18,6,9,13.225348
1174,UNS 2026-01-18,2026-01-18,7,15,3.523136
1174,UNS 2026-01-18,2026-01-18,8,21,2.281603
1174,UNS 2026-01-18,2026-01-18,9,6,0.646006
1174,UNS 2026-01-18,2026-01-18,10,1,0.438147
1174,UNS 2026-01-18,2026-01-18,11,1,0.341729
1174,UNS 2026-01-18,2026-01-18,12,2,0.329982
1174,UNS 2026-01-18,2026-01-18,13,7,0.775955
1175,UNS 2026-01-19,2026-01-19,1,147,19.623579
1175,UNS 2026-01-19,2026-01-19,2,293,28.646545
1175,UNS 2026-01-19,2026-01-19,3,5,0.939917
1175,UNS 2026-01-19,2026-01-19,4,69,17.700942
1175,UNS 2026-01-19,2026-01-19,5,76,11.655293
1175,UNS 2026-01-19,2026-01-19,6,9,13.081181
1175,UNS 2026-01-19,2026-01-19,7,15,3.519778
1175,UNS 2026-01-19,2026-01-19,8,19,2.285345
1175,UNS 2026-01-19,2026-01-19,9,6,0.649833
1175,UNS 2026-01-19,2026-01-19,10,1,0.440622
1175,UNS 2026-01-19,2026-01-19,11,1,0.343512
1175,UNS 2026-01-19,2026-01-19,12,2,0.332355
1175,UNS 2026-01-19,2026-01-19,13,7,0.781098
1176,UNS 2026-01-20,2026-01-20,1,147,19.623579
1176,UNS 2026-01-20,2026-01-20,2,293,28.646545
1176,UNS 2026-01-20,2026-01-20,3,5,0.939917
1176,UNS 2026-01-20,2026-01-20,4,69,17.700942
1176,UNS 2026-01-20,2026-01-20,5,76,11.655293
1176,UNS 2026-01-20,2026-01-20,6,9,13.081181
1176,UNS 2026-01-20,2026-01-20,7,15,3.519778
1176,UNS 2026-01-20,2026-01-20,8,19,2.285345
1176,UNS 2026-01-20,2026-01-20,9,6,0.649833
1176,UNS 2026-01-20,2026-01-20,10,1,0.440622
1176,UNS 2026-01-20,2026-01-20,11,1,0.343512
1176,UNS 2026-01-20,2026-01-20,12,2,0.332355
1176,UNS 2026-01-20,2026-01-20,13,7,0.781098
1177,UNS 2026-01-21,2026-01-21,1,143,19.448630
1177,UNS 2026-01-21,2026-01-21,2,295,28.763476
1177,UNS 2026-01-21,2026-01-21,3,5,0.934755
1177,UNS 2026-01-21,2026-01-21,4,69,17.643976
1177,UNS 2026-01-21,2026-01-21,5,76,11.577426
1177,UNS 2026-01-21,2026-01-21,6,9,13.251026
1177,UNS 2026-01-21,2026-01-21,7,15,3.505122
1177,UNS 2026-01-21,2026-01-21,8,21,2.321919
1177,UNS 2026-01-21,2026-01-21,9,6,0.651325
1177,UNS 2026-01-21,2026-01-21,10,1,0.441506
1177,UNS 2026-01-21,2026-01-21,11,1,0.344267
1177,UNS 2026-01-21,2026-01-21,12,2,0.333172
1177,UNS 2026-01-21,2026-01-21,13,7,0.783400
1178,UNS 2026-01-22,2026-01-22,1,143,19.448630
1178,UNS 2026-01-22,2026-01-22,2,295,28.763476
1178,UNS 2026-01-22,2026-01-22,3,5,0.934755
1178,UNS 2026-01-22,2026-01-22,4,69,17.643976
1178,UNS 2026-01-22,2026-01-22,5,76,11.577426
1178,UNS 2026-01-22,2026-01-22,6,9,13.251026
1178,UNS 2026-01-22,2026-01-22,7,15,3.505122
1178,UNS 2026-01-22,2026-01-22,8,21,2.321919
1178,UNS 2026-01-22,2026-01-22,9,6,0.651325
1178,UNS 2026-01-22,2026-01-22,10,1,0.441506
1178,UNS 2026-01-22,2026-01-22,11,1,0.344267
1178,UNS 2026-01-22,2026-01-22,12,2,0.333172
1178,UNS 2026-01-22,2026-01-22,13,7,0.783400
1179,UNS 2026-01-23,2026-01-23,1,145,19.584016
1179,UNS 2026-01-23,2026-01-23,2,300,28.843649
1179,UNS 2026-01-23,2026-01-23,3,4,0.897622
1179,UNS 2026-01-23,2026-01-23,4,65,17.599291
1179,UNS 2026-01-23,2026-01-23,5,76,11.602654
1179,UNS 2026-01-23,2026-01-23,6,9,13.145163
1179,UNS 2026-01-23,2026-01-23,7,15,3.515345
1179,UNS 2026-01-23,2026-01-23,8,19,2.252681
1179,UNS 2026-01-23,2026-01-23,9,6,0.652735
1179,UNS 2026-01-23,2026-01-23,10,1,0.442341
1179,UNS 2026-01-23,2026-01-23,11,1,0.344981
1179,UNS 2026-01-23,2026-01-23,12,2,0.333945
1179,UNS 2026-01-23,2026-01-23,13,7,0.785577
1180,UNS 2026-01-24,2026-01-24,1,145,19.584016
1180,UNS 2026-01-24,2026-01-24,2,300,28.843649
1180,UNS 2026-01-24,2026-01-24,3,4,0.897622
1180,UNS 2026-01-24,2026-01-24,4,65,17.599291
1180,UNS 2026-01-24,2026-01-24,5,76,11.602654
1180,UNS 2026-01-24,2026-01-24,6,9,13.145163
1180,UNS 2026-01-24,2026-01-24,7,15,3.515345
1180,UNS 2026-01-24,2026-01-24,8,19,2.252681
1180,UNS 2026-01-24,2026-01-24,9,6,0.652735
1180,UNS 2026-01-24,2026-01-24,10,1,0.442341
1180,UNS 2026-01-24,2026-01-24,11,1,0.344981
1180,UNS 2026-01-24,2026-01-24,12,2,0.333945
1180,UNS 2026-01-24,2026-01-24,13,7,0.785577
1181,UNS 2026-01-25,2026-01-25,1,144,19.686060
1181,UNS 2026-01-25,2026-01-25,2,297,28.826547
1181,UNS 2026-01-25,2026-01-25,3,4,0.891785
1181,UNS 2026-01-25,2026-01-25,4,67,17.650519
1181,UNS 2026-01-25,2026-01-25,5,76,11.592853
1181,UNS 2026-01-25,2026-01-25,6,9,12.999236
1181,UNS 2026-01-25,2026-01-25,7,15,3.504937
1181,UNS 2026-01-25,2026-01-25,8,21,2.283213
1181,UNS 2026-01-25,2026-01-25,9,6,0.654014
1181,UNS 2026-01-25,2026-01-25,10,1,0.443107
1181,UNS 2026-01-25,2026-01-25,11,1,0.345646
1181,UNS 2026-01-25,2026-01-25,12,2,0.334597
1181,UNS 2026-01-25,2026-01-25,13,7,0.787487
1182,UNS 2026-01-26,2026-01-26,1,148,19.689207
1182,UNS 2026-01-26,2026-01-26,2,295,28.730584
1182,UNS 2026-01-26,2026-01-26,3,4,0.998592
1182,UNS 2026-01-26,2026-01-26,4,66,17.557319
1182,UNS 2026-01-26,2026-01-26,5,77,11.669580
1182,UNS 2026-01-26,2026-01-26,6,9,13.074733
1182,UNS 2026-01-26,2026-01-26,7,15,3.474579
1182,UNS 2026-01-26,2026-01-26,8,19,2.240554
1182,UNS 2026-01-26,2026-01-26,9,6,0.654014
1182,UNS 2026-01-26,2026-01-26,10,1,0.443107
1182,UNS 2026-01-26,2026-01-26,11,1,0.345646
1182,UNS 2026-01-26,2026-01-26,12,2,0.334597
1182,UNS 2026-01-26,2026-01-26,13,7,0.787487
1183,UNS 2026-01-27,2026-01-27,1,150,19.817821
1183,UNS 2026-01-27,2026-01-27,2,291,28.584636
1183,UNS 2026-01-27,2026-01-27,3,4,0.961225
1183,UNS 2026-01-27,2026-01-27,4,69,17.762480
1183,UNS 2026-01-27,2026-01-27,5,77,11.687419
1183,UNS 2026-01-27,2026-01-27,6,9,12.999853
1183,UNS 2026-01-27,2026-01-27,7,15,3.437387
1183,UNS 2026-01-27,2026-01-27,8,18,2.184328
1183,UNS 2026-01-27,2026-01-27,9,6,0.654014
1183,UNS 2026-01-27,2026-01-27,10,1,0.443107
1183,UNS 2026-01-27,2026-01-27,11,1,0.345646
1183,UNS 2026-01-27,2026-01-27,12,2,0.334597
1183,UNS 2026-01-27,2026-01-27,13,7,0.787487
1184,UNS 2026-01-28,2026-01-28,1,147,19.724019
1184,UNS 2026-01-28,2026-01-28,2,292,28.579573
1184,UNS 2026-01-28,2026-01-28,3,4,0.976441
1184,UNS 2026-01-28,2026-01-28,4,70,17.688822
1184,UNS 2026-01-28,2026-01-28,5,77,11.600530
1184,UNS 2026-01-28,2026-01-28,6,9,13.231874
1184,UNS 2026-01-28,2026-01-28,7,15,3.444007
1184,UNS 2026-01-28,2026-01-28,8,19,2.184936
1184,UNS 2026-01-28,2026-01-28,9,6,0.655224
1184,UNS 2026-01-28,2026-01-28,10,1,0.443837
1184,UNS 2026-01-28,2026-01-28,11,1,0.346284
1184,UNS 2026-01-28,2026-01-28,12,2,0.335189
1184,UNS 2026-01-28,2026-01-28,13,7,0.789263
1185,UNS 2026-01-29,2026-01-29,1,145,19.705513
1185,UNS 2026-01-29,2026-01-29,2,300,28.785382
1185,UNS 2026-01-29,2026-01-29,3,4,0.945242
1185,UNS 2026-01-29,2026-01-29,4,66,17.649252
1185,UNS 2026-01-29,2026-01-29,5,75,11.539090
1185,UNS 2026-01-29,2026-01-29,6,9,13.173761
1185,UNS 2026-01-29,2026-01-29,7,15,3.386698
1185,UNS 2026-01-29,2026-01-29,8,19,2.238306
1185,UNS 2026-01-29,2026-01-29,9,6,0.656926
1185,UNS 2026-01-29,2026-01-29,10,1,0.444864
1185,UNS 2026-01-29,2026-01-29,11,1,0.347181
1185,UNS 2026-01-29,2026-01-29,12,2,0.336023
1185,UNS 2026-01-29,2026-01-29,13,7,0.791761
1186,UNS 2026-01-30,2026-01-30,1,145,19.705483
1186,UNS 2026-01-30,2026-01-30,2,300,28.785396
1186,UNS 2026-01-30,2026-01-30,3,4,0.945243
1186,UNS 2026-01-30,2026-01-30,4,66,17.649232
1186,UNS 2026-01-30,2026-01-30,5,75,11.539099
1186,UNS 2026-01-30,2026-01-30,6,9,13.173791
1186,UNS 2026-01-30,2026-01-30,7,15,3.386701
1186,UNS 2026-01-30,2026-01-30,8,19,2.238301
1186,UNS 2026-01-30,2026-01-30,9,6,0.656926
1186,UNS 2026-01-30,2026-01-30,10,1,0.444863
1186,UNS 2026-01-30,2026-01-30,11,1,0.347181
1186,UNS 2026-01-30,2026-01-30,12,2,0.336023
1186,UNS 2026-01-30,2026-01-30,13,7,0.791761
1187,UNS 2026-01-31,2026-01-31,1,145,19.705483
1187,UNS 2026-01-31,2026-01-31,2,300,28.785396
1187,UNS 2026-01-31,2026-01-31,3,4,0.945243
1187,UNS 2026-01-31,2026-01-31,4,66,17.649232
1187,UNS 2026-01-31,2026-01-31,5,75,11.539099
1187,UNS 2026-01-31,2026-01-31,6,9,13.173791
1187,UNS 2026-01-31,2026-01-31,7,15,3.386701
1187,UNS 2026-01-31,2026-01-31,8,19,2.238301
1187,UNS 2026-01-31,2026-01-31,9,6,0.656926
1187,UNS 2026-01-31,2026-01-31,10,1,0.444863
1187,UNS 2026-01-31,2026-01-31,11,1,0.347181
1187,UNS 2026-01-31,2026-01-31,12,2,0.336023
1187,UNS 2026-01-31,2026-01-31,13,7,0.791761
1188,UNS 2026-02-01,2026-02-01,1,145,19.705483
1188,UNS 2026-02-01,2026-02-01,2,300,28.785396
1188,UNS 2026-02-01,2026-02-01,3,4,0.945243
1188,UNS 2026-02-01,2026-02-01,4,66,17.649232
1188,UNS 2026-02-01,2026-02-01,5,75,11.539099
1188,UNS 2026-02-01,2026-02-01,6,9,13.173791
1188,UNS 2026-02-01,2026-02-01,7,15,3.386701
1188,UNS 2026-02-01,2026-02-01,8,19,2.238301
1188,UNS 2026-02-01,2026-02-01,9,6,0.656926
1188,UNS 2026-02-01,2026-02-01,10,1,0.444863
1188,UNS 2026-02-01,2026-02-01,11,1,0.347181
1188,UNS 2026-02-01,2026-02-01,12,2,0.336023
1188,UNS 2026-02-01,2026-02-01,13,7,0.791761
1189,UNS 2026-02-02,2026-02-02,1,145,19.733747
1189,UNS 2026-02-02,2026-02-02,2,297,28.643637
1189,UNS 2026-02-02,2026-02-02,3,4,0.959196
1189,UNS 2026-02-02,2026-02-02,4,66,17.653815
1189,UNS 2026-02-02,2026-02-02,5,76,11.610322
1189,UNS 2026-02-02,2026-02-02,6,9,13.185426
1189,UNS 2026-02-02,2026-02-02,7,15,3.352084
1189,UNS 2026-02-02,2026-02-02,8,21,2.280814
1189,UNS 2026-02-02,2026-02-02,9,6,0.657955
1189,UNS 2026-02-02,2026-02-02,10,1,0.445484
1189,UNS 2026-02-02,2026-02-02,11,1,0.347724
1189,UNS 2026-02-02,2026-02-02,12,2,0.336526
1189,UNS 2026-02-02,2026-02-02,13,7,0.793270
1190,UNS 2026-02-03,2026-02-03,1,145,19.733747
1190,UNS 2026-02-03,2026-02-03,2,297,28.643637
1190,UNS 2026-02-03,2026-02-03,3,4,0.959196
1190,UNS 2026-02-03,2026-02-03,4,66,17.653815
1190,UNS 2026-02-03,2026-02-03,5,76,11.610322
1190,UNS 2026-02-03,2026-02-03,6,9,13.185426
1190,UNS 2026-02-03,2026-02-03,7,15,3.352084
1190,UNS 2026-02-03,2026-02-03,8,21,2.280814
1190,UNS 2026-02-03,2026-02-03,9,6,0.657955
1190,UNS 2026-02-03,2026-02-03,10,1,0.445484
1190,UNS 2026-02-03,2026-02-03,11,1,0.347724
1190,UNS 2026-02-03,2026-02-03,12,2,0.336526
1190,UNS 2026-02-03,2026-02-03,13,7,0.793270
1191,UNS 2026-02-04,2026-02-04,1,144,19.610624
1191,UNS 2026-02-04,2026-02-04,2,302,28.710670
1191,UNS 2026-02-04,2026-02-04,3,4,0.962213
1191,UNS 2026-02-04,2026-02-04,4,64,17.613981
1191,UNS 2026-02-04,2026-02-04,5,75,11.542143
1191,UNS 2026-02-04,2026-02-04,6,9,13.350662
1191,UNS 2026-02-04,2026-02-04,7,15,3.354936
1191,UNS 2026-02-04,2026-02-04,8,20,2.270040
1191,UNS 2026-02-04,2026-02-04,9,6,0.658882
1191,UNS 2026-02-04,2026-02-04,10,1,0.446047
1191,UNS 2026-02-04,2026-02-04,11,1,0.348148
1191,UNS 2026-02-04,2026-02-04,12,2,0.336995
1191,UNS 2026-02-04,2026-02-04,13,7,0.794658
1192,UNS 2026-02-05,2026-02-05,1,144,19.610624
1192,UNS 2026-02-05,2026-02-05,2,302,28.710670
1192,UNS 2026-02-05,2026-02-05,3,4,0.962213
1192,UNS 2026-02-05,2026-02-05,4,64,17.613981
1192,UNS 2026-02-05,2026-02-05,5,75,11.542143
1192,UNS 2026-02-05,2026-02-05,6,9,13.350662
1192,UNS 2026-02-05,2026-02-05,7,15,3.354936
1192,UNS 2026-02-05,2026-02-05,8,20,2.270040
1192,UNS 2026-02-05,2026-02-05,9,6,0.658882
1192,UNS 2026-02-05,2026-02-05,10,1,0.446047
1192,UNS 2026-02-05,2026-02-05,11,1,0.348148
1192,UNS 2026-02-05,2026-02-05,12,2,0.336995
1192,UNS 2026-02-05,2026-02-05,13,7,0.794658
1193,UNS 2026-02-06,2026-02-06,1,145,19.750766
1193,UNS 2026-02-06,2026-02-06,2,304,28.832629
1193,UNS 2026-02-06,2026-02-06,3,4,0.927847
1193,UNS 2026-02-06,2026-02-06,4,63,17.535340
1193,UNS 2026-02-06,2026-02-06,5,74,11.472184
1193,UNS 2026-02-06,2026-02-06,6,9,13.324330
1193,UNS 2026-02-06,2026-02-06,7,15,3.363965
1193,UNS 2026-02-06,2026-02-06,8,19,2.204778
1193,UNS 2026-02-06,2026-02-06,9,6,0.659729
1193,UNS 2026-02-06,2026-02-06,10,1,0.446564
1193,UNS 2026-02-06,2026-02-06,11,1,0.348491
1193,UNS 2026-02-06,2026-02-06,12,2,0.337434
1193,UNS 2026-02-06,2026-02-06,13,7,0.795943
1194,UNS 2026-02-07,2026-02-07,1,145,19.750766
1194,UNS 2026-02-07,2026-02-07,2,304,28.832629
1194,UNS 2026-02-07,2026-02-07,3,4,0.927847
1194,UNS 2026-02-07,2026-02-07,4,63,17.535340
1194,UNS 2026-02-07,2026-02-07,5,74,11.472184
1194,UNS 2026-02-07,2026-02-07,6,9,13.324330
1194,UNS 2026-02-07,2026-02-07,7,15,3.363965
1194,UNS 2026-02-07,2026-02-07,8,19,2.204778
1194,UNS 2026-02-07,2026-02-07,9,6,0.659729
1194,UNS 2026-02-07,2026-02-07,10,1,0.446564
1194,UNS 2026-02-07,2026-02-07,11,1,0.348491
1194,UNS 2026-02-07,2026-02-07,12,2,0.337434
1194,UNS 2026-02-07,2026-02-07,13,7,0.795943
1195,UNS 2026-02-08,2026-02-08,1,145,19.750766
1195,UNS 2026-02-08,2026-02-08,2,304,28.832629
1195,UNS 2026-02-08,2026-02-08,3,4,0.927847
1195,UNS 2026-02-08,2026-02-08,4,63,17.535340
1195,UNS 2026-02-08,2026-02-08,5,74,11.472184
1195,UNS 2026-02-08,2026-02-08,6,9,13.324330
1195,UNS 2026-02-08,2026-02-08,7,15,3.363965
1195,UNS 2026-02-08,2026-02-08,8,19,2.204778
1195,UNS 2026-02-08,2026-02-08,9,6,0.659729
1195,UNS 2026-02-08,2026-02-08,10,1,0.446564
1195,UNS 2026-02-08,2026-02-08,11,1,0.348491
1195,UNS 2026-02-08,2026-02-08,12,2,0.337434
1195,UNS 2026-02-08,2026-02-08,13,7,0.795943
1196,UNS 2026-02-09,2026-02-09,1,147,19.737655
1196,UNS 2026-02-09,2026-02-09,2,302,28.728622
1196,UNS 2026-02-09,2026-02-09,3,5,0.952801
1196,UNS 2026-02-09,2026-02-09,4,62,17.515327
1196,UNS 2026-02-09,2026-02-09,5,74,11.511559
1196,UNS 2026-02-09,2026-02-09,6,9,13.401110
1196,UNS 2026-02-09,2026-02-09,7,15,3.331983
1196,UNS 2026-02-09,2026-02-09,8,19,2.232780
1196,UNS 2026-02-09,2026-02-09,9,6,0.659729
1196,UNS 2026-02-09,2026-02-09,10,1,0.446564
1196,UNS 2026-02-09,2026-02-09,11,1,0.348491
1196,UNS 2026-02-09,2026-02-09,12,2,0.337434
1196,UNS 2026-02-09,2026-02-09,13,7,0.795943
1197,UNS 2026-02-10,2026-02-10,1,147,19.857446
1197,UNS 2026-02-10,2026-02-10,2,301,28.758510
1197,UNS 2026-02-10,2026-02-10,3,4,0.938020
1197,UNS 2026-02-10,2026-02-10,4,63,17.608685
1197,UNS 2026-02-10,2026-02-10,5,75,11.459840
1197,UNS 2026-02-10,2026-02-10,6,9,13.251491
1197,UNS 2026-02-10,2026-02-10,7,15,3.300265
1197,UNS 2026-02-10,2026-02-10,8,19,2.234354
1197,UNS 2026-02-10,2026-02-10,9,6,0.660539
1197,UNS 2026-02-10,2026-02-10,10,1,0.447067
1197,UNS 2026-02-10,2026-02-10,11,1,0.348819
1197,UNS 2026-02-10,2026-02-10,12,2,0.337844
1197,UNS 2026-02-10,2026-02-10,13,7,0.797120
1198,UNS 2026-02-11,2026-02-11,1,145,19.734568
1198,UNS 2026-02-11,2026-02-11,2,300,28.753454
1198,UNS 2026-02-11,2026-02-11,3,5,0.946675
1198,UNS 2026-02-11,2026-02-11,4,65,17.600126
1198,UNS 2026-02-11,2026-02-11,5,75,11.389728
1198,UNS 2026-02-11,2026-02-11,6,9,13.403462
1198,UNS 2026-02-11,2026-02-11,7,15,3.320688
1198,UNS 2026-02-11,2026-02-11,8,19,2.257083
1198,UNS 2026-02-11,2026-02-11,9,6,0.661262
1198,UNS 2026-02-11,2026-02-11,10,1,0.447523
1198,UNS 2026-02-11,2026-02-11,11,1,0.349112
1198,UNS 2026-02-11,2026-02-11,12,2,0.338200
1198,UNS 2026-02-11,2026-02-11,13,7,0.798121
1199,UNS 2026-02-12,2026-02-12,1,145,19.734568
1199,UNS 2026-02-12,2026-02-12,2,300,28.753454
1199,UNS 2026-02-12,2026-02-12,3,5,0.946675
1199,UNS 2026-02-12,2026-02-12,4,65,17.600126
1199,UNS 2026-02-12,2026-02-12,5,75,11.389728
1199,UNS 2026-02-12,2026-02-12,6,9,13.403462
1199,UNS 2026-02-12,2026-02-12,7,15,3.320688
1199,UNS 2026-02-12,2026-02-12,8,19,2.257083
1199,UNS 2026-02-12,2026-02-12,9,6,0.661262
1199,UNS 2026-02-12,2026-02-12,10,1,0.447523
1199,UNS 2026-02-12,2026-02-12,11,1,0.349112
1199,UNS 2026-02-12,2026-02-12,12,2,0.338200
1199,UNS 2026-02-12,2026-02-12,13,7,0.798121
1200,UNS 2026-02-13,2026-02-13,1,146,19.811294
1200,UNS 2026-02-13,2026-02-13,2,300,28.716652
1200,UNS 2026-02-13,2026-02-13,3,4,0.935188
1200,UNS 2026-02-13,2026-02-13,4,64,17.649948
1200,UNS 2026-02-13,2026-02-13,5,76,11.437532
1200,UNS 2026-02-13,2026-02-13,6,9,13.293409
1200,UNS 2026-02-13,2026-02-13,7,15,3.294814
1200,UNS 2026-02-13,2026-02-13,8,19,2.264267
1200,UNS 2026-02-13,2026-02-13,9,6,0.661947
1200,UNS 2026-02-13,2026-02-13,10,1,0.447955
1200,UNS 2026-02-13,2026-02-13,11,1,0.349389
1200,UNS 2026-02-13,2026-02-13,12,2,0.338538
1200,UNS 2026-02-13,2026-02-13,13,7,0.799068
1201,UNS 2026-02-14,2026-02-14,1,148,19.913520
1201,UNS 2026-02-14,2026-02-14,2,296,28.668647
1201,UNS 2026-02-14,2026-02-14,3,5,0.930452
1201,UNS 2026-02-14,2026-02-14,4,65,17.608575
1201,UNS 2026-02-14,2026-02-14,5,76,11.404865
1201,UNS 2026-02-14,2026-02-14,6,9,13.269974
1201,UNS 2026-02-14,2026-02-14,7,15,3.344444
1201,UNS 2026-02-14,2026-02-14,8,19,2.260141
1201,UNS 2026-02-14,2026-02-14,9,6,0.662581
1201,UNS 2026-02-14,2026-02-14,10,1,0.448355
1201,UNS 2026-02-14,2026-02-14,11,1,0.349646
1201,UNS 2026-02-14,2026-02-14,12,2,0.338851
1201,UNS 2026-02-14,2026-02-14,13,7,0.799947
1202,UNS 2026-02-15,2026-02-15,1,148,19.913520
1202,UNS 2026-02-15,2026-02-15,2,296,28.668647
1202,UNS 2026-02-15,2026-02-15,3,5,0.930452
1202,UNS 2026-02-15,2026-02-15,4,65,17.608575
1202,UNS 2026-02-15,2026-02-15,5,76,11.404865
1202,UNS 2026-02-15,2026-02-15,6,9,13.269974
1202,UNS 2026-02-15,2026-02-15,7,15,3.344444
1202,UNS 2026-02-15,2026-02-15,8,19,2.260141
1202,UNS 2026-02-15,2026-02-15,9,6,0.662581
1202,UNS 2026-02-15,2026-02-15,10,1,0.448355
1202,UNS 2026-02-15,2026-02-15,11,1,0.349646
1202,UNS 2026-02-15,2026-02-15,12,2,0.338851
1202,UNS 2026-02-15,2026-02-15,13,7,0.799947
1203,UNS 2026-02-16,2026-02-16,1,146,19.822457
1203,UNS 2026-02-16,2026-02-16,2,297,28.644485
1203,UNS 2026-02-16,2026-02-16,3,5,1.017224
1203,UNS 2026-02-16,2026-02-16,4,65,17.524439
1203,UNS 2026-02-16,2026-02-16,5,77,11.367928
1203,UNS 2026-02-16,2026-02-16,6,9,13.238566
1203,UNS 2026-02-16,2026-02-16,7,15,3.416953
1203,UNS 2026-02-16,2026-02-16,8,19,2.368567
1203,UNS 2026-02-16,2026-02-16,9,6,0.662581
1203,UNS 2026-02-16,2026-02-16,10,1,0.448355
1203,UNS 2026-02-16,2026-02-16,11,1,0.349646
1203,UNS 2026-02-16,2026-02-16,12,2,0.338851
1203,UNS 2026-02-16,2026-02-16,13,7,0.799947
1204,UNS 2026-02-17,2026-02-17,1,149,19.886764
1204,UNS 2026-02-17,2026-02-17,2,296,28.624262
1204,UNS 2026-02-17,2026-02-17,3,4,1.013216
1204,UNS 2026-02-17,2026-02-17,4,65,17.630472
1204,UNS 2026-02-17,2026-02-17,5,76,11.302584
1204,UNS 2026-02-17,2026-02-17,6,9,13.168776
1204,UNS 2026-02-17,2026-02-17,7,15,3.417704
1204,UNS 2026-02-17,2026-02-17,8,19,2.354428
1204,UNS 2026-02-17,2026-02-17,9,6,0.663198
1204,UNS 2026-02-17,2026-02-17,10,1,0.448744
1204,UNS 2026-02-17,2026-02-17,11,1,0.349896
1204,UNS 2026-02-17,2026-02-17,12,2,0.339155
1204,UNS 2026-02-17,2026-02-17,13,7,0.800801
1205,UNS 2026-02-18,2026-02-18,1,146,19.761791
1205,UNS 2026-02-18,2026-02-18,2,299,28.608094
1205,UNS 2026-02-18,2026-02-18,3,5,1.022442
1205,UNS 2026-02-18,2026-02-18,4,64,17.548817
1205,UNS 2026-02-18,2026-02-18,5,76,11.218520
1205,UNS 2026-02-18,2026-02-18,6,9,13.330337
1205,UNS 2026-02-18,2026-02-18,7,15,3.554591
1205,UNS 2026-02-18,2026-02-18,8,19,2.351375
1205,UNS 2026-02-18,2026-02-18,9,6,0.663770
1205,UNS 2026-02-18,2026-02-18,10,1,0.449105
1205,UNS 2026-02-18,2026-02-18,11,1,0.350128
1205,UNS 2026-02-18,2026-02-18,12,2,0.339437
1205,UNS 2026-02-18,2026-02-18,13,7,0.801592
1206,UNS 2026-02-19,2026-02-19,1,146,19.761791
1206,UNS 2026-02-19,2026-02-19,2,299,28.608094
1206,UNS 2026-02-19,2026-02-19,3,5,1.022442
1206,UNS 2026-02-19,2026-02-19,4,64,17.548817
1206,UNS 2026-02-19,2026-02-19,5,76,11.218520
1206,UNS 2026-02-19,2026-02-19,6,9,13.330337
1206,UNS 2026-02-19,2026-02-19,7,15,3.554591
1206,UNS 2026-02-19,2026-02-19,8,19,2.351375
1206,UNS 2026-02-19,2026-02-19,9,6,0.663770
1206,UNS 2026-02-19,2026-02-19,10,1,0.449105
1206,UNS 2026-02-19,2026-02-19,11,1,0.350128
1206,UNS 2026-02-19,2026-02-19,12,2,0.339437
1206,UNS 2026-02-19,2026-02-19,13,7,0.801592
1207,UNS 2026-02-20,2026-02-20,1,146,19.761753
1207,UNS 2026-02-20,2026-02-20,2,299,28.608102
1207,UNS 2026-02-20,2026-02-20,3,5,1.022446
1207,UNS 2026-02-20,2026-02-20,4,64,17.548809
1207,UNS 2026-02-20,2026-02-20,5,76,11.218520
1207,UNS 2026-02-20,2026-02-20,6,9,13.330363
1207,UNS 2026-02-20,2026-02-20,7,15,3.554595
1207,UNS 2026-02-20,2026-02-20,8,19,2.351380
1207,UNS 2026-02-20,2026-02-20,9,6,0.663770
1207,UNS 2026-02-20,2026-02-20,10,1,0.449105
1207,UNS 2026-02-20,2026-02-20,11,1,0.350128
1207,UNS 2026-02-20,2026-02-20,12,2,0.339437
1207,UNS 2026-02-20,2026-02-20,13,7,0.801592
1208,UNS 2026-02-21,2026-02-21,1,146,19.761753
1208,UNS 2026-02-21,2026-02-21,2,299,28.608102
1208,UNS 2026-02-21,2026-02-21,3,5,1.022446
1208,UNS 2026-02-21,2026-02-21,4,64,17.548809
1208,UNS 2026-02-21,2026-02-21,5,76,11.218520
1208,UNS 2026-02-21,2026-02-21,6,9,13.330363
1208,UNS 2026-02-21,2026-02-21,7,15,3.554595
1208,UNS 2026-02-21,2026-02-21,8,19,2.351380
1208,UNS 2026-02-21,2026-02-21,9,6,0.663770
1208,UNS 2026-02-21,2026-02-21,10,1,0.449105
1208,UNS 2026-02-21,2026-02-21,11,1,0.350128
1208,UNS 2026-02-21,2026-02-21,12,2,0.339437
1208,UNS 2026-02-21,2026-02-21,13,7,0.801592
1209,UNS 2026-02-22,2026-02-22,1,146,19.761753
1209,UNS 2026-02-22,2026-02-22,2,299,28.608102
1209,UNS 2026-02-22,2026-02-22,3,5,1.022446
1209,UNS 2026-02-22,2026-02-22,4,64,17.548809
1209,UNS 2026-02-22,2026-02-22,5,76,11.218520
1209,UNS 2026-02-22,2026-02-22,6,9,13.330363
1209,UNS 2026-02-22,2026-02-22,7,15,3.554595
1209,UNS 2026-02-22,2026-02-22,8,19,2.351380
1209,UNS 2026-02-22,2026-02-22,9,6,0.663770
1209,UNS 2026-02-22,2026-02-22,10,1,0.449105
1209,UNS 2026-02-22,2026-02-22,11,1,0.350128
1209,UNS 2026-02-22,2026-02-22,12,2,0.339437
1209,UNS 2026-02-22,2026-02-22,13,7,0.801592
1210,UNS 2026-02-23,2026-02-23,1,146,19.595579
1210,UNS 2026-02-23,2026-02-23,2,299,28.517301
1210,UNS 2026-02-23,2026-02-23,3,5,1.115483
1210,UNS 2026-02-23,2026-02-23,4,64,17.389970
1210,UNS 2026-02-23,2026-02-23,5,76,11.226218
1210,UNS 2026-02-23,2026-02-23,6,9,13.219685
1210,UNS 2026-02-23,2026-02-23,7,15,3.595307
1210,UNS 2026-02-23,2026-02-23,8,19,2.736424
1210,UNS 2026-02-23,2026-02-23,9,6,0.663770
1210,UNS 2026-02-23,2026-02-23,10,1,0.449105
1210,UNS 2026-02-23,2026-02-23,11,1,0.350128
1210,UNS 2026-02-23,2026-02-23,12,2,0.339437
1210,UNS 2026-02-23,2026-02-23,13,7,0.801592
1211,UNS 2026-02-24,2026-02-24,1,146,19.595579
1211,UNS 2026-02-24,2026-02-24,2,299,28.517301
1211,UNS 2026-02-24,2026-02-24,3,5,1.115483
1211,UNS 2026-02-24,2026-02-24,4,64,17.389970
1211,UNS 2026-02-24,2026-02-24,5,76,11.226218
1211,UNS 2026-02-24,2026-02-24,6,9,13.219685
1211,UNS 2026-02-24,2026-02-24,7,15,3.595307
1211,UNS 2026-02-24,2026-02-24,8,19,2.736424
1211,UNS 2026-02-24,2026-02-24,9,6,0.663770
1211,UNS 2026-02-24,2026-02-24,10,1,0.449105
1211,UNS 2026-02-24,2026-02-24,11,1,0.350128
1211,UNS 2026-02-24,2026-02-24,12,2,0.339437
1211,UNS 2026-02-24,2026-02-24,13,7,0.801592
1212,UNS 2026-02-25,2026-02-25,1,146,19.595540
1212,UNS 2026-02-25,2026-02-25,2,299,28.517339
1212,UNS 2026-02-25,2026-02-25,3,5,1.115487
1212,UNS 2026-02-25,2026-02-25,4,64,17.389942
1212,UNS 2026-02-25,2026-02-25,5,76,11.226187
1212,UNS 2026-02-25,2026-02-25,6,9,13.219732
1212,UNS 2026-02-25,2026-02-25,7,15,3.595316
1212,UNS 2026-02-25,2026-02-25,8,19,2.736425
1212,UNS 2026-02-25,2026-02-25,9,6,0.663770
1212,UNS 2026-02-25,2026-02-25,10,1,0.449105
1212,UNS 2026-02-25,2026-02-25,11,1,0.350128
1212,UNS 2026-02-25,2026-02-25,12,2,0.339437
1212,UNS 2026-02-25,2026-02-25,13,7,0.801592
1213,UNS 2026-02-26,2026-02-26,1,146,19.595540
1213,UNS 2026-02-26,2026-02-26,2,299,28.517339
1213,UNS 2026-02-26,2026-02-26,3,5,1.115487
1213,UNS 2026-02-26,2026-02-26,4,64,17.389942
1213,UNS 2026-02-26,2026-02-26,5,76,11.226187
1213,UNS 2026-02-26,2026-02-26,6,9,13.219732
1213,UNS 2026-02-26,2026-02-26,7,15,3.595316
1213,UNS 2026-02-26,2026-02-26,8,19,2.736425
1213,UNS 2026-02-26,2026-02-26,9,6,0.663770
1213,UNS 2026-02-26,2026-02-26,10,1,0.449105
1213,UNS 2026-02-26,2026-02-26,11,1,0.350128
1213,UNS 2026-02-26,2026-02-26,12,2,0.339437
1213,UNS 2026-02-26,2026-02-26,13,7,0.801592
1214,UNS 2026-02-27,2026-02-27,1,146,19.573883
1214,UNS 2026-02-27,2026-02-27,2,302,28.615105
1214,UNS 2026-02-27,2026-02-27,3,4,1.066830
1214,UNS 2026-02-27,2026-02-27,4,64,17.379748
1214,UNS 2026-02-27,2026-02-27,5,76,11.239954
1214,UNS 2026-02-27,2026-02-27,6,9,13.223551
1214,UNS 2026-02-27,2026-02-27,7,15,3.691285
1214,UNS 2026-02-27,2026-02-27,8,17,2.603132
1214,UNS 2026-02-27,2026-02-27,9,6,0.664404
1214,UNS 2026-02-27,2026-02-27,10,1,0.449505
1214,UNS 2026-02-27,2026-02-27,11,1,0.350385
1214,UNS 2026-02-27,2026-02-27,12,2,0.339750
1214,UNS 2026-02-27,2026-02-27,13,7,0.802469
1215,UNS 2026-02-28,2026-02-28,1,146,19.573883
1215,UNS 2026-02-28,2026-02-28,2,302,28.615105
1215,UNS 2026-02-28,2026-02-28,3,4,1.066830
1215,UNS 2026-02-28,2026-02-28,4,64,17.379748
1215,UNS 2026-02-28,2026-02-28,5,76,11.239954
1215,UNS 2026-02-28,2026-02-28,6,9,13.223551
1215,UNS 2026-02-28,2026-02-28,7,15,3.691285
1215,UNS 2026-02-28,2026-02-28,8,17,2.603132
1215,UNS 2026-02-28,2026-02-28,9,6,0.664404
1215,UNS 2026-02-28,2026-02-28,10,1,0.449505
1215,UNS 2026-02-28,2026-02-28,11,1,0.350385
1215,UNS 2026-02-28,2026-02-28,12,2,0.339750
1215,UNS 2026-02-28,2026-02-28,13,7,0.802469
1216,UNS 2026-03-01,2026-03-01,1,146,19.573883
1216,UNS 2026-03-01,2026-03-01,2,302,28.615105
1216,UNS 2026-03-01,2026-03-01,3,4,1.066830
1216,UNS 2026-03-01,2026-03-01,4,64,17.379748
1216,UNS 2026-03-01,2026-03-01,5,76,11.239954
1216,UNS 2026-03-01,2026-03-01,6,9,13.223551
1216,UNS 2026-03-01,2026-03-01,7,15,3.691285
1216,UNS 2026-03-01,2026-03-01,8,17,2.603132
1216,UNS 2026-03-01,2026-03-01,9,6,0.664404
1216,UNS 2026-03-01,2026-03-01,10,1,0.449505
1216,UNS 2026-03-01,2026-03-01,11,1,0.350385
1216,UNS 2026-03-01,2026-03-01,12,2,0.339750
1216,UNS 2026-03-01,2026-03-01,13,7,0.802469
2574,UNS 2026-02-21,2026-02-21,1,152,19.995939
2574,UNS 2026-02-21,2026-02-21,2,293,28.351343
2574,UNS 2026-02-21,2026-02-21,3,5,1.106885
2574,UNS 2026-02-21,2026-02-21,4,64,17.379445
2574,UNS 2026-02-21,2026-02-21,5,76,10.832023
2574,UNS 2026-02-21,2026-02-21,6,9,13.349227
2574,UNS 2026-02-21,2026-02-21,7,15,3.616177
2574,UNS 2026-02-21,2026-02-21,8,19,2.734262
2574,UNS 2026-02-21,2026-02-21,9,6,0.670707
2574,UNS 2026-02-21,2026-02-21,10,1,0.453925
2574,UNS 2026-02-21,2026-02-21,11,1,0.353528
2574,UNS 2026-02-21,2026-02-21,12,2,0.344091
2574,UNS 2026-02-21,2026-02-21,13,7,0.812448
2575,UNS 2026-02-22,2026-02-22,1,152,19.995939
2575,UNS 2026-02-22,2026-02-22,2,293,28.351343
2575,UNS 2026-02-22,2026-02-22,3,5,1.106885
2575,UNS 2026-02-22,2026-02-22,4,64,17.379445
2575,UNS 2026-02-22,2026-02-22,5,76,10.832023
2575,UNS 2026-02-22,2026-02-22,6,9,13.349227
2575,UNS 2026-02-22,2026-02-22,7,15,3.616177
2575,UNS 2026-02-22,2026-02-22,8,19,2.734262
2575,UNS 2026-02-22,2026-02-22,9,6,0.670707
2575,UNS 2026-02-22,2026-02-22,10,1,0.453925
2575,UNS 2026-02-22,2026-02-22,11,1,0.353528
2575,UNS 2026-02-22,2026-02-22,12,2,0.344091
2575,UNS 2026-02-22,2026-02-22,13,7,0.812448
2576,UNS 2026-02-23,2026-02-23,1,151,19.254803
2576,UNS 2026-02-23,2026-02-23,2,298,28.434817
2576,UNS 2026-02-23,2026-02-23,3,5,1.315362
2576,UNS 2026-02-23,2026-02-23,4,60,16.636633
2576,UNS 2026-02-23,2026-02-23,5,76,10.519126
2576,UNS 2026-02-23,2026-02-23,6,9,13.816102
2576,UNS 2026-02-23,2026-02-23,7,15,3.886573
2576,UNS 2026-02-23,2026-02-23,8,19,3.501932
2576,UNS 2026-02-23,2026-02-23,9,6,0.670697
2576,UNS 2026-02-23,2026-02-23,10,1,0.453918
2576,UNS 2026-02-23,2026-02-23,11,1,0.353523
2576,UNS 2026-02-23,2026-02-23,12,2,0.344082
2576,UNS 2026-02-23,2026-02-23,13,7,0.812432
2577,UNS 2026-02-24,2026-02-24,1,151,19.254803
2577,UNS 2026-02-24,2026-02-24,2,298,28.434817
2577,UNS 2026-02-24,2026-02-24,3,5,1.315362
2577,UNS 2026-02-24,2026-02-24,4,60,16.636633
2577,UNS 2026-02-24,2026-02-24,5,76,10.519126
2577,UNS 2026-02-24,2026-02-24,6,9,13.816102
2577,UNS 2026-02-24,2026-02-24,7,15,3.886573
2577,UNS 2026-02-24,2026-02-24,8,19,3.501932
2577,UNS 2026-02-24,2026-02-24,9,6,0.670697
2577,UNS 2026-02-24,2026-02-24,10,1,0.453918
2577,UNS 2026-02-24,2026-02-24,11,1,0.353523
2577,UNS 2026-02-24,2026-02-24,12,2,0.344082
2577,UNS 2026-02-24,2026-02-24,13,7,0.812432
2578,UNS 2026-02-25,2026-02-25,1,146,18.877438
2578,UNS 2026-02-25,2026-02-25,2,298,28.191363
2578,UNS 2026-02-25,2026-02-25,3,6,1.341869
2578,UNS 2026-02-25,2026-02-25,4,60,16.645853
2578,UNS 2026-02-25,2026-02-25,5,77,10.518193
2578,UNS 2026-02-25,2026-02-25,6,10,14.271462
2578,UNS 2026-02-25,2026-02-25,7,17,4.088941
2578,UNS 2026-02-25,2026-02-25,8,19,3.430176
2578,UNS 2026-02-25,2026-02-25,9,6,0.670708
2578,UNS 2026-02-25,2026-02-25,10,1,0.453926
2578,UNS 2026-02-25,2026-02-25,11,1,0.353528
2578,UNS 2026-02-25,2026-02-25,12,2,0.344092
2578,UNS 2026-02-25,2026-02-25,13,7,0.812450
2579,UNS 2026-02-26,2026-02-26,1,143,18.906838
2579,UNS 2026-02-26,2026-02-26,2,301,28.377663
2579,UNS 2026-02-26,2026-02-26,3,6,1.252991
2579,UNS 2026-02-26,2026-02-26,4,60,16.772925
2579,UNS 2026-02-26,2026-02-26,5,77,10.465091
2579,UNS 2026-02-26,2026-02-26,6,10,14.305935
2579,UNS 2026-02-26,2026-02-26,7,15,4.158331
2579,UNS 2026-02-26,2026-02-26,8,21,3.125522
2579,UNS 2026-02-26,2026-02-26,9,6,0.670708
2579,UNS 2026-02-26,2026-02-26,10,1,0.453926
2579,UNS 2026-02-26,2026-02-26,11,1,0.353528
2579,UNS 2026-02-26,2026-02-26,12,2,0.344092
2579,UNS 2026-02-26,2026-02-26,13,7,0.812450
2580,UNS 2026-02-27,2026-02-27,1,135,18.781500
2580,UNS 2026-02-27,2026-02-27,2,313,28.681747
2580,UNS 2026-02-27,2026-02-27,3,6,1.195618
2580,UNS 2026-02-27,2026-02-27,4,55,16.576948
2580,UNS 2026-02-27,2026-02-27,5,77,10.495286
2580,UNS 2026-02-27,2026-02-27,6,11,14.327604
2580,UNS 2026-02-27,2026-02-27,7,15,4.375869
2580,UNS 2026-02-27,2026-02-27,8,21,2.930635
2580,UNS 2026-02-27,2026-02-27,9,6,0.670726
2580,UNS 2026-02-27,2026-02-27,10,1,0.453940
2580,UNS 2026-02-27,2026-02-27,11,1,0.353537
2580,UNS 2026-02-27,2026-02-27,12,2,0.344108
2580,UNS 2026-02-27,2026-02-27,13,7,0.812481
2581,UNS 2026-02-28,2026-02-28,1,140,18.831718
2581,UNS 2026-02-28,2026-02-28,2,309,28.690522
2581,UNS 2026-02-28,2026-02-28,3,5,1.189320
2581,UNS 2026-02-28,2026-02-28,4,55,16.603144
2581,UNS 2026-02-28,2026-02-28,5,77,10.532585
2581,UNS 2026-02-28,2026-02-28,6,11,14.150172
2581,UNS 2026-02-28,2026-02-28,7,17,4.406105
2581,UNS 2026-02-28,2026-02-28,8,19,2.961684
2581,UNS 2026-02-28,2026-02-28,9,6,0.670718
2581,UNS 2026-02-28,2026-02-28,10,1,0.453933
2581,UNS 2026-02-28,2026-02-28,11,1,0.353533
2581,UNS 2026-02-28,2026-02-28,12,2,0.344101
2581,UNS 2026-02-28,2026-02-28,13,7,0.812466
2582,UNS 2026-03-01,2026-03-01,1,140,18.749681
2582,UNS 2026-03-01,2026-03-01,2,308,28.430279
2582,UNS 2026-03-01,2026-03-01,3,6,1.249512
2582,UNS 2026-03-01,2026-03-01,4,57,16.534919
2582,UNS 2026-03-01,2026-03-01,5,77,10.488391
2582,UNS 2026-03-01,2026-03-01,6,11,14.302362
2582,UNS 2026-03-01,2026-03-01,7,17,4.575525
2582,UNS 2026-03-01,2026-03-01,8,17,3.033759
2582,UNS 2026-03-01,2026-03-01,9,6,0.670886
2582,UNS 2026-03-01,2026-03-01,10,1,0.454061
2582,UNS 2026-03-01,2026-03-01,11,1,0.353618
2582,UNS 2026-03-01,2026-03-01,12,2,0.344255
2582,UNS 2026-03-01,2026-03-01,13,7,0.812752
2583,UNS 2026-03-02,2026-03-02,1,140,18.749681
2583,UNS 2026-03-02,2026-03-02,2,308,28.430279
2583,UNS 2026-03-02,2026-03-02,3,6,1.249512
2583,UNS 2026-03-02,2026-03-02,4,57,16.534919
2583,UNS 2026-03-02,2026-03-02,5,77,10.488391
2583,UNS 2026-03-02,2026-03-02,6,11,14.302362
2583,UNS 2026-03-02,2026-03-02,7,17,4.575525
2583,UNS 2026-03-02,2026-03-02,8,17,3.033759
2583,UNS 2026-03-02,2026-03-02,9,6,0.670886
2583,UNS 2026-03-02,2026-03-02,10,1,0.454061
2583,UNS 2026-03-02,2026-03-02,11,1,0.353618
2583,UNS 2026-03-02,2026-03-02,12,2,0.344255
2583,UNS 2026-03-02,2026-03-02,13,7,0.812752
2586,UNS 2026-03-03,2026-03-03,1,140,18.749681
2586,UNS 2026-03-03,2026-03-03,2,308,28.430279
2586,UNS 2026-03-03,2026-03-03,3,6,1.249512
2586,UNS 2026-03-03,2026-03-03,4,57,16.534919
2586,UNS 2026-03-03,2026-03-03,5,77,10.488391
2586,UNS 2026-03-03,2026-03-03,6,11,14.302362
2586,UNS 2026-03-03,2026-03-03,7,17,4.575525
2586,UNS 2026-03-03,2026-03-03,8,17,3.033759
2586,UNS 2026-03-03,2026-03-03,9,6,0.670886
2586,UNS 2026-03-03,2026-03-03,10,1,0.454061
2586,UNS 2026-03-03,2026-03-03,11,1,0.353618
2586,UNS 2026-03-03,2026-03-03,12,2,0.344255
2586,UNS 2026-03-03,2026-03-03,13,7,0.812752
