code,seats,change,votepercent,votepercentchange
conservative,309,15,40.76482774398588,1.3929773574848738
labour,210,19,31.315246806638566,3.3365174813813887
libdems,9,-33,9.048425312216999,-15.104957784148255
ukip,3,1,13.517622495686796,9.845819179458843
snp,0,0,0.0,0.0
plaidcymru,0,0,0.0,0.0
green,1,0,3.932083825942289,2.7795499027463446
uu,0,0,0.0,0.0
sdlp,0,0,0.0,0.0
dup,0,0,0.0,0.0
sinnfein,0,0,0.0,0.0
alliance,0,0,0.0,0.0
other,1,-2,1.4217938155294672,-2.249906136923196
total,533,,100.00,
