election_id,election_name,as_of_date,party_id,party_name,party_colour,seats_won,vote_total_sum,vote_pct
1765,UNS 2024-07-05,2024-01-01,10,Alliance,#F6CB2F,1,270.216518,0.415718
1765,UNS 2024-07-05,2024-01-01,4,Conservative,#0087DC,121,14925.141947,22.961757
1765,UNS 2024-07-05,2024-01-01,9,Democratic Unionist Party,#D46A4C,5,400.041534,0.615449
1765,UNS 2024-07-05,2024-01-01,6,Green,#6AB023,4,4438.735293,6.828824
1765,UNS 2024-07-05,2024-01-01,1,Labour,#E4003B,411,22485.963271,34.593790
1765,UNS 2024-07-05,2024-01-01,5,Liberal Democrats,#FAA61A,72,7428.101715,11.427849
1765,UNS 2024-07-05,2024-01-01,7,Other,#808080,8,2581.829029,3.972045
1765,UNS 2024-07-05,2024-01-01,3,Plaid Cymru,#005B54,4,477.019650,0.733876
1765,UNS 2024-07-05,2024-01-01,2,Reform UK,#12B6CF,5,9387.486062,14.442286
1765,UNS 2024-07-05,2024-01-01,12,SDLP,#2AA82C,2,203.784088,0.313514
1765,UNS 2024-07-05,2024-01-01,8,Scottish National Party,#FFF95D,9,1707.937510,2.627596
1765,UNS 2024-07-05,2024-01-01,13,Sinn Féin,#326760,7,481.835847,0.741286
1765,UNS 2024-07-05,2024-01-01,11,Ulster Unionist Party,#48A5EE,1,211.907535,0.326012
1766,UNS 2024-07-06,2024-01-01,10,Alliance,#F6CB2F,1,270.216518,0.415718
1766,UNS 2024-07-06,2024-01-01,4,Conservative,#0087DC,121,14925.141947,22.961757
1766,UNS 2024-07-06,2024-01-01,9,Democratic Unionist Party,#D46A4C,5,400.041534,0.615449
1766,UNS 2024-07-06,2024-01-01,6,Green,#6AB023,4,4438.735293,6.828824
1766,UNS 2024-07-06,2024-01-01,1,Labour,#E4003B,411,22485.963271,34.593790
1766,UNS 2024-07-06,2024-01-01,5,Liberal Democrats,#FAA61A,72,7428.101715,11.427849
1766,UNS 2024-07-06,2024-01-01,7,Other,#808080,8,2581.829029,3.972045
1766,UNS 2024-07-06,2024-01-01,3,Plaid Cymru,#005B54,4,477.019650,0.733876
1766,UNS 2024-07-06,2024-01-01,2,Reform UK,#12B6CF,5,9387.486062,14.442286
1766,UNS 2024-07-06,2024-01-01,12,SDLP,#2AA82C,2,203.784088,0.313514
1766,UNS 2024-07-06,2024-01-01,8,Scottish National Party,#FFF95D,9,1707.937510,2.627596
1766,UNS 2024-07-06,2024-01-01,13,Sinn Féin,#326760,7,481.835847,0.741286
1766,UNS 2024-07-06,2024-01-01,11,Ulster Unionist Party,#48A5EE,1,211.907535,0.326012
1767,UNS 2024-07-07,2024-01-01,10,Alliance,#F6CB2F,1,270.216518,0.415718
1767,UNS 2024-07-07,2024-01-01,4,Conservative,#0087DC,121,14925.141947,22.961757
1767,UNS 2024-07-07,2024-01-01,9,Democratic Unionist Party,#D46A4C,5,400.041534,0.615449
1767,UNS 2024-07-07,2024-01-01,6,Green,#6AB023,4,4438.735293,6.828824
1767,UNS 2024-07-07,2024-01-01,1,Labour,#E4003B,411,22485.963271,34.593790
1767,UNS 2024-07-07,2024-01-01,5,Liberal Democrats,#FAA61A,72,7428.101715,11.427849
1767,UNS 2024-07-07,2024-01-01,7,Other,#808080,8,2581.829029,3.972045
1767,UNS 2024-07-07,2024-01-01,3,Plaid Cymru,#005B54,4,477.019650,0.733876
1767,UNS 2024-07-07,2024-01-01,2,Reform UK,#12B6CF,5,9387.486062,14.442286
1767,UNS 2024-07-07,2024-01-01,12,SDLP,#2AA82C,2,203.784088,0.313514
1767,UNS 2024-07-07,2024-01-01,8,Scottish National Party,#FFF95D,9,1707.937510,2.627596
1767,UNS 2024-07-07,2024-01-01,13,Sinn Féin,#326760,7,481.835847,0.741286
1767,UNS 2024-07-07,2024-01-01,11,Ulster Unionist Party,#48A5EE,1,211.907535,0.326012
1768,UNS 2024-07-08,2024-01-01,10,Alliance,#F6CB2F,1,270.216518,0.415718
1768,UNS 2024-07-08,2024-01-01,4,Conservative,#0087DC,121,14925.141947,22.961757
1768,UNS 2024-07-08,2024-01-01,9,Democratic Unionist Party,#D46A4C,5,400.041534,0.615449
1768,UNS 2024-07-08,2024-01-01,6,Green,#6AB023,4,4438.735293,6.828824
1768,UNS 2024-07-08,2024-01-01,1,Labour,#E4003B,411,22485.963271,34.593790
1768,UNS 2024-07-08,2024-01-01,5,Liberal Democrats,#FAA61A,72,7428.101715,11.427849
1768,UNS 2024-07-08,2024-01-01,7,Other,#808080,8,2581.829029,3.972045
1768,UNS 2024-07-08,2024-01-01,3,Plaid Cymru,#005B54,4,477.019650,0.733876
1768,UNS 2024-07-08,2024-01-01,2,Reform UK,#12B6CF,5,9387.486062,14.442286
1768,UNS 2024-07-08,2024-01-01,12,SDLP,#2AA82C,2,203.784088,0.313514
1768,UNS 2024-07-08,2024-01-01,8,Scottish National Party,#FFF95D,9,1707.937510,2.627596
1768,UNS 2024-07-08,2024-01-01,13,Sinn Féin,#326760,7,481.835847,0.741286
1768,UNS 2024-07-08,2024-01-01,11,Ulster Unionist Party,#48A5EE,1,211.907535,0.326012
1769,UNS 2024-07-09,2024-01-01,10,Alliance,#F6CB2F,1,270.216518,0.415718
1769,UNS 2024-07-09,2024-01-01,4,Conservative,#0087DC,121,14925.141947,22.961757
1769,UNS 2024-07-09,2024-01-01,9,Democratic Unionist Party,#D46A4C,5,400.041534,0.615449
1769,UNS 2024-07-09,2024-01-01,6,Green,#6AB023,4,4438.735293,6.828824
1769,UNS 2024-07-09,2024-01-01,1,Labour,#E4003B,411,22485.963271,34.593790
1769,UNS 2024-07-09,2024-01-01,5,Liberal Democrats,#FAA61A,72,7428.101715,11.427849
1769,UNS 2024-07-09,2024-01-01,7,Other,#808080,8,2581.829029,3.972045
1769,UNS 2024-07-09,2024-01-01,3,Plaid Cymru,#005B54,4,477.019650,0.733876
1769,UNS 2024-07-09,2024-01-01,2,Reform UK,#12B6CF,5,9387.486062,14.442286
1769,UNS 2024-07-09,2024-01-01,12,SDLP,#2AA82C,2,203.784088,0.313514
1769,UNS 2024-07-09,2024-01-01,8,Scottish National Party,#FFF95D,9,1707.937510,2.627596
1769,UNS 2024-07-09,2024-01-01,13,Sinn Féin,#326760,7,481.835847,0.741286
1769,UNS 2024-07-09,2024-01-01,11,Ulster Unionist Party,#48A5EE,1,211.907535,0.326012
1770,UNS 2024-07-10,2024-01-01,10,Alliance,#F6CB2F,1,270.216518,0.415718
1770,UNS 2024-07-10,2024-01-01,4,Conservative,#0087DC,121,14925.141947,22.961757
1770,UNS 2024-07-10,2024-01-01,9,Democratic Unionist Party,#D46A4C,5,400.041534,0.615449
1770,UNS 2024-07-10,2024-01-01,6,Green,#6AB023,4,4438.735293,6.828824
1770,UNS 2024-07-10,2024-01-01,1,Labour,#E4003B,411,22485.963271,34.593790
1770,UNS 2024-07-10,2024-01-01,5,Liberal Democrats,#FAA61A,72,7428.101715,11.427849
1770,UNS 2024-07-10,2024-01-01,7,Other,#808080,8,2581.829029,3.972045
1770,UNS 2024-07-10,2024-01-01,3,Plaid Cymru,#005B54,4,477.019650,0.733876
1770,UNS 2024-07-10,2024-01-01,2,Reform UK,#12B6CF,5,9387.486062,14.442286
1770,UNS 2024-07-10,2024-01-01,12,SDLP,#2AA82C,2,203.784088,0.313514
1770,UNS 2024-07-10,2024-01-01,8,Scottish National Party,#FFF95D,9,1707.937510,2.627596
1770,UNS 2024-07-10,2024-01-01,13,Sinn Féin,#326760,7,481.835847,0.741286
1770,UNS 2024-07-10,2024-01-01,11,Ulster Unionist Party,#48A5EE,1,211.907535,0.326012
1771,UNS 2024-07-11,2024-01-01,10,Alliance,#F6CB2F,1,270.216518,0.415718
1771,UNS 2024-07-11,2024-01-01,4,Conservative,#0087DC,121,14925.141947,22.961757
1771,UNS 2024-07-11,2024-01-01,9,Democratic Unionist Party,#D46A4C,5,400.041534,0.615449
1771,UNS 2024-07-11,2024-01-01,6,Green,#6AB023,4,4438.735293,6.828824
1771,UNS 2024-07-11,2024-01-01,1,Labour,#E4003B,411,22485.963271,34.593790
1771,UNS 2024-07-11,2024-01-01,5,Liberal Democrats,#FAA61A,72,7428.101715,11.427849
1771,UNS 2024-07-11,2024-01-01,7,Other,#808080,8,2581.829029,3.972045
1771,UNS 2024-07-11,2024-01-01,3,Plaid Cymru,#005B54,4,477.019650,0.733876
1771,UNS 2024-07-11,2024-01-01,2,Reform UK,#12B6CF,5,9387.486062,14.442286
1771,UNS 2024-07-11,2024-01-01,12,SDLP,#2AA82C,2,203.784088,0.313514
1771,UNS 2024-07-11,2024-01-01,8,Scottish National Party,#FFF95D,9,1707.937510,2.627596
1771,UNS 2024-07-11,2024-01-01,13,Sinn Féin,#326760,7,481.835847,0.741286
1771,UNS 2024-07-11,2024-01-01,11,Ulster Unionist Party,#48A5EE,1,211.907535,0.326012
1772,UNS 2024-07-12,2024-01-01,10,Alliance,#F6CB2F,1,270.216518,0.415718
1772,UNS 2024-07-12,2024-01-01,4,Conservative,#0087DC,121,14925.141947,22.961757
1772,UNS 2024-07-12,2024-01-01,9,Democratic Unionist Party,#D46A4C,5,400.041534,0.615449
1772,UNS 2024-07-12,2024-01-01,6,Green,#6AB023,4,4438.735293,6.828824
1772,UNS 2024-07-12,2024-01-01,1,Labour,#E4003B,411,22485.963271,34.593790
1772,UNS 2024-07-12,2024-01-01,5,Liberal Democrats,#FAA61A,72,7428.101715,11.427849
1772,UNS 2024-07-12,2024-01-01,7,Other,#808080,8,2581.829029,3.972045
1772,UNS 2024-07-12,2024-01-01,3,Plaid Cymru,#005B54,4,477.019650,0.733876
1772,UNS 2024-07-12,2024-01-01,2,Reform UK,#12B6CF,5,9387.486062,14.442286
1772,UNS 2024-07-12,2024-01-01,12,SDLP,#2AA82C,2,203.784088,0.313514
1772,UNS 2024-07-12,2024-01-01,8,Scottish National Party,#FFF95D,9,1707.937510,2.627596
1772,UNS 2024-07-12,2024-01-01,13,Sinn Féin,#326760,7,481.835847,0.741286
1772,UNS 2024-07-12,2024-01-01,11,Ulster Unionist Party,#48A5EE,1,211.907535,0.326012
1773,UNS 2024-07-13,2024-01-01,10,Alliance,#F6CB2F,1,270.216518,0.415718
1773,UNS 2024-07-13,2024-01-01,4,Conservative,#0087DC,121,14925.141947,22.961757
1773,UNS 2024-07-13,2024-01-01,9,Democratic Unionist Party,#D46A4C,5,400.041534,0.615449
1773,UNS 2024-07-13,2024-01-01,6,Green,#6AB023,4,4438.735293,6.828824
1773,UNS 2024-07-13,2024-01-01,1,Labour,#E4003B,411,22485.963271,34.593790
1773,UNS 2024-07-13,2024-01-01,5,Liberal Democrats,#FAA61A,72,7428.101715,11.427849
1773,UNS 2024-07-13,2024-01-01,7,Other,#808080,8,2581.829029,3.972045
1773,UNS 2024-07-13,2024-01-01,3,Plaid Cymru,#005B54,4,477.019650,0.733876
1773,UNS 2024-07-13,2024-01-01,2,Reform UK,#12B6CF,5,9387.486062,14.442286
1773,UNS 2024-07-13,2024-01-01,12,SDLP,#2AA82C,2,203.784088,0.313514
1773,UNS 2024-07-13,2024-01-01,8,Scottish National Party,#FFF95D,9,1707.937510,2.627596
1773,UNS 2024-07-13,2024-01-01,13,Sinn Féin,#326760,7,481.835847,0.741286
1773,UNS 2024-07-13,2024-01-01,11,Ulster Unionist Party,#48A5EE,1,211.907535,0.326012
1774,UNS 2024-07-14,2024-01-01,10,Alliance,#F6CB2F,1,270.216518,0.415718
1774,UNS 2024-07-14,2024-01-01,4,Conservative,#0087DC,121,14925.141947,22.961757
1774,UNS 2024-07-14,2024-01-01,9,Democratic Unionist Party,#D46A4C,5,400.041534,0.615449
1774,UNS 2024-07-14,2024-01-01,6,Green,#6AB023,4,4438.735293,6.828824
1774,UNS 2024-07-14,2024-01-01,1,Labour,#E4003B,411,22485.963271,34.593790
1774,UNS 2024-07-14,2024-01-01,5,Liberal Democrats,#FAA61A,72,7428.101715,11.427849
1774,UNS 2024-07-14,2024-01-01,7,Other,#808080,8,2581.829029,3.972045
1774,UNS 2024-07-14,2024-01-01,3,Plaid Cymru,#005B54,4,477.019650,0.733876
1774,UNS 2024-07-14,2024-01-01,2,Reform UK,#12B6CF,5,9387.486062,14.442286
1774,UNS 2024-07-14,2024-01-01,12,SDLP,#2AA82C,2,203.784088,0.313514
1774,UNS 2024-07-14,2024-01-01,8,Scottish National Party,#FFF95D,9,1707.937510,2.627596
1774,UNS 2024-07-14,2024-01-01,13,Sinn Féin,#326760,7,481.835847,0.741286
1774,UNS 2024-07-14,2024-01-01,11,Ulster Unionist Party,#48A5EE,1,211.907535,0.326012
1775,UNS 2024-07-15,2024-01-01,10,Alliance,#F6CB2F,1,270.216518,0.415718
1775,UNS 2024-07-15,2024-01-01,4,Conservative,#0087DC,121,14925.141947,22.961757
1775,UNS 2024-07-15,2024-01-01,9,Democratic Unionist Party,#D46A4C,5,400.041534,0.615449
1775,UNS 2024-07-15,2024-01-01,6,Green,#6AB023,4,4438.735293,6.828824
1775,UNS 2024-07-15,2024-01-01,1,Labour,#E4003B,411,22485.963271,34.593790
1775,UNS 2024-07-15,2024-01-01,5,Liberal Democrats,#FAA61A,72,7428.101715,11.427849
1775,UNS 2024-07-15,2024-01-01,7,Other,#808080,8,2581.829029,3.972045
1775,UNS 2024-07-15,2024-01-01,3,Plaid Cymru,#005B54,4,477.019650,0.733876
1775,UNS 2024-07-15,2024-01-01,2,Reform UK,#12B6CF,5,9387.486062,14.442286
1775,UNS 2024-07-15,2024-01-01,12,SDLP,#2AA82C,2,203.784088,0.313514
1775,UNS 2024-07-15,2024-01-01,8,Scottish National Party,#FFF95D,9,1707.937510,2.627596
1775,UNS 2024-07-15,2024-01-01,13,Sinn Féin,#326760,7,481.835847,0.741286
1775,UNS 2024-07-15,2024-01-01,11,Ulster Unionist Party,#48A5EE,1,211.907535,0.326012
1776,UNS 2024-07-16,2024-01-01,10,Alliance,#F6CB2F,1,270.216518,0.415718
1776,UNS 2024-07-16,2024-01-01,4,Conservative,#0087DC,121,14925.141947,22.961757
1776,UNS 2024-07-16,2024-01-01,9,Democratic Unionist Party,#D46A4C,5,400.041534,0.615449
1776,UNS 2024-07-16,2024-01-01,6,Green,#6AB023,4,4438.735293,6.828824
1776,UNS 2024-07-16,2024-01-01,1,Labour,#E4003B,411,22485.963271,34.593790
1776,UNS 2024-07-16,2024-01-01,5,Liberal Democrats,#FAA61A,72,7428.101715,11.427849
1776,UNS 2024-07-16,2024-01-01,7,Other,#808080,8,2581.829029,3.972045
1776,UNS 2024-07-16,2024-01-01,3,Plaid Cymru,#005B54,4,477.019650,0.733876
1776,UNS 2024-07-16,2024-01-01,2,Reform UK,#12B6CF,5,9387.486062,14.442286
1776,UNS 2024-07-16,2024-01-01,12,SDLP,#2AA82C,2,203.784088,0.313514
1776,UNS 2024-07-16,2024-01-01,8,Scottish National Party,#FFF95D,9,1707.937510,2.627596
1776,UNS 2024-07-16,2024-01-01,13,Sinn Féin,#326760,7,481.835847,0.741286
1776,UNS 2024-07-16,2024-01-01,11,Ulster Unionist Party,#48A5EE,1,211.907535,0.326012
1777,UNS 2024-07-17,2024-01-01,10,Alliance,#F6CB2F,1,270.216518,0.415718
1777,UNS 2024-07-17,2024-01-01,4,Conservative,#0087DC,121,14925.141947,22.961757
1777,UNS 2024-07-17,2024-01-01,9,Democratic Unionist Party,#D46A4C,5,400.041534,0.615449
1777,UNS 2024-07-17,2024-01-01,6,Green,#6AB023,4,4438.735293,6.828824
1777,UNS 2024-07-17,2024-01-01,1,Labour,#E4003B,411,22485.963271,34.593790
1777,UNS 2024-07-17,2024-01-01,5,Liberal Democrats,#FAA61A,72,7428.101715,11.427849
1777,UNS 2024-07-17,2024-01-01,7,Other,#808080,8,2581.829029,3.972045
1777,UNS 2024-07-17,2024-01-01,3,Plaid Cymru,#005B54,4,477.019650,0.733876
1777,UNS 2024-07-17,2024-01-01,2,Reform UK,#12B6CF,5,9387.486062,14.442286
1777,UNS 2024-07-17,2024-01-01,12,SDLP,#2AA82C,2,203.784088,0.313514
1777,UNS 2024-07-17,2024-01-01,8,Scottish National Party,#FFF95D,9,1707.937510,2.627596
1777,UNS 2024-07-17,2024-01-01,13,Sinn Féin,#326760,7,481.835847,0.741286
1777,UNS 2024-07-17,2024-01-01,11,Ulster Unionist Party,#48A5EE,1,211.907535,0.326012
1778,UNS 2024-07-18,2024-01-01,10,Alliance,#F6CB2F,1,270.216518,0.415718
1778,UNS 2024-07-18,2024-01-01,4,Conservative,#0087DC,121,14925.141947,22.961757
1778,UNS 2024-07-18,2024-01-01,9,Democratic Unionist Party,#D46A4C,5,400.041534,0.615449
1778,UNS 2024-07-18,2024-01-01,6,Green,#6AB023,4,4438.735293,6.828824
1778,UNS 2024-07-18,2024-01-01,1,Labour,#E4003B,411,22485.963271,34.593790
1778,UNS 2024-07-18,2024-01-01,5,Liberal Democrats,#FAA61A,72,7428.101715,11.427849
1778,UNS 2024-07-18,2024-01-01,7,Other,#808080,8,2581.829029,3.972045
1778,UNS 2024-07-18,2024-01-01,3,Plaid Cymru,#005B54,4,477.019650,0.733876
1778,UNS 2024-07-18,2024-01-01,2,Reform UK,#12B6CF,5,9387.486062,14.442286
1778,UNS 2024-07-18,2024-01-01,12,SDLP,#2AA82C,2,203.784088,0.313514
1778,UNS 2024-07-18,2024-01-01,8,Scottish National Party,#FFF95D,9,1707.937510,2.627596
1778,UNS 2024-07-18,2024-01-01,13,Sinn Féin,#326760,7,481.835847,0.741286
1778,UNS 2024-07-18,2024-01-01,11,Ulster Unionist Party,#48A5EE,1,211.907535,0.326012
1779,UNS 2024-07-19,2024-01-01,10,Alliance,#F6CB2F,1,270.216518,0.415718
1779,UNS 2024-07-19,2024-01-01,4,Conservative,#0087DC,121,14925.141947,22.961757
1779,UNS 2024-07-19,2024-01-01,9,Democratic Unionist Party,#D46A4C,5,400.041534,0.615449
1779,UNS 2024-07-19,2024-01-01,6,Green,#6AB023,4,4438.735293,6.828824
1779,UNS 2024-07-19,2024-01-01,1,Labour,#E4003B,411,22485.963271,34.593790
1779,UNS 2024-07-19,2024-01-01,5,Liberal Democrats,#FAA61A,72,7428.101715,11.427849
1779,UNS 2024-07-19,2024-01-01,7,Other,#808080,8,2581.829029,3.972045
1779,UNS 2024-07-19,2024-01-01,3,Plaid Cymru,#005B54,4,477.019650,0.733876
1779,UNS 2024-07-19,2024-01-01,2,Reform UK,#12B6CF,5,9387.486062,14.442286
1779,UNS 2024-07-19,2024-01-01,12,SDLP,#2AA82C,2,203.784088,0.313514
1779,UNS 2024-07-19,2024-01-01,8,Scottish National Party,#FFF95D,9,1707.937510,2.627596
1779,UNS 2024-07-19,2024-01-01,13,Sinn Féin,#326760,7,481.835847,0.741286
1779,UNS 2024-07-19,2024-01-01,11,Ulster Unionist Party,#48A5EE,1,211.907535,0.326012
1780,UNS 2024-07-20,2024-01-01,10,Alliance,#F6CB2F,1,270.216518,0.415718
1780,UNS 2024-07-20,2024-01-01,4,Conservative,#0087DC,121,14925.141947,22.961757
1780,UNS 2024-07-20,2024-01-01,9,Democratic Unionist Party,#D46A4C,5,400.041534,0.615449
1780,UNS 2024-07-20,2024-01-01,6,Green,#6AB023,4,4438.735293,6.828824
1780,UNS 2024-07-20,2024-01-01,1,Labour,#E4003B,411,22485.963271,34.593790
1780,UNS 2024-07-20,2024-01-01,5,Liberal Democrats,#FAA61A,72,7428.101715,11.427849
1780,UNS 2024-07-20,2024-01-01,7,Other,#808080,8,2581.829029,3.972045
1780,UNS 2024-07-20,2024-01-01,3,Plaid Cymru,#005B54,4,477.019650,0.733876
1780,UNS 2024-07-20,2024-01-01,2,Reform UK,#12B6CF,5,9387.486062,14.442286
1780,UNS 2024-07-20,2024-01-01,12,SDLP,#2AA82C,2,203.784088,0.313514
1780,UNS 2024-07-20,2024-01-01,8,Scottish National Party,#FFF95D,9,1707.937510,2.627596
1780,UNS 2024-07-20,2024-01-01,13,Sinn Féin,#326760,7,481.835847,0.741286
1780,UNS 2024-07-20,2024-01-01,11,Ulster Unionist Party,#48A5EE,1,211.907535,0.326012
1781,UNS 2024-07-21,2024-01-01,10,Alliance,#F6CB2F,1,270.216518,0.415718
1781,UNS 2024-07-21,2024-01-01,4,Conservative,#0087DC,121,14925.141947,22.961757
1781,UNS 2024-07-21,2024-01-01,9,Democratic Unionist Party,#D46A4C,5,400.041534,0.615449
1781,UNS 2024-07-21,2024-01-01,6,Green,#6AB023,4,4438.735293,6.828824
1781,UNS 2024-07-21,2024-01-01,1,Labour,#E4003B,411,22485.963271,34.593790
1781,UNS 2024-07-21,2024-01-01,5,Liberal Democrats,#FAA61A,72,7428.101715,11.427849
1781,UNS 2024-07-21,2024-01-01,7,Other,#808080,8,2581.829029,3.972045
1781,UNS 2024-07-21,2024-01-01,3,Plaid Cymru,#005B54,4,477.019650,0.733876
1781,UNS 2024-07-21,2024-01-01,2,Reform UK,#12B6CF,5,9387.486062,14.442286
1781,UNS 2024-07-21,2024-01-01,12,SDLP,#2AA82C,2,203.784088,0.313514
1781,UNS 2024-07-21,2024-01-01,8,Scottish National Party,#FFF95D,9,1707.937510,2.627596
1781,UNS 2024-07-21,2024-01-01,13,Sinn Féin,#326760,7,481.835847,0.741286
1781,UNS 2024-07-21,2024-01-01,11,Ulster Unionist Party,#48A5EE,1,211.907535,0.326012
1782,UNS 2024-07-22,2024-01-01,10,Alliance,#F6CB2F,1,270.216518,0.415718
1782,UNS 2024-07-22,2024-01-01,4,Conservative,#0087DC,121,14925.141947,22.961757
1782,UNS 2024-07-22,2024-01-01,9,Democratic Unionist Party,#D46A4C,5,400.041534,0.615449
1782,UNS 2024-07-22,2024-01-01,6,Green,#6AB023,4,4438.735293,6.828824
1782,UNS 2024-07-22,2024-01-01,1,Labour,#E4003B,411,22485.963271,34.593790
1782,UNS 2024-07-22,2024-01-01,5,Liberal Democrats,#FAA61A,72,7428.101715,11.427849
1782,UNS 2024-07-22,2024-01-01,7,Other,#808080,8,2581.829029,3.972045
1782,UNS 2024-07-22,2024-01-01,3,Plaid Cymru,#005B54,4,477.019650,0.733876
1782,UNS 2024-07-22,2024-01-01,2,Reform UK,#12B6CF,5,9387.486062,14.442286
1782,UNS 2024-07-22,2024-01-01,12,SDLP,#2AA82C,2,203.784088,0.313514
1782,UNS 2024-07-22,2024-01-01,8,Scottish National Party,#FFF95D,9,1707.937510,2.627596
1782,UNS 2024-07-22,2024-01-01,13,Sinn Féin,#326760,7,481.835847,0.741286
1782,UNS 2024-07-22,2024-01-01,11,Ulster Unionist Party,#48A5EE,1,211.907535,0.326012
1783,UNS 2024-07-23,2024-01-01,10,Alliance,#F6CB2F,1,270.216518,0.415718
1783,UNS 2024-07-23,2024-01-01,4,Conservative,#0087DC,121,14925.141947,22.961757
1783,UNS 2024-07-23,2024-01-01,9,Democratic Unionist Party,#D46A4C,5,400.041534,0.615449
1783,UNS 2024-07-23,2024-01-01,6,Green,#6AB023,4,4438.735293,6.828824
1783,UNS 2024-07-23,2024-01-01,1,Labour,#E4003B,411,22485.963271,34.593790
1783,UNS 2024-07-23,2024-01-01,5,Liberal Democrats,#FAA61A,72,7428.101715,11.427849
1783,UNS 2024-07-23,2024-01-01,7,Other,#808080,8,2581.829029,3.972045
1783,UNS 2024-07-23,2024-01-01,3,Plaid Cymru,#005B54,4,477.019650,0.733876
1783,UNS 2024-07-23,2024-01-01,2,Reform UK,#12B6CF,5,9387.486062,14.442286
1783,UNS 2024-07-23,2024-01-01,12,SDLP,#2AA82C,2,203.784088,0.313514
1783,UNS 2024-07-23,2024-01-01,8,Scottish National Party,#FFF95D,9,1707.937510,2.627596
1783,UNS 2024-07-23,2024-01-01,13,Sinn Féin,#326760,7,481.835847,0.741286
1783,UNS 2024-07-23,2024-01-01,11,Ulster Unionist Party,#48A5EE,1,211.907535,0.326012
1784,UNS 2024-07-24,2024-01-01,10,Alliance,#F6CB2F,1,270.216518,0.415718
1784,UNS 2024-07-24,2024-01-01,4,Conservative,#0087DC,121,14925.141947,22.961757
1784,UNS 2024-07-24,2024-01-01,9,Democratic Unionist Party,#D46A4C,5,400.041534,0.615449
1784,UNS 2024-07-24,2024-01-01,6,Green,#6AB023,4,4438.735293,6.828824
1784,UNS 2024-07-24,2024-01-01,1,Labour,#E4003B,411,22485.963271,34.593790
1784,UNS 2024-07-24,2024-01-01,5,Liberal Democrats,#FAA61A,72,7428.101715,11.427849
1784,UNS 2024-07-24,2024-01-01,7,Other,#808080,8,2581.829029,3.972045
1784,UNS 2024-07-24,2024-01-01,3,Plaid Cymru,#005B54,4,477.019650,0.733876
1784,UNS 2024-07-24,2024-01-01,2,Reform UK,#12B6CF,5,9387.486062,14.442286
1784,UNS 2024-07-24,2024-01-01,12,SDLP,#2AA82C,2,203.784088,0.313514
1784,UNS 2024-07-24,2024-01-01,8,Scottish National Party,#FFF95D,9,1707.937510,2.627596
1784,UNS 2024-07-24,2024-01-01,13,Sinn Féin,#326760,7,481.835847,0.741286
1784,UNS 2024-07-24,2024-01-01,11,Ulster Unionist Party,#48A5EE,1,211.907535,0.326012
1785,UNS 2024-07-25,2024-01-01,10,Alliance,#F6CB2F,1,270.216518,0.415718
1785,UNS 2024-07-25,2024-01-01,4,Conservative,#0087DC,121,14925.141947,22.961757
1785,UNS 2024-07-25,2024-01-01,9,Democratic Unionist Party,#D46A4C,5,400.041534,0.615449
1785,UNS 2024-07-25,2024-01-01,6,Green,#6AB023,4,4438.735293,6.828824
1785,UNS 2024-07-25,2024-01-01,1,Labour,#E4003B,411,22485.963271,34.593790
1785,UNS 2024-07-25,2024-01-01,5,Liberal Democrats,#FAA61A,72,7428.101715,11.427849
1785,UNS 2024-07-25,2024-01-01,7,Other,#808080,8,2581.829029,3.972045
1785,UNS 2024-07-25,2024-01-01,3,Plaid Cymru,#005B54,4,477.019650,0.733876
1785,UNS 2024-07-25,2024-01-01,2,Reform UK,#12B6CF,5,9387.486062,14.442286
1785,UNS 2024-07-25,2024-01-01,12,SDLP,#2AA82C,2,203.784088,0.313514
1785,UNS 2024-07-25,2024-01-01,8,Scottish National Party,#FFF95D,9,1707.937510,2.627596
1785,UNS 2024-07-25,2024-01-01,13,Sinn Féin,#326760,7,481.835847,0.741286
1785,UNS 2024-07-25,2024-01-01,11,Ulster Unionist Party,#48A5EE,1,211.907535,0.326012
1786,UNS 2024-07-26,2024-01-01,10,Alliance,#F6CB2F,1,270.216518,0.415718
1786,UNS 2024-07-26,2024-01-01,4,Conservative,#0087DC,121,14925.141947,22.961757
1786,UNS 2024-07-26,2024-01-01,9,Democratic Unionist Party,#D46A4C,5,400.041534,0.615449
1786,UNS 2024-07-26,2024-01-01,6,Green,#6AB023,4,4438.735293,6.828824
1786,UNS 2024-07-26,2024-01-01,1,Labour,#E4003B,411,22485.963271,34.593790
1786,UNS 2024-07-26,2024-01-01,5,Liberal Democrats,#FAA61A,72,7428.101715,11.427849
1786,UNS 2024-07-26,2024-01-01,7,Other,#808080,8,2581.829029,3.972045
1786,UNS 2024-07-26,2024-01-01,3,Plaid Cymru,#005B54,4,477.019650,0.733876
1786,UNS 2024-07-26,2024-01-01,2,Reform UK,#12B6CF,5,9387.486062,14.442286
1786,UNS 2024-07-26,2024-01-01,12,SDLP,#2AA82C,2,203.784088,0.313514
1786,UNS 2024-07-26,2024-01-01,8,Scottish National Party,#FFF95D,9,1707.937510,2.627596
1786,UNS 2024-07-26,2024-01-01,13,Sinn Féin,#326760,7,481.835847,0.741286
1786,UNS 2024-07-26,2024-01-01,11,Ulster Unionist Party,#48A5EE,1,211.907535,0.326012
1787,UNS 2024-07-27,2024-01-01,10,Alliance,#F6CB2F,1,270.216518,0.415718
1787,UNS 2024-07-27,2024-01-01,4,Conservative,#0087DC,121,14925.141947,22.961757
1787,UNS 2024-07-27,2024-01-01,9,Democratic Unionist Party,#D46A4C,5,400.041534,0.615449
1787,UNS 2024-07-27,2024-01-01,6,Green,#6AB023,4,4438.735293,6.828824
1787,UNS 2024-07-27,2024-01-01,1,Labour,#E4003B,411,22485.963271,34.593790
1787,UNS 2024-07-27,2024-01-01,5,Liberal Democrats,#FAA61A,72,7428.101715,11.427849
1787,UNS 2024-07-27,2024-01-01,7,Other,#808080,8,2581.829029,3.972045
1787,UNS 2024-07-27,2024-01-01,3,Plaid Cymru,#005B54,4,477.019650,0.733876
1787,UNS 2024-07-27,2024-01-01,2,Reform UK,#12B6CF,5,9387.486062,14.442286
1787,UNS 2024-07-27,2024-01-01,12,SDLP,#2AA82C,2,203.784088,0.313514
1787,UNS 2024-07-27,2024-01-01,8,Scottish National Party,#FFF95D,9,1707.937510,2.627596
1787,UNS 2024-07-27,2024-01-01,13,Sinn Féin,#326760,7,481.835847,0.741286
1787,UNS 2024-07-27,2024-01-01,11,Ulster Unionist Party,#48A5EE,1,211.907535,0.326012
1788,UNS 2024-07-28,2024-01-01,10,Alliance,#F6CB2F,1,270.216518,0.415718
1788,UNS 2024-07-28,2024-01-01,4,Conservative,#0087DC,121,14925.141947,22.961757
1788,UNS 2024-07-28,2024-01-01,9,Democratic Unionist Party,#D46A4C,5,400.041534,0.615449
1788,UNS 2024-07-28,2024-01-01,6,Green,#6AB023,4,4438.735293,6.828824
1788,UNS 2024-07-28,2024-01-01,1,Labour,#E4003B,411,22485.963271,34.593790
1788,UNS 2024-07-28,2024-01-01,5,Liberal Democrats,#FAA61A,72,7428.101715,11.427849
1788,UNS 2024-07-28,2024-01-01,7,Other,#808080,8,2581.829029,3.972045
1788,UNS 2024-07-28,2024-01-01,3,Plaid Cymru,#005B54,4,477.019650,0.733876
1788,UNS 2024-07-28,2024-01-01,2,Reform UK,#12B6CF,5,9387.486062,14.442286
1788,UNS 2024-07-28,2024-01-01,12,SDLP,#2AA82C,2,203.784088,0.313514
1788,UNS 2024-07-28,2024-01-01,8,Scottish National Party,#FFF95D,9,1707.937510,2.627596
1788,UNS 2024-07-28,2024-01-01,13,Sinn Féin,#326760,7,481.835847,0.741286
1788,UNS 2024-07-28,2024-01-01,11,Ulster Unionist Party,#48A5EE,1,211.907535,0.326012
1789,UNS 2024-07-29,2024-01-01,10,Alliance,#F6CB2F,1,270.216518,0.415718
1789,UNS 2024-07-29,2024-01-01,4,Conservative,#0087DC,121,14925.141947,22.961757
1789,UNS 2024-07-29,2024-01-01,9,Democratic Unionist Party,#D46A4C,5,400.041534,0.615449
1789,UNS 2024-07-29,2024-01-01,6,Green,#6AB023,4,4438.735293,6.828824
1789,UNS 2024-07-29,2024-01-01,1,Labour,#E4003B,411,22485.963271,34.593790
1789,UNS 2024-07-29,2024-01-01,5,Liberal Democrats,#FAA61A,72,7428.101715,11.427849
1789,UNS 2024-07-29,2024-01-01,7,Other,#808080,8,2581.829029,3.972045
1789,UNS 2024-07-29,2024-01-01,3,Plaid Cymru,#005B54,4,477.019650,0.733876
1789,UNS 2024-07-29,2024-01-01,2,Reform UK,#12B6CF,5,9387.486062,14.442286
1789,UNS 2024-07-29,2024-01-01,12,SDLP,#2AA82C,2,203.784088,0.313514
1789,UNS 2024-07-29,2024-01-01,8,Scottish National Party,#FFF95D,9,1707.937510,2.627596
1789,UNS 2024-07-29,2024-01-01,13,Sinn Féin,#326760,7,481.835847,0.741286
1789,UNS 2024-07-29,2024-01-01,11,Ulster Unionist Party,#48A5EE,1,211.907535,0.326012
1790,UNS 2024-07-30,2024-01-01,10,Alliance,#F6CB2F,1,270.216518,0.415718
1790,UNS 2024-07-30,2024-01-01,4,Conservative,#0087DC,121,14925.141947,22.961757
1790,UNS 2024-07-30,2024-01-01,9,Democratic Unionist Party,#D46A4C,5,400.041534,0.615449
1790,UNS 2024-07-30,2024-01-01,6,Green,#6AB023,4,4438.735293,6.828824
1790,UNS 2024-07-30,2024-01-01,1,Labour,#E4003B,411,22485.963271,34.593790
1790,UNS 2024-07-30,2024-01-01,5,Liberal Democrats,#FAA61A,72,7428.101715,11.427849
1790,UNS 2024-07-30,2024-01-01,7,Other,#808080,8,2581.829029,3.972045
1790,UNS 2024-07-30,2024-01-01,3,Plaid Cymru,#005B54,4,477.019650,0.733876
1790,UNS 2024-07-30,2024-01-01,2,Reform UK,#12B6CF,5,9387.486062,14.442286
1790,UNS 2024-07-30,2024-01-01,12,SDLP,#2AA82C,2,203.784088,0.313514
1790,UNS 2024-07-30,2024-01-01,8,Scottish National Party,#FFF95D,9,1707.937510,2.627596
1790,UNS 2024-07-30,2024-01-01,13,Sinn Féin,#326760,7,481.835847,0.741286
1790,UNS 2024-07-30,2024-01-01,11,Ulster Unionist Party,#48A5EE,1,211.907535,0.326012
1791,UNS 2024-07-31,2024-01-01,10,Alliance,#F6CB2F,1,270.216518,0.415718
1791,UNS 2024-07-31,2024-01-01,4,Conservative,#0087DC,121,14925.141947,22.961757
1791,UNS 2024-07-31,2024-01-01,9,Democratic Unionist Party,#D46A4C,5,400.041534,0.615449
1791,UNS 2024-07-31,2024-01-01,6,Green,#6AB023,4,4438.735293,6.828824
1791,UNS 2024-07-31,2024-01-01,1,Labour,#E4003B,411,22485.963271,34.593790
1791,UNS 2024-07-31,2024-01-01,5,Liberal Democrats,#FAA61A,72,7428.101715,11.427849
1791,UNS 2024-07-31,2024-01-01,7,Other,#808080,8,2581.829029,3.972045
1791,UNS 2024-07-31,2024-01-01,3,Plaid Cymru,#005B54,4,477.019650,0.733876
1791,UNS 2024-07-31,2024-01-01,2,Reform UK,#12B6CF,5,9387.486062,14.442286
1791,UNS 2024-07-31,2024-01-01,12,SDLP,#2AA82C,2,203.784088,0.313514
1791,UNS 2024-07-31,2024-01-01,8,Scottish National Party,#FFF95D,9,1707.937510,2.627596
1791,UNS 2024-07-31,2024-01-01,13,Sinn Féin,#326760,7,481.835847,0.741286
1791,UNS 2024-07-31,2024-01-01,11,Ulster Unionist Party,#48A5EE,1,211.907535,0.326012
1792,UNS 2024-08-01,2024-01-01,10,Alliance,#F6CB2F,1,270.216518,0.415718
1792,UNS 2024-08-01,2024-01-01,4,Conservative,#0087DC,121,14925.141947,22.961757
1792,UNS 2024-08-01,2024-01-01,9,Democratic Unionist Party,#D46A4C,5,400.041534,0.615449
1792,UNS 2024-08-01,2024-01-01,6,Green,#6AB023,4,4438.735293,6.828824
1792,UNS 2024-08-01,2024-01-01,1,Labour,#E4003B,411,22485.963271,34.593790
1792,UNS 2024-08-01,2024-01-01,5,Liberal Democrats,#FAA61A,72,7428.101715,11.427849
1792,UNS 2024-08-01,2024-01-01,7,Other,#808080,8,2581.829029,3.972045
1792,UNS 2024-08-01,2024-01-01,3,Plaid Cymru,#005B54,4,477.019650,0.733876
1792,UNS 2024-08-01,2024-01-01,2,Reform UK,#12B6CF,5,9387.486062,14.442286
1792,UNS 2024-08-01,2024-01-01,12,SDLP,#2AA82C,2,203.784088,0.313514
1792,UNS 2024-08-01,2024-01-01,8,Scottish National Party,#FFF95D,9,1707.937510,2.627596
1792,UNS 2024-08-01,2024-01-01,13,Sinn Féin,#326760,7,481.835847,0.741286
1792,UNS 2024-08-01,2024-01-01,11,Ulster Unionist Party,#48A5EE,1,211.907535,0.326012
1793,UNS 2024-08-02,2024-01-01,10,Alliance,#F6CB2F,1,270.216518,0.415718
1793,UNS 2024-08-02,2024-01-01,4,Conservative,#0087DC,121,14925.141947,22.961757
1793,UNS 2024-08-02,2024-01-01,9,Democratic Unionist Party,#D46A4C,5,400.041534,0.615449
1793,UNS 2024-08-02,2024-01-01,6,Green,#6AB023,4,4438.735293,6.828824
1793,UNS 2024-08-02,2024-01-01,1,Labour,#E4003B,411,22485.963271,34.593790
1793,UNS 2024-08-02,2024-01-01,5,Liberal Democrats,#FAA61A,72,7428.101715,11.427849
1793,UNS 2024-08-02,2024-01-01,7,Other,#808080,8,2581.829029,3.972045
1793,UNS 2024-08-02,2024-01-01,3,Plaid Cymru,#005B54,4,477.019650,0.733876
1793,UNS 2024-08-02,2024-01-01,2,Reform UK,#12B6CF,5,9387.486062,14.442286
1793,UNS 2024-08-02,2024-01-01,12,SDLP,#2AA82C,2,203.784088,0.313514
1793,UNS 2024-08-02,2024-01-01,8,Scottish National Party,#FFF95D,9,1707.937510,2.627596
1793,UNS 2024-08-02,2024-01-01,13,Sinn Féin,#326760,7,481.835847,0.741286
1793,UNS 2024-08-02,2024-01-01,11,Ulster Unionist Party,#48A5EE,1,211.907535,0.326012
1794,UNS 2024-08-03,2024-01-01,10,Alliance,#F6CB2F,1,270.216518,0.415718
1794,UNS 2024-08-03,2024-01-01,4,Conservative,#0087DC,121,14925.141947,22.961757
1794,UNS 2024-08-03,2024-01-01,9,Democratic Unionist Party,#D46A4C,5,400.041534,0.615449
1794,UNS 2024-08-03,2024-01-01,6,Green,#6AB023,4,4438.735293,6.828824
1794,UNS 2024-08-03,2024-01-01,1,Labour,#E4003B,411,22485.963271,34.593790
1794,UNS 2024-08-03,2024-01-01,5,Liberal Democrats,#FAA61A,72,7428.101715,11.427849
1794,UNS 2024-08-03,2024-01-01,7,Other,#808080,8,2581.829029,3.972045
1794,UNS 2024-08-03,2024-01-01,3,Plaid Cymru,#005B54,4,477.019650,0.733876
1794,UNS 2024-08-03,2024-01-01,2,Reform UK,#12B6CF,5,9387.486062,14.442286
1794,UNS 2024-08-03,2024-01-01,12,SDLP,#2AA82C,2,203.784088,0.313514
1794,UNS 2024-08-03,2024-01-01,8,Scottish National Party,#FFF95D,9,1707.937510,2.627596
1794,UNS 2024-08-03,2024-01-01,13,Sinn Féin,#326760,7,481.835847,0.741286
1794,UNS 2024-08-03,2024-01-01,11,Ulster Unionist Party,#48A5EE,1,211.907535,0.326012
1795,UNS 2024-08-04,2024-01-01,10,Alliance,#F6CB2F,1,270.216518,0.415718
1795,UNS 2024-08-04,2024-01-01,4,Conservative,#0087DC,121,14925.141947,22.961757
1795,UNS 2024-08-04,2024-01-01,9,Democratic Unionist Party,#D46A4C,5,400.041534,0.615449
1795,UNS 2024-08-04,2024-01-01,6,Green,#6AB023,4,4438.735293,6.828824
1795,UNS 2024-08-04,2024-01-01,1,Labour,#E4003B,411,22485.963271,34.593790
1795,UNS 2024-08-04,2024-01-01,5,Liberal Democrats,#FAA61A,72,7428.101715,11.427849
1795,UNS 2024-08-04,2024-01-01,7,Other,#808080,8,2581.829029,3.972045
1795,UNS 2024-08-04,2024-01-01,3,Plaid Cymru,#005B54,4,477.019650,0.733876
1795,UNS 2024-08-04,2024-01-01,2,Reform UK,#12B6CF,5,9387.486062,14.442286
1795,UNS 2024-08-04,2024-01-01,12,SDLP,#2AA82C,2,203.784088,0.313514
1795,UNS 2024-08-04,2024-01-01,8,Scottish National Party,#FFF95D,9,1707.937510,2.627596
1795,UNS 2024-08-04,2024-01-01,13,Sinn Féin,#326760,7,481.835847,0.741286
1795,UNS 2024-08-04,2024-01-01,11,Ulster Unionist Party,#48A5EE,1,211.907535,0.326012
1796,UNS 2024-08-05,2024-01-01,10,Alliance,#F6CB2F,1,270.216518,0.415718
1796,UNS 2024-08-05,2024-01-01,4,Conservative,#0087DC,121,14925.141947,22.961757
1796,UNS 2024-08-05,2024-01-01,9,Democratic Unionist Party,#D46A4C,5,400.041534,0.615449
1796,UNS 2024-08-05,2024-01-01,6,Green,#6AB023,4,4438.735293,6.828824
1796,UNS 2024-08-05,2024-01-01,1,Labour,#E4003B,411,22485.963271,34.593790
1796,UNS 2024-08-05,2024-01-01,5,Liberal Democrats,#FAA61A,72,7428.101715,11.427849
1796,UNS 2024-08-05,2024-01-01,7,Other,#808080,8,2581.829029,3.972045
1796,UNS 2024-08-05,2024-01-01,3,Plaid Cymru,#005B54,4,477.019650,0.733876
1796,UNS 2024-08-05,2024-01-01,2,Reform UK,#12B6CF,5,9387.486062,14.442286
1796,UNS 2024-08-05,2024-01-01,12,SDLP,#2AA82C,2,203.784088,0.313514
1796,UNS 2024-08-05,2024-01-01,8,Scottish National Party,#FFF95D,9,1707.937510,2.627596
1796,UNS 2024-08-05,2024-01-01,13,Sinn Féin,#326760,7,481.835847,0.741286
1796,UNS 2024-08-05,2024-01-01,11,Ulster Unionist Party,#48A5EE,1,211.907535,0.326012
1797,UNS 2024-08-06,2024-01-01,10,Alliance,#F6CB2F,1,270.216518,0.415718
1797,UNS 2024-08-06,2024-01-01,4,Conservative,#0087DC,121,14925.141947,22.961757
1797,UNS 2024-08-06,2024-01-01,9,Democratic Unionist Party,#D46A4C,5,400.041534,0.615449
1797,UNS 2024-08-06,2024-01-01,6,Green,#6AB023,4,4438.735293,6.828824
1797,UNS 2024-08-06,2024-01-01,1,Labour,#E4003B,411,22485.963271,34.593790
1797,UNS 2024-08-06,2024-01-01,5,Liberal Democrats,#FAA61A,72,7428.101715,11.427849
1797,UNS 2024-08-06,2024-01-01,7,Other,#808080,8,2581.829029,3.972045
1797,UNS 2024-08-06,2024-01-01,3,Plaid Cymru,#005B54,4,477.019650,0.733876
1797,UNS 2024-08-06,2024-01-01,2,Reform UK,#12B6CF,5,9387.486062,14.442286
1797,UNS 2024-08-06,2024-01-01,12,SDLP,#2AA82C,2,203.784088,0.313514
1797,UNS 2024-08-06,2024-01-01,8,Scottish National Party,#FFF95D,9,1707.937510,2.627596
1797,UNS 2024-08-06,2024-01-01,13,Sinn Féin,#326760,7,481.835847,0.741286
1797,UNS 2024-08-06,2024-01-01,11,Ulster Unionist Party,#48A5EE,1,211.907535,0.326012
1798,UNS 2024-08-07,2024-01-01,10,Alliance,#F6CB2F,1,295.139650,0.454061
1798,UNS 2024-08-07,2024-01-01,4,Conservative,#0087DC,133,14955.171189,23.007956
1798,UNS 2024-08-07,2024-01-01,9,Democratic Unionist Party,#D46A4C,6,436.075878,0.670886
1798,UNS 2024-08-07,2024-01-01,6,Green,#6AB023,4,5101.343741,7.848221
1798,UNS 2024-08-07,2024-01-01,1,Labour,#E4003B,403,21239.563858,32.676252
1798,UNS 2024-08-07,2024-01-01,5,Liberal Democrats,#FAA61A,70,7084.185643,10.898747
1798,UNS 2024-08-07,2024-01-01,7,Other,#808080,8,1959.304491,3.014315
1798,UNS 2024-08-07,2024-01-01,3,Plaid Cymru,#005B54,3,294.457807,0.453012
1798,UNS 2024-08-07,2024-01-01,2,Reform UK,#12B6CF,10,11237.013201,17.287713
1798,UNS 2024-08-07,2024-01-01,12,SDLP,#2AA82C,2,223.765468,0.344255
1798,UNS 2024-08-07,2024-01-01,8,Scottish National Party,#FFF95D,2,1415.838479,2.178213
1798,UNS 2024-08-07,2024-01-01,13,Sinn Féin,#326760,7,528.288985,0.812752
1798,UNS 2024-08-07,2024-01-01,11,Ulster Unionist Party,#48A5EE,1,229.851610,0.353618
1799,UNS 2024-08-08,2024-01-01,10,Alliance,#F6CB2F,1,295.139650,0.454061
1799,UNS 2024-08-08,2024-01-01,4,Conservative,#0087DC,133,14955.171189,23.007956
1799,UNS 2024-08-08,2024-01-01,9,Democratic Unionist Party,#D46A4C,6,436.075878,0.670886
1799,UNS 2024-08-08,2024-01-01,6,Green,#6AB023,4,5101.343741,7.848221
1799,UNS 2024-08-08,2024-01-01,1,Labour,#E4003B,403,21239.563858,32.676252
1799,UNS 2024-08-08,2024-01-01,5,Liberal Democrats,#FAA61A,70,7084.185643,10.898747
1799,UNS 2024-08-08,2024-01-01,7,Other,#808080,8,1959.304491,3.014315
1799,UNS 2024-08-08,2024-01-01,3,Plaid Cymru,#005B54,3,294.457807,0.453012
1799,UNS 2024-08-08,2024-01-01,2,Reform UK,#12B6CF,10,11237.013201,17.287713
1799,UNS 2024-08-08,2024-01-01,12,SDLP,#2AA82C,2,223.765468,0.344255
1799,UNS 2024-08-08,2024-01-01,8,Scottish National Party,#FFF95D,2,1415.838479,2.178213
1799,UNS 2024-08-08,2024-01-01,13,Sinn Féin,#326760,7,528.288985,0.812752
1799,UNS 2024-08-08,2024-01-01,11,Ulster Unionist Party,#48A5EE,1,229.851610,0.353618
1800,UNS 2024-08-09,2024-01-01,10,Alliance,#F6CB2F,1,295.139650,0.454061
1800,UNS 2024-08-09,2024-01-01,4,Conservative,#0087DC,133,14955.171189,23.007956
1800,UNS 2024-08-09,2024-01-01,9,Democratic Unionist Party,#D46A4C,6,436.075878,0.670886
1800,UNS 2024-08-09,2024-01-01,6,Green,#6AB023,4,5101.343741,7.848221
1800,UNS 2024-08-09,2024-01-01,1,Labour,#E4003B,403,21239.563858,32.676252
1800,UNS 2024-08-09,2024-01-01,5,Liberal Democrats,#FAA61A,70,7084.185643,10.898747
1800,UNS 2024-08-09,2024-01-01,7,Other,#808080,8,1959.304491,3.014315
1800,UNS 2024-08-09,2024-01-01,3,Plaid Cymru,#005B54,3,294.457807,0.453012
1800,UNS 2024-08-09,2024-01-01,2,Reform UK,#12B6CF,10,11237.013201,17.287713
1800,UNS 2024-08-09,2024-01-01,12,SDLP,#2AA82C,2,223.765468,0.344255
1800,UNS 2024-08-09,2024-01-01,8,Scottish National Party,#FFF95D,2,1415.838479,2.178213
1800,UNS 2024-08-09,2024-01-01,13,Sinn Féin,#326760,7,528.288985,0.812752
1800,UNS 2024-08-09,2024-01-01,11,Ulster Unionist Party,#48A5EE,1,229.851610,0.353618
1801,UNS 2024-08-10,2024-01-01,10,Alliance,#F6CB2F,1,295.139650,0.454061
1801,UNS 2024-08-10,2024-01-01,4,Conservative,#0087DC,133,14955.171189,23.007956
1801,UNS 2024-08-10,2024-01-01,9,Democratic Unionist Party,#D46A4C,6,436.075878,0.670886
1801,UNS 2024-08-10,2024-01-01,6,Green,#6AB023,4,5101.343741,7.848221
1801,UNS 2024-08-10,2024-01-01,1,Labour,#E4003B,403,21239.563858,32.676252
1801,UNS 2024-08-10,2024-01-01,5,Liberal Democrats,#FAA61A,70,7084.185643,10.898747
1801,UNS 2024-08-10,2024-01-01,7,Other,#808080,8,1959.304491,3.014315
1801,UNS 2024-08-10,2024-01-01,3,Plaid Cymru,#005B54,3,294.457807,0.453012
1801,UNS 2024-08-10,2024-01-01,2,Reform UK,#12B6CF,10,11237.013201,17.287713
1801,UNS 2024-08-10,2024-01-01,12,SDLP,#2AA82C,2,223.765468,0.344255
1801,UNS 2024-08-10,2024-01-01,8,Scottish National Party,#FFF95D,2,1415.838479,2.178213
1801,UNS 2024-08-10,2024-01-01,13,Sinn Féin,#326760,7,528.288985,0.812752
1801,UNS 2024-08-10,2024-01-01,11,Ulster Unionist Party,#48A5EE,1,229.851610,0.353618
1802,UNS 2024-08-11,2024-01-01,10,Alliance,#F6CB2F,1,295.139650,0.454061
1802,UNS 2024-08-11,2024-01-01,4,Conservative,#0087DC,133,14955.171189,23.007956
1802,UNS 2024-08-11,2024-01-01,9,Democratic Unionist Party,#D46A4C,6,436.075878,0.670886
1802,UNS 2024-08-11,2024-01-01,6,Green,#6AB023,4,5101.343741,7.848221
1802,UNS 2024-08-11,2024-01-01,1,Labour,#E4003B,403,21239.563858,32.676252
1802,UNS 2024-08-11,2024-01-01,5,Liberal Democrats,#FAA61A,70,7084.185643,10.898747
1802,UNS 2024-08-11,2024-01-01,7,Other,#808080,8,1959.304491,3.014315
1802,UNS 2024-08-11,2024-01-01,3,Plaid Cymru,#005B54,3,294.457807,0.453012
1802,UNS 2024-08-11,2024-01-01,2,Reform UK,#12B6CF,10,11237.013201,17.287713
1802,UNS 2024-08-11,2024-01-01,12,SDLP,#2AA82C,2,223.765468,0.344255
1802,UNS 2024-08-11,2024-01-01,8,Scottish National Party,#FFF95D,2,1415.838479,2.178213
1802,UNS 2024-08-11,2024-01-01,13,Sinn Féin,#326760,7,528.288985,0.812752
1802,UNS 2024-08-11,2024-01-01,11,Ulster Unionist Party,#48A5EE,1,229.851610,0.353618
1803,UNS 2024-08-12,2024-01-01,10,Alliance,#F6CB2F,1,295.139650,0.454061
1803,UNS 2024-08-12,2024-01-01,4,Conservative,#0087DC,133,14955.171189,23.007956
1803,UNS 2024-08-12,2024-01-01,9,Democratic Unionist Party,#D46A4C,6,436.075878,0.670886
1803,UNS 2024-08-12,2024-01-01,6,Green,#6AB023,4,5101.343741,7.848221
1803,UNS 2024-08-12,2024-01-01,1,Labour,#E4003B,403,21239.563858,32.676252
1803,UNS 2024-08-12,2024-01-01,5,Liberal Democrats,#FAA61A,70,7084.185643,10.898747
1803,UNS 2024-08-12,2024-01-01,7,Other,#808080,8,1959.304491,3.014315
1803,UNS 2024-08-12,2024-01-01,3,Plaid Cymru,#005B54,3,294.457807,0.453012
1803,UNS 2024-08-12,2024-01-01,2,Reform UK,#12B6CF,10,11237.013201,17.287713
1803,UNS 2024-08-12,2024-01-01,12,SDLP,#2AA82C,2,223.765468,0.344255
1803,UNS 2024-08-12,2024-01-01,8,Scottish National Party,#FFF95D,2,1415.838479,2.178213
1803,UNS 2024-08-12,2024-01-01,13,Sinn Féin,#326760,7,528.288985,0.812752
1803,UNS 2024-08-12,2024-01-01,11,Ulster Unionist Party,#48A5EE,1,229.851610,0.353618
1804,UNS 2024-08-13,2024-01-01,10,Alliance,#F6CB2F,1,295.139650,0.454061
1804,UNS 2024-08-13,2024-01-01,4,Conservative,#0087DC,133,14955.171189,23.007956
1804,UNS 2024-08-13,2024-01-01,9,Democratic Unionist Party,#D46A4C,6,436.075878,0.670886
1804,UNS 2024-08-13,2024-01-01,6,Green,#6AB023,4,5101.343741,7.848221
1804,UNS 2024-08-13,2024-01-01,1,Labour,#E4003B,403,21239.563858,32.676252
1804,UNS 2024-08-13,2024-01-01,5,Liberal Democrats,#FAA61A,70,7084.185643,10.898747
1804,UNS 2024-08-13,2024-01-01,7,Other,#808080,8,1959.304491,3.014315
1804,UNS 2024-08-13,2024-01-01,3,Plaid Cymru,#005B54,3,294.457807,0.453012
1804,UNS 2024-08-13,2024-01-01,2,Reform UK,#12B6CF,10,11237.013201,17.287713
1804,UNS 2024-08-13,2024-01-01,12,SDLP,#2AA82C,2,223.765468,0.344255
1804,UNS 2024-08-13,2024-01-01,8,Scottish National Party,#FFF95D,2,1415.838479,2.178213
1804,UNS 2024-08-13,2024-01-01,13,Sinn Féin,#326760,7,528.288985,0.812752
1804,UNS 2024-08-13,2024-01-01,11,Ulster Unionist Party,#48A5EE,1,229.851610,0.353618
1805,UNS 2024-08-14,2024-01-01,10,Alliance,#F6CB2F,1,295.139650,0.454061
1805,UNS 2024-08-14,2024-01-01,4,Conservative,#0087DC,133,14955.171189,23.007956
1805,UNS 2024-08-14,2024-01-01,9,Democratic Unionist Party,#D46A4C,6,436.075878,0.670886
1805,UNS 2024-08-14,2024-01-01,6,Green,#6AB023,4,5101.343741,7.848221
1805,UNS 2024-08-14,2024-01-01,1,Labour,#E4003B,403,21239.563858,32.676252
1805,UNS 2024-08-14,2024-01-01,5,Liberal Democrats,#FAA61A,70,7084.185643,10.898747
1805,UNS 2024-08-14,2024-01-01,7,Other,#808080,8,1959.304491,3.014315
1805,UNS 2024-08-14,2024-01-01,3,Plaid Cymru,#005B54,3,294.457807,0.453012
1805,UNS 2024-08-14,2024-01-01,2,Reform UK,#12B6CF,10,11237.013201,17.287713
1805,UNS 2024-08-14,2024-01-01,12,SDLP,#2AA82C,2,223.765468,0.344255
1805,UNS 2024-08-14,2024-01-01,8,Scottish National Party,#FFF95D,2,1415.838479,2.178213
1805,UNS 2024-08-14,2024-01-01,13,Sinn Féin,#326760,7,528.288985,0.812752
1805,UNS 2024-08-14,2024-01-01,11,Ulster Unionist Party,#48A5EE,1,229.851610,0.353618
1806,UNS 2024-08-15,2024-01-01,10,Alliance,#F6CB2F,1,295.139650,0.454061
1806,UNS 2024-08-15,2024-01-01,4,Conservative,#0087DC,133,14955.171189,23.007956
1806,UNS 2024-08-15,2024-01-01,9,Democratic Unionist Party,#D46A4C,6,436.075878,0.670886
1806,UNS 2024-08-15,2024-01-01,6,Green,#6AB023,4,5101.343741,7.848221
1806,UNS 2024-08-15,2024-01-01,1,Labour,#E4003B,403,21239.563858,32.676252
1806,UNS 2024-08-15,2024-01-01,5,Liberal Democrats,#FAA61A,70,7084.185643,10.898747
1806,UNS 2024-08-15,2024-01-01,7,Other,#808080,8,1959.304491,3.014315
1806,UNS 2024-08-15,2024-01-01,3,Plaid Cymru,#005B54,3,294.457807,0.453012
1806,UNS 2024-08-15,2024-01-01,2,Reform UK,#12B6CF,10,11237.013201,17.287713
1806,UNS 2024-08-15,2024-01-01,12,SDLP,#2AA82C,2,223.765468,0.344255
1806,UNS 2024-08-15,2024-01-01,8,Scottish National Party,#FFF95D,2,1415.838479,2.178213
1806,UNS 2024-08-15,2024-01-01,13,Sinn Féin,#326760,7,528.288985,0.812752
1806,UNS 2024-08-15,2024-01-01,11,Ulster Unionist Party,#48A5EE,1,229.851610,0.353618
1807,UNS 2024-08-16,2024-01-01,10,Alliance,#F6CB2F,1,295.139650,0.454061
1807,UNS 2024-08-16,2024-01-01,4,Conservative,#0087DC,133,14955.171189,23.007956
1807,UNS 2024-08-16,2024-01-01,9,Democratic Unionist Party,#D46A4C,6,436.075878,0.670886
1807,UNS 2024-08-16,2024-01-01,6,Green,#6AB023,4,5101.343741,7.848221
1807,UNS 2024-08-16,2024-01-01,1,Labour,#E4003B,403,21239.563858,32.676252
1807,UNS 2024-08-16,2024-01-01,5,Liberal Democrats,#FAA61A,70,7084.185643,10.898747
1807,UNS 2024-08-16,2024-01-01,7,Other,#808080,8,1959.304491,3.014315
1807,UNS 2024-08-16,2024-01-01,3,Plaid Cymru,#005B54,3,294.457807,0.453012
1807,UNS 2024-08-16,2024-01-01,2,Reform UK,#12B6CF,10,11237.013201,17.287713
1807,UNS 2024-08-16,2024-01-01,12,SDLP,#2AA82C,2,223.765468,0.344255
1807,UNS 2024-08-16,2024-01-01,8,Scottish National Party,#FFF95D,2,1415.838479,2.178213
1807,UNS 2024-08-16,2024-01-01,13,Sinn Féin,#326760,7,528.288985,0.812752
1807,UNS 2024-08-16,2024-01-01,11,Ulster Unionist Party,#48A5EE,1,229.851610,0.353618
1808,UNS 2024-08-17,2024-01-01,10,Alliance,#F6CB2F,1,295.139650,0.454061
1808,UNS 2024-08-17,2024-01-01,4,Conservative,#0087DC,133,14955.171189,23.007956
1808,UNS 2024-08-17,2024-01-01,9,Democratic Unionist Party,#D46A4C,6,436.075878,0.670886
1808,UNS 2024-08-17,2024-01-01,6,Green,#6AB023,4,5101.343741,7.848221
1808,UNS 2024-08-17,2024-01-01,1,Labour,#E4003B,403,21239.563858,32.676252
1808,UNS 2024-08-17,2024-01-01,5,Liberal Democrats,#FAA61A,70,7084.185643,10.898747
1808,UNS 2024-08-17,2024-01-01,7,Other,#808080,8,1959.304491,3.014315
1808,UNS 2024-08-17,2024-01-01,3,Plaid Cymru,#005B54,3,294.457807,0.453012
1808,UNS 2024-08-17,2024-01-01,2,Reform UK,#12B6CF,10,11237.013201,17.287713
1808,UNS 2024-08-17,2024-01-01,12,SDLP,#2AA82C,2,223.765468,0.344255
1808,UNS 2024-08-17,2024-01-01,8,Scottish National Party,#FFF95D,2,1415.838479,2.178213
1808,UNS 2024-08-17,2024-01-01,13,Sinn Féin,#326760,7,528.288985,0.812752
1808,UNS 2024-08-17,2024-01-01,11,Ulster Unionist Party,#48A5EE,1,229.851610,0.353618
1809,UNS 2024-08-18,2024-01-01,10,Alliance,#F6CB2F,1,295.139650,0.454061
1809,UNS 2024-08-18,2024-01-01,4,Conservative,#0087DC,133,14955.171189,23.007956
1809,UNS 2024-08-18,2024-01-01,9,Democratic Unionist Party,#D46A4C,6,436.075878,0.670886
1809,UNS 2024-08-18,2024-01-01,6,Green,#6AB023,4,5101.343741,7.848221
1809,UNS 2024-08-18,2024-01-01,1,Labour,#E4003B,403,21239.563858,32.676252
1809,UNS 2024-08-18,2024-01-01,5,Liberal Democrats,#FAA61A,70,7084.185643,10.898747
1809,UNS 2024-08-18,2024-01-01,7,Other,#808080,8,1959.304491,3.014315
1809,UNS 2024-08-18,2024-01-01,3,Plaid Cymru,#005B54,3,294.457807,0.453012
1809,UNS 2024-08-18,2024-01-01,2,Reform UK,#12B6CF,10,11237.013201,17.287713
1809,UNS 2024-08-18,2024-01-01,12,SDLP,#2AA82C,2,223.765468,0.344255
1809,UNS 2024-08-18,2024-01-01,8,Scottish National Party,#FFF95D,2,1415.838479,2.178213
1809,UNS 2024-08-18,2024-01-01,13,Sinn Féin,#326760,7,528.288985,0.812752
1809,UNS 2024-08-18,2024-01-01,11,Ulster Unionist Party,#48A5EE,1,229.851610,0.353618
1810,UNS 2024-08-19,2024-01-01,10,Alliance,#F6CB2F,1,295.139650,0.454061
1810,UNS 2024-08-19,2024-01-01,4,Conservative,#0087DC,133,14955.171189,23.007956
1810,UNS 2024-08-19,2024-01-01,9,Democratic Unionist Party,#D46A4C,6,436.075878,0.670886
1810,UNS 2024-08-19,2024-01-01,6,Green,#6AB023,4,5101.343741,7.848221
1810,UNS 2024-08-19,2024-01-01,1,Labour,#E4003B,403,21239.563858,32.676252
1810,UNS 2024-08-19,2024-01-01,5,Liberal Democrats,#FAA61A,70,7084.185643,10.898747
1810,UNS 2024-08-19,2024-01-01,7,Other,#808080,8,1959.304491,3.014315
1810,UNS 2024-08-19,2024-01-01,3,Plaid Cymru,#005B54,3,294.457807,0.453012
1810,UNS 2024-08-19,2024-01-01,2,Reform UK,#12B6CF,10,11237.013201,17.287713
1810,UNS 2024-08-19,2024-01-01,12,SDLP,#2AA82C,2,223.765468,0.344255
1810,UNS 2024-08-19,2024-01-01,8,Scottish National Party,#FFF95D,2,1415.838479,2.178213
1810,UNS 2024-08-19,2024-01-01,13,Sinn Féin,#326760,7,528.288985,0.812752
1810,UNS 2024-08-19,2024-01-01,11,Ulster Unionist Party,#48A5EE,1,229.851610,0.353618
1811,UNS 2024-08-20,2024-01-01,10,Alliance,#F6CB2F,1,295.139650,0.454061
1811,UNS 2024-08-20,2024-01-01,4,Conservative,#0087DC,133,14955.171189,23.007956
1811,UNS 2024-08-20,2024-01-01,9,Democratic Unionist Party,#D46A4C,6,436.075878,0.670886
1811,UNS 2024-08-20,2024-01-01,6,Green,#6AB023,4,5101.343741,7.848221
1811,UNS 2024-08-20,2024-01-01,1,Labour,#E4003B,403,21239.563858,32.676252
1811,UNS 2024-08-20,2024-01-01,5,Liberal Democrats,#FAA61A,70,7084.185643,10.898747
1811,UNS 2024-08-20,2024-01-01,7,Other,#808080,8,1959.304491,3.014315
1811,UNS 2024-08-20,2024-01-01,3,Plaid Cymru,#005B54,3,294.457807,0.453012
1811,UNS 2024-08-20,2024-01-01,2,Reform UK,#12B6CF,10,11237.013201,17.287713
1811,UNS 2024-08-20,2024-01-01,12,SDLP,#2AA82C,2,223.765468,0.344255
1811,UNS 2024-08-20,2024-01-01,8,Scottish National Party,#FFF95D,2,1415.838479,2.178213
1811,UNS 2024-08-20,2024-01-01,13,Sinn Féin,#326760,7,528.288985,0.812752
1811,UNS 2024-08-20,2024-01-01,11,Ulster Unionist Party,#48A5EE,1,229.851610,0.353618
1812,UNS 2024-08-21,2024-01-01,10,Alliance,#F6CB2F,1,295.139650,0.454061
1812,UNS 2024-08-21,2024-01-01,4,Conservative,#0087DC,133,14955.171189,23.007956
1812,UNS 2024-08-21,2024-01-01,9,Democratic Unionist Party,#D46A4C,6,436.075878,0.670886
1812,UNS 2024-08-21,2024-01-01,6,Green,#6AB023,4,5101.343741,7.848221
1812,UNS 2024-08-21,2024-01-01,1,Labour,#E4003B,403,21239.563858,32.676252
1812,UNS 2024-08-21,2024-01-01,5,Liberal Democrats,#FAA61A,70,7084.185643,10.898747
1812,UNS 2024-08-21,2024-01-01,7,Other,#808080,8,1959.304491,3.014315
1812,UNS 2024-08-21,2024-01-01,3,Plaid Cymru,#005B54,3,294.457807,0.453012
1812,UNS 2024-08-21,2024-01-01,2,Reform UK,#12B6CF,10,11237.013201,17.287713
1812,UNS 2024-08-21,2024-01-01,12,SDLP,#2AA82C,2,223.765468,0.344255
1812,UNS 2024-08-21,2024-01-01,8,Scottish National Party,#FFF95D,2,1415.838479,2.178213
1812,UNS 2024-08-21,2024-01-01,13,Sinn Féin,#326760,7,528.288985,0.812752
1812,UNS 2024-08-21,2024-01-01,11,Ulster Unionist Party,#48A5EE,1,229.851610,0.353618
1813,UNS 2024-08-22,2024-01-01,10,Alliance,#F6CB2F,1,295.139650,0.454061
1813,UNS 2024-08-22,2024-01-01,4,Conservative,#0087DC,133,14955.171189,23.007956
1813,UNS 2024-08-22,2024-01-01,9,Democratic Unionist Party,#D46A4C,6,436.075878,0.670886
1813,UNS 2024-08-22,2024-01-01,6,Green,#6AB023,4,5101.343741,7.848221
1813,UNS 2024-08-22,2024-01-01,1,Labour,#E4003B,403,21239.563858,32.676252
1813,UNS 2024-08-22,2024-01-01,5,Liberal Democrats,#FAA61A,70,7084.185643,10.898747
1813,UNS 2024-08-22,2024-01-01,7,Other,#808080,8,1959.304491,3.014315
1813,UNS 2024-08-22,2024-01-01,3,Plaid Cymru,#005B54,3,294.457807,0.453012
1813,UNS 2024-08-22,2024-01-01,2,Reform UK,#12B6CF,10,11237.013201,17.287713
1813,UNS 2024-08-22,2024-01-01,12,SDLP,#2AA82C,2,223.765468,0.344255
1813,UNS 2024-08-22,2024-01-01,8,Scottish National Party,#FFF95D,2,1415.838479,2.178213
1813,UNS 2024-08-22,2024-01-01,13,Sinn Féin,#326760,7,528.288985,0.812752
1813,UNS 2024-08-22,2024-01-01,11,Ulster Unionist Party,#48A5EE,1,229.851610,0.353618
1814,UNS 2024-08-23,2024-01-01,10,Alliance,#F6CB2F,1,295.139650,0.454061
1814,UNS 2024-08-23,2024-01-01,4,Conservative,#0087DC,133,14955.171189,23.007956
1814,UNS 2024-08-23,2024-01-01,9,Democratic Unionist Party,#D46A4C,6,436.075878,0.670886
1814,UNS 2024-08-23,2024-01-01,6,Green,#6AB023,4,5101.343741,7.848221
1814,UNS 2024-08-23,2024-01-01,1,Labour,#E4003B,403,21239.563858,32.676252
1814,UNS 2024-08-23,2024-01-01,5,Liberal Democrats,#FAA61A,70,7084.185643,10.898747
1814,UNS 2024-08-23,2024-01-01,7,Other,#808080,8,1959.304491,3.014315
1814,UNS 2024-08-23,2024-01-01,3,Plaid Cymru,#005B54,3,294.457807,0.453012
1814,UNS 2024-08-23,2024-01-01,2,Reform UK,#12B6CF,10,11237.013201,17.287713
1814,UNS 2024-08-23,2024-01-01,12,SDLP,#2AA82C,2,223.765468,0.344255
1814,UNS 2024-08-23,2024-01-01,8,Scottish National Party,#FFF95D,2,1415.838479,2.178213
1814,UNS 2024-08-23,2024-01-01,13,Sinn Féin,#326760,7,528.288985,0.812752
1814,UNS 2024-08-23,2024-01-01,11,Ulster Unionist Party,#48A5EE,1,229.851610,0.353618
1815,UNS 2024-08-24,2024-01-01,10,Alliance,#F6CB2F,1,295.139650,0.454061
1815,UNS 2024-08-24,2024-01-01,4,Conservative,#0087DC,133,14955.171189,23.007956
1815,UNS 2024-08-24,2024-01-01,9,Democratic Unionist Party,#D46A4C,6,436.075878,0.670886
1815,UNS 2024-08-24,2024-01-01,6,Green,#6AB023,4,5101.343741,7.848221
1815,UNS 2024-08-24,2024-01-01,1,Labour,#E4003B,403,21239.563858,32.676252
1815,UNS 2024-08-24,2024-01-01,5,Liberal Democrats,#FAA61A,70,7084.185643,10.898747
1815,UNS 2024-08-24,2024-01-01,7,Other,#808080,8,1959.304491,3.014315
1815,UNS 2024-08-24,2024-01-01,3,Plaid Cymru,#005B54,3,294.457807,0.453012
1815,UNS 2024-08-24,2024-01-01,2,Reform UK,#12B6CF,10,11237.013201,17.287713
1815,UNS 2024-08-24,2024-01-01,12,SDLP,#2AA82C,2,223.765468,0.344255
1815,UNS 2024-08-24,2024-01-01,8,Scottish National Party,#FFF95D,2,1415.838479,2.178213
1815,UNS 2024-08-24,2024-01-01,13,Sinn Féin,#326760,7,528.288985,0.812752
1815,UNS 2024-08-24,2024-01-01,11,Ulster Unionist Party,#48A5EE,1,229.851610,0.353618
1816,UNS 2024-08-25,2024-01-01,10,Alliance,#F6CB2F,1,295.139650,0.454061
1816,UNS 2024-08-25,2024-01-01,4,Conservative,#0087DC,133,14955.171189,23.007956
1816,UNS 2024-08-25,2024-01-01,9,Democratic Unionist Party,#D46A4C,6,436.075878,0.670886
1816,UNS 2024-08-25,2024-01-01,6,Green,#6AB023,4,5101.343741,7.848221
1816,UNS 2024-08-25,2024-01-01,1,Labour,#E4003B,403,21239.563858,32.676252
1816,UNS 2024-08-25,2024-01-01,5,Liberal Democrats,#FAA61A,70,7084.185643,10.898747
1816,UNS 2024-08-25,2024-01-01,7,Other,#808080,8,1959.304491,3.014315
1816,UNS 2024-08-25,2024-01-01,3,Plaid Cymru,#005B54,3,294.457807,0.453012
1816,UNS 2024-08-25,2024-01-01,2,Reform UK,#12B6CF,10,11237.013201,17.287713
1816,UNS 2024-08-25,2024-01-01,12,SDLP,#2AA82C,2,223.765468,0.344255
1816,UNS 2024-08-25,2024-01-01,8,Scottish National Party,#FFF95D,2,1415.838479,2.178213
1816,UNS 2024-08-25,2024-01-01,13,Sinn Féin,#326760,7,528.288985,0.812752
1816,UNS 2024-08-25,2024-01-01,11,Ulster Unionist Party,#48A5EE,1,229.851610,0.353618
1817,UNS 2024-08-26,2024-01-01,10,Alliance,#F6CB2F,1,295.139650,0.454061
1817,UNS 2024-08-26,2024-01-01,4,Conservative,#0087DC,133,14955.171189,23.007956
1817,UNS 2024-08-26,2024-01-01,9,Democratic Unionist Party,#D46A4C,6,436.075878,0.670886
1817,UNS 2024-08-26,2024-01-01,6,Green,#6AB023,4,5101.343741,7.848221
1817,UNS 2024-08-26,2024-01-01,1,Labour,#E4003B,403,21239.563858,32.676252
1817,UNS 2024-08-26,2024-01-01,5,Liberal Democrats,#FAA61A,70,7084.185643,10.898747
1817,UNS 2024-08-26,2024-01-01,7,Other,#808080,8,1959.304491,3.014315
1817,UNS 2024-08-26,2024-01-01,3,Plaid Cymru,#005B54,3,294.457807,0.453012
1817,UNS 2024-08-26,2024-01-01,2,Reform UK,#12B6CF,10,11237.013201,17.287713
1817,UNS 2024-08-26,2024-01-01,12,SDLP,#2AA82C,2,223.765468,0.344255
1817,UNS 2024-08-26,2024-01-01,8,Scottish National Party,#FFF95D,2,1415.838479,2.178213
1817,UNS 2024-08-26,2024-01-01,13,Sinn Féin,#326760,7,528.288985,0.812752
1817,UNS 2024-08-26,2024-01-01,11,Ulster Unionist Party,#48A5EE,1,229.851610,0.353618
1818,UNS 2024-08-27,2024-01-01,10,Alliance,#F6CB2F,1,295.139650,0.454061
1818,UNS 2024-08-27,2024-01-01,4,Conservative,#0087DC,133,14955.171189,23.007956
1818,UNS 2024-08-27,2024-01-01,9,Democratic Unionist Party,#D46A4C,6,436.075878,0.670886
1818,UNS 2024-08-27,2024-01-01,6,Green,#6AB023,4,5101.343741,7.848221
1818,UNS 2024-08-27,2024-01-01,1,Labour,#E4003B,403,21239.563858,32.676252
1818,UNS 2024-08-27,2024-01-01,5,Liberal Democrats,#FAA61A,70,7084.185643,10.898747
1818,UNS 2024-08-27,2024-01-01,7,Other,#808080,8,1959.304491,3.014315
1818,UNS 2024-08-27,2024-01-01,3,Plaid Cymru,#005B54,3,294.457807,0.453012
1818,UNS 2024-08-27,2024-01-01,2,Reform UK,#12B6CF,10,11237.013201,17.287713
1818,UNS 2024-08-27,2024-01-01,12,SDLP,#2AA82C,2,223.765468,0.344255
1818,UNS 2024-08-27,2024-01-01,8,Scottish National Party,#FFF95D,2,1415.838479,2.178213
1818,UNS 2024-08-27,2024-01-01,13,Sinn Féin,#326760,7,528.288985,0.812752
1818,UNS 2024-08-27,2024-01-01,11,Ulster Unionist Party,#48A5EE,1,229.851610,0.353618
1819,UNS 2024-08-28,2024-01-01,10,Alliance,#F6CB2F,1,295.139650,0.454061
1819,UNS 2024-08-28,2024-01-01,4,Conservative,#0087DC,133,14955.171189,23.007956
1819,UNS 2024-08-28,2024-01-01,9,Democratic Unionist Party,#D46A4C,6,436.075878,0.670886
1819,UNS 2024-08-28,2024-01-01,6,Green,#6AB023,4,5101.343741,7.848221
1819,UNS 2024-08-28,2024-01-01,1,Labour,#E4003B,403,21239.563858,32.676252
1819,UNS 2024-08-28,2024-01-01,5,Liberal Democrats,#FAA61A,70,7084.185643,10.898747
1819,UNS 2024-08-28,2024-01-01,7,Other,#808080,8,1959.304491,3.014315
1819,UNS 2024-08-28,2024-01-01,3,Plaid Cymru,#005B54,3,294.457807,0.453012
1819,UNS 2024-08-28,2024-01-01,2,Reform UK,#12B6CF,10,11237.013201,17.287713
1819,UNS 2024-08-28,2024-01-01,12,SDLP,#2AA82C,2,223.765468,0.344255
1819,UNS 2024-08-28,2024-01-01,8,Scottish National Party,#FFF95D,2,1415.838479,2.178213
1819,UNS 2024-08-28,2024-01-01,13,Sinn Féin,#326760,7,528.288985,0.812752
1819,UNS 2024-08-28,2024-01-01,11,Ulster Unionist Party,#48A5EE,1,229.851610,0.353618
1820,UNS 2024-08-29,2024-01-01,10,Alliance,#F6CB2F,1,295.139650,0.454061
1820,UNS 2024-08-29,2024-01-01,4,Conservative,#0087DC,165,15721.883293,24.187513
1820,UNS 2024-08-29,2024-01-01,9,Democratic Unionist Party,#D46A4C,6,436.075878,0.670886
1820,UNS 2024-08-29,2024-01-01,6,Green,#6AB023,4,5129.021250,7.890802
1820,UNS 2024-08-29,2024-01-01,1,Labour,#E4003B,359,19928.063777,30.658560
1820,UNS 2024-08-29,2024-01-01,5,Liberal Democrats,#FAA61A,65,7053.162581,10.851019
1820,UNS 2024-08-29,2024-01-01,7,Other,#808080,8,1803.651399,2.774848
1820,UNS 2024-08-29,2024-01-01,3,Plaid Cymru,#005B54,3,334.706349,0.514933
1820,UNS 2024-08-29,2024-01-01,2,Reform UK,#12B6CF,22,11687.973097,17.981497
1820,UNS 2024-08-29,2024-01-01,12,SDLP,#2AA82C,2,223.765468,0.344255
1820,UNS 2024-08-29,2024-01-01,8,Scottish National Party,#FFF95D,7,1628.416665,2.505256
1820,UNS 2024-08-29,2024-01-01,13,Sinn Féin,#326760,7,528.288985,0.812752
1820,UNS 2024-08-29,2024-01-01,11,Ulster Unionist Party,#48A5EE,1,229.851610,0.353618
1821,UNS 2024-08-30,2024-01-01,10,Alliance,#F6CB2F,1,295.139650,0.454061
1821,UNS 2024-08-30,2024-01-01,4,Conservative,#0087DC,165,15721.883293,24.187513
1821,UNS 2024-08-30,2024-01-01,9,Democratic Unionist Party,#D46A4C,6,436.075878,0.670886
1821,UNS 2024-08-30,2024-01-01,6,Green,#6AB023,4,5129.021250,7.890802
1821,UNS 2024-08-30,2024-01-01,1,Labour,#E4003B,359,19928.063777,30.658560
1821,UNS 2024-08-30,2024-01-01,5,Liberal Democrats,#FAA61A,65,7053.162581,10.851019
1821,UNS 2024-08-30,2024-01-01,7,Other,#808080,8,1803.651399,2.774848
1821,UNS 2024-08-30,2024-01-01,3,Plaid Cymru,#005B54,3,334.706349,0.514933
1821,UNS 2024-08-30,2024-01-01,2,Reform UK,#12B6CF,22,11687.973097,17.981497
1821,UNS 2024-08-30,2024-01-01,12,SDLP,#2AA82C,2,223.765468,0.344255
1821,UNS 2024-08-30,2024-01-01,8,Scottish National Party,#FFF95D,7,1628.416665,2.505256
1821,UNS 2024-08-30,2024-01-01,13,Sinn Féin,#326760,7,528.288985,0.812752
1821,UNS 2024-08-30,2024-01-01,11,Ulster Unionist Party,#48A5EE,1,229.851610,0.353618
1822,UNS 2024-08-31,2024-01-01,10,Alliance,#F6CB2F,1,295.139650,0.454061
1822,UNS 2024-08-31,2024-01-01,4,Conservative,#0087DC,165,15721.883293,24.187513
1822,UNS 2024-08-31,2024-01-01,9,Democratic Unionist Party,#D46A4C,6,436.075878,0.670886
1822,UNS 2024-08-31,2024-01-01,6,Green,#6AB023,4,5129.021250,7.890802
1822,UNS 2024-08-31,2024-01-01,1,Labour,#E4003B,359,19928.063777,30.658560
1822,UNS 2024-08-31,2024-01-01,5,Liberal Democrats,#FAA61A,65,7053.162581,10.851019
1822,UNS 2024-08-31,2024-01-01,7,Other,#808080,8,1803.651399,2.774848
1822,UNS 2024-08-31,2024-01-01,3,Plaid Cymru,#005B54,3,334.706349,0.514933
1822,UNS 2024-08-31,2024-01-01,2,Reform UK,#12B6CF,22,11687.973097,17.981497
1822,UNS 2024-08-31,2024-01-01,12,SDLP,#2AA82C,2,223.765468,0.344255
1822,UNS 2024-08-31,2024-01-01,8,Scottish National Party,#FFF95D,7,1628.416665,2.505256
1822,UNS 2024-08-31,2024-01-01,13,Sinn Féin,#326760,7,528.288985,0.812752
1822,UNS 2024-08-31,2024-01-01,11,Ulster Unionist Party,#48A5EE,1,229.851610,0.353618
1823,UNS 2024-09-01,2024-01-01,10,Alliance,#F6CB2F,1,295.139650,0.454061
1823,UNS 2024-09-01,2024-01-01,4,Conservative,#0087DC,165,15721.883293,24.187513
1823,UNS 2024-09-01,2024-01-01,9,Democratic Unionist Party,#D46A4C,6,436.075878,0.670886
1823,UNS 2024-09-01,2024-01-01,6,Green,#6AB023,4,5129.021250,7.890802
1823,UNS 2024-09-01,2024-01-01,1,Labour,#E4003B,359,19928.063777,30.658560
1823,UNS 2024-09-01,2024-01-01,5,Liberal Democrats,#FAA61A,65,7053.162581,10.851019
1823,UNS 2024-09-01,2024-01-01,7,Other,#808080,8,1803.651399,2.774848
1823,UNS 2024-09-01,2024-01-01,3,Plaid Cymru,#005B54,3,334.706349,0.514933
1823,UNS 2024-09-01,2024-01-01,2,Reform UK,#12B6CF,22,11687.973097,17.981497
1823,UNS 2024-09-01,2024-01-01,12,SDLP,#2AA82C,2,223.765468,0.344255
1823,UNS 2024-09-01,2024-01-01,8,Scottish National Party,#FFF95D,7,1628.416665,2.505256
1823,UNS 2024-09-01,2024-01-01,13,Sinn Féin,#326760,7,528.288985,0.812752
1823,UNS 2024-09-01,2024-01-01,11,Ulster Unionist Party,#48A5EE,1,229.851610,0.353618
1824,UNS 2024-09-02,2024-01-01,10,Alliance,#F6CB2F,1,295.139650,0.454061
1824,UNS 2024-09-02,2024-01-01,4,Conservative,#0087DC,165,15721.883293,24.187513
1824,UNS 2024-09-02,2024-01-01,9,Democratic Unionist Party,#D46A4C,6,436.075878,0.670886
1824,UNS 2024-09-02,2024-01-01,6,Green,#6AB023,4,5129.021250,7.890802
1824,UNS 2024-09-02,2024-01-01,1,Labour,#E4003B,359,19928.063777,30.658560
1824,UNS 2024-09-02,2024-01-01,5,Liberal Democrats,#FAA61A,65,7053.162581,10.851019
1824,UNS 2024-09-02,2024-01-01,7,Other,#808080,8,1803.651399,2.774848
1824,UNS 2024-09-02,2024-01-01,3,Plaid Cymru,#005B54,3,334.706349,0.514933
1824,UNS 2024-09-02,2024-01-01,2,Reform UK,#12B6CF,22,11687.973097,17.981497
1824,UNS 2024-09-02,2024-01-01,12,SDLP,#2AA82C,2,223.765468,0.344255
1824,UNS 2024-09-02,2024-01-01,8,Scottish National Party,#FFF95D,7,1628.416665,2.505256
1824,UNS 2024-09-02,2024-01-01,13,Sinn Féin,#326760,7,528.288985,0.812752
1824,UNS 2024-09-02,2024-01-01,11,Ulster Unionist Party,#48A5EE,1,229.851610,0.353618
1825,UNS 2024-09-03,2024-01-01,10,Alliance,#F6CB2F,1,295.139650,0.454061
1825,UNS 2024-09-03,2024-01-01,4,Conservative,#0087DC,165,15721.883293,24.187513
1825,UNS 2024-09-03,2024-01-01,9,Democratic Unionist Party,#D46A4C,6,436.075878,0.670886
1825,UNS 2024-09-03,2024-01-01,6,Green,#6AB023,4,5129.021250,7.890802
1825,UNS 2024-09-03,2024-01-01,1,Labour,#E4003B,359,19928.063777,30.658560
1825,UNS 2024-09-03,2024-01-01,5,Liberal Democrats,#FAA61A,65,7053.162581,10.851019
1825,UNS 2024-09-03,2024-01-01,7,Other,#808080,8,1803.651399,2.774848
1825,UNS 2024-09-03,2024-01-01,3,Plaid Cymru,#005B54,3,334.706349,0.514933
1825,UNS 2024-09-03,2024-01-01,2,Reform UK,#12B6CF,22,11687.973097,17.981497
1825,UNS 2024-09-03,2024-01-01,12,SDLP,#2AA82C,2,223.765468,0.344255
1825,UNS 2024-09-03,2024-01-01,8,Scottish National Party,#FFF95D,7,1628.416665,2.505256
1825,UNS 2024-09-03,2024-01-01,13,Sinn Féin,#326760,7,528.288985,0.812752
1825,UNS 2024-09-03,2024-01-01,11,Ulster Unionist Party,#48A5EE,1,229.851610,0.353618
1826,UNS 2024-09-04,2024-01-01,10,Alliance,#F6CB2F,1,295.139650,0.454061
1826,UNS 2024-09-04,2024-01-01,4,Conservative,#0087DC,165,15721.883293,24.187513
1826,UNS 2024-09-04,2024-01-01,9,Democratic Unionist Party,#D46A4C,6,436.075878,0.670886
1826,UNS 2024-09-04,2024-01-01,6,Green,#6AB023,4,5129.021250,7.890802
1826,UNS 2024-09-04,2024-01-01,1,Labour,#E4003B,359,19928.063777,30.658560
1826,UNS 2024-09-04,2024-01-01,5,Liberal Democrats,#FAA61A,65,7053.162581,10.851019
1826,UNS 2024-09-04,2024-01-01,7,Other,#808080,8,1803.651399,2.774848
1826,UNS 2024-09-04,2024-01-01,3,Plaid Cymru,#005B54,3,334.706349,0.514933
1826,UNS 2024-09-04,2024-01-01,2,Reform UK,#12B6CF,22,11687.973097,17.981497
1826,UNS 2024-09-04,2024-01-01,12,SDLP,#2AA82C,2,223.765468,0.344255
1826,UNS 2024-09-04,2024-01-01,8,Scottish National Party,#FFF95D,7,1628.416665,2.505256
1826,UNS 2024-09-04,2024-01-01,13,Sinn Féin,#326760,7,528.288985,0.812752
1826,UNS 2024-09-04,2024-01-01,11,Ulster Unionist Party,#48A5EE,1,229.851610,0.353618
1827,UNS 2024-09-05,2024-01-01,10,Alliance,#F6CB2F,1,295.139650,0.454061
1827,UNS 2024-09-05,2024-01-01,4,Conservative,#0087DC,165,15721.883293,24.187513
1827,UNS 2024-09-05,2024-01-01,9,Democratic Unionist Party,#D46A4C,6,436.075878,0.670886
1827,UNS 2024-09-05,2024-01-01,6,Green,#6AB023,4,5129.021250,7.890802
1827,UNS 2024-09-05,2024-01-01,1,Labour,#E4003B,359,19928.063777,30.658560
1827,UNS 2024-09-05,2024-01-01,5,Liberal Democrats,#FAA61A,65,7053.162581,10.851019
1827,UNS 2024-09-05,2024-01-01,7,Other,#808080,8,1803.651399,2.774848
1827,UNS 2024-09-05,2024-01-01,3,Plaid Cymru,#005B54,3,334.706349,0.514933
1827,UNS 2024-09-05,2024-01-01,2,Reform UK,#12B6CF,22,11687.973097,17.981497
1827,UNS 2024-09-05,2024-01-01,12,SDLP,#2AA82C,2,223.765468,0.344255
1827,UNS 2024-09-05,2024-01-01,8,Scottish National Party,#FFF95D,7,1628.416665,2.505256
1827,UNS 2024-09-05,2024-01-01,13,Sinn Féin,#326760,7,528.288985,0.812752
1827,UNS 2024-09-05,2024-01-01,11,Ulster Unionist Party,#48A5EE,1,229.851610,0.353618
1828,UNS 2024-09-06,2024-01-01,10,Alliance,#F6CB2F,1,295.139650,0.454061
1828,UNS 2024-09-06,2024-01-01,4,Conservative,#0087DC,165,15721.883293,24.187513
1828,UNS 2024-09-06,2024-01-01,9,Democratic Unionist Party,#D46A4C,6,436.075878,0.670886
1828,UNS 2024-09-06,2024-01-01,6,Green,#6AB023,4,5129.021250,7.890802
1828,UNS 2024-09-06,2024-01-01,1,Labour,#E4003B,359,19928.063777,30.658560
1828,UNS 2024-09-06,2024-01-01,5,Liberal Democrats,#FAA61A,65,7053.162581,10.851019
1828,UNS 2024-09-06,2024-01-01,7,Other,#808080,8,1803.651399,2.774848
1828,UNS 2024-09-06,2024-01-01,3,Plaid Cymru,#005B54,3,334.706349,0.514933
1828,UNS 2024-09-06,2024-01-01,2,Reform UK,#12B6CF,22,11687.973097,17.981497
1828,UNS 2024-09-06,2024-01-01,12,SDLP,#2AA82C,2,223.765468,0.344255
1828,UNS 2024-09-06,2024-01-01,8,Scottish National Party,#FFF95D,7,1628.416665,2.505256
1828,UNS 2024-09-06,2024-01-01,13,Sinn Féin,#326760,7,528.288985,0.812752
1828,UNS 2024-09-06,2024-01-01,11,Ulster Unionist Party,#48A5EE,1,229.851610,0.353618
1829,UNS 2024-09-07,2024-01-01,10,Alliance,#F6CB2F,1,295.139650,0.454061
1829,UNS 2024-09-07,2024-01-01,4,Conservative,#0087DC,165,15721.883293,24.187513
1829,UNS 2024-09-07,2024-01-01,9,Democratic Unionist Party,#D46A4C,6,436.075878,0.670886
1829,UNS 2024-09-07,2024-01-01,6,Green,#6AB023,4,5129.021250,7.890802
1829,UNS 2024-09-07,2024-01-01,1,Labour,#E4003B,359,19928.063777,30.658560
1829,UNS 2024-09-07,2024-01-01,5,Liberal Democrats,#FAA61A,65,7053.162581,10.851019
1829,UNS 2024-09-07,2024-01-01,7,Other,#808080,8,1803.651399,2.774848
1829,UNS 2024-09-07,2024-01-01,3,Plaid Cymru,#005B54,3,334.706349,0.514933
1829,UNS 2024-09-07,2024-01-01,2,Reform UK,#12B6CF,22,11687.973097,17.981497
1829,UNS 2024-09-07,2024-01-01,12,SDLP,#2AA82C,2,223.765468,0.344255
1829,UNS 2024-09-07,2024-01-01,8,Scottish National Party,#FFF95D,7,1628.416665,2.505256
1829,UNS 2024-09-07,2024-01-01,13,Sinn Féin,#326760,7,528.288985,0.812752
1829,UNS 2024-09-07,2024-01-01,11,Ulster Unionist Party,#48A5EE,1,229.851610,0.353618
1830,UNS 2024-09-08,2024-01-01,10,Alliance,#F6CB2F,1,295.139650,0.454061
1830,UNS 2024-09-08,2024-01-01,4,Conservative,#0087DC,165,15721.883293,24.187513
1830,UNS 2024-09-08,2024-01-01,9,Democratic Unionist Party,#D46A4C,6,436.075878,0.670886
1830,UNS 2024-09-08,2024-01-01,6,Green,#6AB023,4,5129.021250,7.890802
1830,UNS 2024-09-08,2024-01-01,1,Labour,#E4003B,359,19928.063777,30.658560
1830,UNS 2024-09-08,2024-01-01,5,Liberal Democrats,#FAA61A,65,7053.162581,10.851019
1830,UNS 2024-09-08,2024-01-01,7,Other,#808080,8,1803.651399,2.774848
1830,UNS 2024-09-08,2024-01-01,3,Plaid Cymru,#005B54,3,334.706349,0.514933
1830,UNS 2024-09-08,2024-01-01,2,Reform UK,#12B6CF,22,11687.973097,17.981497
1830,UNS 2024-09-08,2024-01-01,12,SDLP,#2AA82C,2,223.765468,0.344255
1830,UNS 2024-09-08,2024-01-01,8,Scottish National Party,#FFF95D,7,1628.416665,2.505256
1830,UNS 2024-09-08,2024-01-01,13,Sinn Féin,#326760,7,528.288985,0.812752
1830,UNS 2024-09-08,2024-01-01,11,Ulster Unionist Party,#48A5EE,1,229.851610,0.353618
1831,UNS 2024-09-09,2024-01-01,10,Alliance,#F6CB2F,1,295.139650,0.454061
1831,UNS 2024-09-09,2024-01-01,4,Conservative,#0087DC,165,15721.883293,24.187513
1831,UNS 2024-09-09,2024-01-01,9,Democratic Unionist Party,#D46A4C,6,436.075878,0.670886
1831,UNS 2024-09-09,2024-01-01,6,Green,#6AB023,4,5129.021250,7.890802
1831,UNS 2024-09-09,2024-01-01,1,Labour,#E4003B,359,19928.063777,30.658560
1831,UNS 2024-09-09,2024-01-01,5,Liberal Democrats,#FAA61A,65,7053.162581,10.851019
1831,UNS 2024-09-09,2024-01-01,7,Other,#808080,8,1803.651399,2.774848
1831,UNS 2024-09-09,2024-01-01,3,Plaid Cymru,#005B54,3,334.706349,0.514933
1831,UNS 2024-09-09,2024-01-01,2,Reform UK,#12B6CF,22,11687.973097,17.981497
1831,UNS 2024-09-09,2024-01-01,12,SDLP,#2AA82C,2,223.765468,0.344255
1831,UNS 2024-09-09,2024-01-01,8,Scottish National Party,#FFF95D,7,1628.416665,2.505256
1831,UNS 2024-09-09,2024-01-01,13,Sinn Féin,#326760,7,528.288985,0.812752
1831,UNS 2024-09-09,2024-01-01,11,Ulster Unionist Party,#48A5EE,1,229.851610,0.353618
1832,UNS 2024-09-10,2024-01-01,10,Alliance,#F6CB2F,1,295.139650,0.454061
1832,UNS 2024-09-10,2024-01-01,4,Conservative,#0087DC,165,15721.883293,24.187513
1832,UNS 2024-09-10,2024-01-01,9,Democratic Unionist Party,#D46A4C,6,436.075878,0.670886
1832,UNS 2024-09-10,2024-01-01,6,Green,#6AB023,4,5129.021250,7.890802
1832,UNS 2024-09-10,2024-01-01,1,Labour,#E4003B,359,19928.063777,30.658560
1832,UNS 2024-09-10,2024-01-01,5,Liberal Democrats,#FAA61A,65,7053.162581,10.851019
1832,UNS 2024-09-10,2024-01-01,7,Other,#808080,8,1803.651399,2.774848
1832,UNS 2024-09-10,2024-01-01,3,Plaid Cymru,#005B54,3,334.706349,0.514933
1832,UNS 2024-09-10,2024-01-01,2,Reform UK,#12B6CF,22,11687.973097,17.981497
1832,UNS 2024-09-10,2024-01-01,12,SDLP,#2AA82C,2,223.765468,0.344255
1832,UNS 2024-09-10,2024-01-01,8,Scottish National Party,#FFF95D,7,1628.416665,2.505256
1832,UNS 2024-09-10,2024-01-01,13,Sinn Féin,#326760,7,528.288985,0.812752
1832,UNS 2024-09-10,2024-01-01,11,Ulster Unionist Party,#48A5EE,1,229.851610,0.353618
1833,UNS 2024-09-11,2024-01-01,10,Alliance,#F6CB2F,1,295.139650,0.454061
1833,UNS 2024-09-11,2024-01-01,4,Conservative,#0087DC,165,15721.883293,24.187513
1833,UNS 2024-09-11,2024-01-01,9,Democratic Unionist Party,#D46A4C,6,436.075878,0.670886
1833,UNS 2024-09-11,2024-01-01,6,Green,#6AB023,4,5129.021250,7.890802
1833,UNS 2024-09-11,2024-01-01,1,Labour,#E4003B,359,19928.063777,30.658560
1833,UNS 2024-09-11,2024-01-01,5,Liberal Democrats,#FAA61A,65,7053.162581,10.851019
1833,UNS 2024-09-11,2024-01-01,7,Other,#808080,8,1803.651399,2.774848
1833,UNS 2024-09-11,2024-01-01,3,Plaid Cymru,#005B54,3,334.706349,0.514933
1833,UNS 2024-09-11,2024-01-01,2,Reform UK,#12B6CF,22,11687.973097,17.981497
1833,UNS 2024-09-11,2024-01-01,12,SDLP,#2AA82C,2,223.765468,0.344255
1833,UNS 2024-09-11,2024-01-01,8,Scottish National Party,#FFF95D,7,1628.416665,2.505256
1833,UNS 2024-09-11,2024-01-01,13,Sinn Féin,#326760,7,528.288985,0.812752
1833,UNS 2024-09-11,2024-01-01,11,Ulster Unionist Party,#48A5EE,1,229.851610,0.353618
1834,UNS 2024-09-12,2024-01-01,10,Alliance,#F6CB2F,1,295.139650,0.454061
1834,UNS 2024-09-12,2024-01-01,4,Conservative,#0087DC,165,15721.883293,24.187513
1834,UNS 2024-09-12,2024-01-01,9,Democratic Unionist Party,#D46A4C,6,436.075878,0.670886
1834,UNS 2024-09-12,2024-01-01,6,Green,#6AB023,4,5129.021250,7.890802
1834,UNS 2024-09-12,2024-01-01,1,Labour,#E4003B,359,19928.063777,30.658560
1834,UNS 2024-09-12,2024-01-01,5,Liberal Democrats,#FAA61A,65,7053.162581,10.851019
1834,UNS 2024-09-12,2024-01-01,7,Other,#808080,8,1803.651399,2.774848
1834,UNS 2024-09-12,2024-01-01,3,Plaid Cymru,#005B54,3,334.706349,0.514933
1834,UNS 2024-09-12,2024-01-01,2,Reform UK,#12B6CF,22,11687.973097,17.981497
1834,UNS 2024-09-12,2024-01-01,12,SDLP,#2AA82C,2,223.765468,0.344255
1834,UNS 2024-09-12,2024-01-01,8,Scottish National Party,#FFF95D,7,1628.416665,2.505256
1834,UNS 2024-09-12,2024-01-01,13,Sinn Féin,#326760,7,528.288985,0.812752
1834,UNS 2024-09-12,2024-01-01,11,Ulster Unionist Party,#48A5EE,1,229.851610,0.353618
1835,UNS 2024-09-13,2024-01-01,10,Alliance,#F6CB2F,1,295.139650,0.454061
1835,UNS 2024-09-13,2024-01-01,4,Conservative,#0087DC,165,15721.883293,24.187513
1835,UNS 2024-09-13,2024-01-01,9,Democratic Unionist Party,#D46A4C,6,436.075878,0.670886
1835,UNS 2024-09-13,2024-01-01,6,Green,#6AB023,4,5129.021250,7.890802
1835,UNS 2024-09-13,2024-01-01,1,Labour,#E4003B,359,19928.063777,30.658560
1835,UNS 2024-09-13,2024-01-01,5,Liberal Democrats,#FAA61A,65,7053.162581,10.851019
1835,UNS 2024-09-13,2024-01-01,7,Other,#808080,8,1803.651399,2.774848
1835,UNS 2024-09-13,2024-01-01,3,Plaid Cymru,#005B54,3,334.706349,0.514933
1835,UNS 2024-09-13,2024-01-01,2,Reform UK,#12B6CF,22,11687.973097,17.981497
1835,UNS 2024-09-13,2024-01-01,12,SDLP,#2AA82C,2,223.765468,0.344255
1835,UNS 2024-09-13,2024-01-01,8,Scottish National Party,#FFF95D,7,1628.416665,2.505256
1835,UNS 2024-09-13,2024-01-01,13,Sinn Féin,#326760,7,528.288985,0.812752
1835,UNS 2024-09-13,2024-01-01,11,Ulster Unionist Party,#48A5EE,1,229.851610,0.353618
1836,UNS 2024-09-14,2024-01-01,10,Alliance,#F6CB2F,1,295.139650,0.454061
1836,UNS 2024-09-14,2024-01-01,4,Conservative,#0087DC,165,15721.883293,24.187513
1836,UNS 2024-09-14,2024-01-01,9,Democratic Unionist Party,#D46A4C,6,436.075878,0.670886
1836,UNS 2024-09-14,2024-01-01,6,Green,#6AB023,4,5129.021250,7.890802
1836,UNS 2024-09-14,2024-01-01,1,Labour,#E4003B,359,19928.063777,30.658560
1836,UNS 2024-09-14,2024-01-01,5,Liberal Democrats,#FAA61A,65,7053.162581,10.851019
1836,UNS 2024-09-14,2024-01-01,7,Other,#808080,8,1803.651399,2.774848
1836,UNS 2024-09-14,2024-01-01,3,Plaid Cymru,#005B54,3,334.706349,0.514933
1836,UNS 2024-09-14,2024-01-01,2,Reform UK,#12B6CF,22,11687.973097,17.981497
1836,UNS 2024-09-14,2024-01-01,12,SDLP,#2AA82C,2,223.765468,0.344255
1836,UNS 2024-09-14,2024-01-01,8,Scottish National Party,#FFF95D,7,1628.416665,2.505256
1836,UNS 2024-09-14,2024-01-01,13,Sinn Féin,#326760,7,528.288985,0.812752
1836,UNS 2024-09-14,2024-01-01,11,Ulster Unionist Party,#48A5EE,1,229.851610,0.353618
1837,UNS 2024-09-15,2024-01-01,10,Alliance,#F6CB2F,1,295.139650,0.454061
1837,UNS 2024-09-15,2024-01-01,4,Conservative,#0087DC,165,15721.883293,24.187513
1837,UNS 2024-09-15,2024-01-01,9,Democratic Unionist Party,#D46A4C,6,436.075878,0.670886
1837,UNS 2024-09-15,2024-01-01,6,Green,#6AB023,4,5129.021250,7.890802
1837,UNS 2024-09-15,2024-01-01,1,Labour,#E4003B,359,19928.063777,30.658560
1837,UNS 2024-09-15,2024-01-01,5,Liberal Democrats,#FAA61A,65,7053.162581,10.851019
1837,UNS 2024-09-15,2024-01-01,7,Other,#808080,8,1803.651399,2.774848
1837,UNS 2024-09-15,2024-01-01,3,Plaid Cymru,#005B54,3,334.706349,0.514933
1837,UNS 2024-09-15,2024-01-01,2,Reform UK,#12B6CF,22,11687.973097,17.981497
1837,UNS 2024-09-15,2024-01-01,12,SDLP,#2AA82C,2,223.765468,0.344255
1837,UNS 2024-09-15,2024-01-01,8,Scottish National Party,#FFF95D,7,1628.416665,2.505256
1837,UNS 2024-09-15,2024-01-01,13,Sinn Féin,#326760,7,528.288985,0.812752
1837,UNS 2024-09-15,2024-01-01,11,Ulster Unionist Party,#48A5EE,1,229.851610,0.353618
1838,UNS 2024-09-16,2024-01-01,10,Alliance,#F6CB2F,1,295.139650,0.454061
1838,UNS 2024-09-16,2024-01-01,4,Conservative,#0087DC,165,15721.883293,24.187513
1838,UNS 2024-09-16,2024-01-01,9,Democratic Unionist Party,#D46A4C,6,436.075878,0.670886
1838,UNS 2024-09-16,2024-01-01,6,Green,#6AB023,4,5129.021250,7.890802
1838,UNS 2024-09-16,2024-01-01,1,Labour,#E4003B,359,19928.063777,30.658560
1838,UNS 2024-09-16,2024-01-01,5,Liberal Democrats,#FAA61A,65,7053.162581,10.851019
1838,UNS 2024-09-16,2024-01-01,7,Other,#808080,8,1803.651399,2.774848
1838,UNS 2024-09-16,2024-01-01,3,Plaid Cymru,#005B54,3,334.706349,0.514933
1838,UNS 2024-09-16,2024-01-01,2,Reform UK,#12B6CF,22,11687.973097,17.981497
1838,UNS 2024-09-16,2024-01-01,12,SDLP,#2AA82C,2,223.765468,0.344255
1838,UNS 2024-09-16,2024-01-01,8,Scottish National Party,#FFF95D,7,1628.416665,2.505256
1838,UNS 2024-09-16,2024-01-01,13,Sinn Féin,#326760,7,528.288985,0.812752
1838,UNS 2024-09-16,2024-01-01,11,Ulster Unionist Party,#48A5EE,1,229.851610,0.353618
1839,UNS 2024-09-17,2024-01-01,10,Alliance,#F6CB2F,1,295.139650,0.454061
1839,UNS 2024-09-17,2024-01-01,4,Conservative,#0087DC,165,15721.883293,24.187513
1839,UNS 2024-09-17,2024-01-01,9,Democratic Unionist Party,#D46A4C,6,436.075878,0.670886
1839,UNS 2024-09-17,2024-01-01,6,Green,#6AB023,4,5129.021250,7.890802
1839,UNS 2024-09-17,2024-01-01,1,Labour,#E4003B,359,19928.063777,30.658560
1839,UNS 2024-09-17,2024-01-01,5,Liberal Democrats,#FAA61A,65,7053.162581,10.851019
1839,UNS 2024-09-17,2024-01-01,7,Other,#808080,8,1803.651399,2.774848
1839,UNS 2024-09-17,2024-01-01,3,Plaid Cymru,#005B54,3,334.706349,0.514933
1839,UNS 2024-09-17,2024-01-01,2,Reform UK,#12B6CF,22,11687.973097,17.981497
1839,UNS 2024-09-17,2024-01-01,12,SDLP,#2AA82C,2,223.765468,0.344255
1839,UNS 2024-09-17,2024-01-01,8,Scottish National Party,#FFF95D,7,1628.416665,2.505256
1839,UNS 2024-09-17,2024-01-01,13,Sinn Féin,#326760,7,528.288985,0.812752
1839,UNS 2024-09-17,2024-01-01,11,Ulster Unionist Party,#48A5EE,1,229.851610,0.353618
1840,UNS 2024-09-18,2024-01-01,10,Alliance,#F6CB2F,1,295.139650,0.454061
1840,UNS 2024-09-18,2024-01-01,4,Conservative,#0087DC,165,15721.883293,24.187513
1840,UNS 2024-09-18,2024-01-01,9,Democratic Unionist Party,#D46A4C,6,436.075878,0.670886
1840,UNS 2024-09-18,2024-01-01,6,Green,#6AB023,4,5129.021250,7.890802
1840,UNS 2024-09-18,2024-01-01,1,Labour,#E4003B,359,19928.063777,30.658560
1840,UNS 2024-09-18,2024-01-01,5,Liberal Democrats,#FAA61A,65,7053.162581,10.851019
1840,UNS 2024-09-18,2024-01-01,7,Other,#808080,8,1803.651399,2.774848
1840,UNS 2024-09-18,2024-01-01,3,Plaid Cymru,#005B54,3,334.706349,0.514933
1840,UNS 2024-09-18,2024-01-01,2,Reform UK,#12B6CF,22,11687.973097,17.981497
1840,UNS 2024-09-18,2024-01-01,12,SDLP,#2AA82C,2,223.765468,0.344255
1840,UNS 2024-09-18,2024-01-01,8,Scottish National Party,#FFF95D,7,1628.416665,2.505256
1840,UNS 2024-09-18,2024-01-01,13,Sinn Féin,#326760,7,528.288985,0.812752
1840,UNS 2024-09-18,2024-01-01,11,Ulster Unionist Party,#48A5EE,1,229.851610,0.353618
1841,UNS 2024-09-19,2024-01-01,10,Alliance,#F6CB2F,1,295.139650,0.454061
1841,UNS 2024-09-19,2024-01-01,4,Conservative,#0087DC,165,15721.883293,24.187513
1841,UNS 2024-09-19,2024-01-01,9,Democratic Unionist Party,#D46A4C,6,436.075878,0.670886
1841,UNS 2024-09-19,2024-01-01,6,Green,#6AB023,4,5129.021250,7.890802
1841,UNS 2024-09-19,2024-01-01,1,Labour,#E4003B,359,19928.063777,30.658560
1841,UNS 2024-09-19,2024-01-01,5,Liberal Democrats,#FAA61A,65,7053.162581,10.851019
1841,UNS 2024-09-19,2024-01-01,7,Other,#808080,8,1803.651399,2.774848
1841,UNS 2024-09-19,2024-01-01,3,Plaid Cymru,#005B54,3,334.706349,0.514933
1841,UNS 2024-09-19,2024-01-01,2,Reform UK,#12B6CF,22,11687.973097,17.981497
1841,UNS 2024-09-19,2024-01-01,12,SDLP,#2AA82C,2,223.765468,0.344255
1841,UNS 2024-09-19,2024-01-01,8,Scottish National Party,#FFF95D,7,1628.416665,2.505256
1841,UNS 2024-09-19,2024-01-01,13,Sinn Féin,#326760,7,528.288985,0.812752
1841,UNS 2024-09-19,2024-01-01,11,Ulster Unionist Party,#48A5EE,1,229.851610,0.353618
1842,UNS 2024-09-20,2024-01-01,10,Alliance,#F6CB2F,1,295.139650,0.454061
1842,UNS 2024-09-20,2024-01-01,4,Conservative,#0087DC,165,15721.883293,24.187513
1842,UNS 2024-09-20,2024-01-01,9,Democratic Unionist Party,#D46A4C,6,436.075878,0.670886
1842,UNS 2024-09-20,2024-01-01,6,Green,#6AB023,4,5129.021250,7.890802
1842,UNS 2024-09-20,2024-01-01,1,Labour,#E4003B,359,19928.063777,30.658560
1842,UNS 2024-09-20,2024-01-01,5,Liberal Democrats,#FAA61A,65,7053.162581,10.851019
1842,UNS 2024-09-20,2024-01-01,7,Other,#808080,8,1803.651399,2.774848
1842,UNS 2024-09-20,2024-01-01,3,Plaid Cymru,#005B54,3,334.706349,0.514933
1842,UNS 2024-09-20,2024-01-01,2,Reform UK,#12B6CF,22,11687.973097,17.981497
1842,UNS 2024-09-20,2024-01-01,12,SDLP,#2AA82C,2,223.765468,0.344255
1842,UNS 2024-09-20,2024-01-01,8,Scottish National Party,#FFF95D,7,1628.416665,2.505256
1842,UNS 2024-09-20,2024-01-01,13,Sinn Féin,#326760,7,528.288985,0.812752
1842,UNS 2024-09-20,2024-01-01,11,Ulster Unionist Party,#48A5EE,1,229.851610,0.353618
1843,UNS 2024-09-21,2024-01-01,10,Alliance,#F6CB2F,1,295.139650,0.454061
1843,UNS 2024-09-21,2024-01-01,4,Conservative,#0087DC,165,15721.883293,24.187513
1843,UNS 2024-09-21,2024-01-01,9,Democratic Unionist Party,#D46A4C,6,436.075878,0.670886
1843,UNS 2024-09-21,2024-01-01,6,Green,#6AB023,4,5129.021250,7.890802
1843,UNS 2024-09-21,2024-01-01,1,Labour,#E4003B,359,19928.063777,30.658560
1843,UNS 2024-09-21,2024-01-01,5,Liberal Democrats,#FAA61A,65,7053.162581,10.851019
1843,UNS 2024-09-21,2024-01-01,7,Other,#808080,8,1803.651399,2.774848
1843,UNS 2024-09-21,2024-01-01,3,Plaid Cymru,#005B54,3,334.706349,0.514933
1843,UNS 2024-09-21,2024-01-01,2,Reform UK,#12B6CF,22,11687.973097,17.981497
1843,UNS 2024-09-21,2024-01-01,12,SDLP,#2AA82C,2,223.765468,0.344255
1843,UNS 2024-09-21,2024-01-01,8,Scottish National Party,#FFF95D,7,1628.416665,2.505256
1843,UNS 2024-09-21,2024-01-01,13,Sinn Féin,#326760,7,528.288985,0.812752
1843,UNS 2024-09-21,2024-01-01,11,Ulster Unionist Party,#48A5EE,1,229.851610,0.353618
1844,UNS 2024-09-22,2024-01-01,10,Alliance,#F6CB2F,1,295.139650,0.454061
1844,UNS 2024-09-22,2024-01-01,4,Conservative,#0087DC,165,15721.883293,24.187513
1844,UNS 2024-09-22,2024-01-01,9,Democratic Unionist Party,#D46A4C,6,436.075878,0.670886
1844,UNS 2024-09-22,2024-01-01,6,Green,#6AB023,4,5129.021250,7.890802
1844,UNS 2024-09-22,2024-01-01,1,Labour,#E4003B,359,19928.063777,30.658560
1844,UNS 2024-09-22,2024-01-01,5,Liberal Democrats,#FAA61A,65,7053.162581,10.851019
1844,UNS 2024-09-22,2024-01-01,7,Other,#808080,8,1803.651399,2.774848
1844,UNS 2024-09-22,2024-01-01,3,Plaid Cymru,#005B54,3,334.706349,0.514933
1844,UNS 2024-09-22,2024-01-01,2,Reform UK,#12B6CF,22,11687.973097,17.981497
1844,UNS 2024-09-22,2024-01-01,12,SDLP,#2AA82C,2,223.765468,0.344255
1844,UNS 2024-09-22,2024-01-01,8,Scottish National Party,#FFF95D,7,1628.416665,2.505256
1844,UNS 2024-09-22,2024-01-01,13,Sinn Féin,#326760,7,528.288985,0.812752
1844,UNS 2024-09-22,2024-01-01,11,Ulster Unionist Party,#48A5EE,1,229.851610,0.353618
1845,UNS 2024-09-23,2024-01-01,10,Alliance,#F6CB2F,1,295.139650,0.454061
1845,UNS 2024-09-23,2024-01-01,4,Conservative,#0087DC,165,15721.883293,24.187513
1845,UNS 2024-09-23,2024-01-01,9,Democratic Unionist Party,#D46A4C,6,436.075878,0.670886
1845,UNS 2024-09-23,2024-01-01,6,Green,#6AB023,4,5129.021250,7.890802
1845,UNS 2024-09-23,2024-01-01,1,Labour,#E4003B,359,19928.063777,30.658560
1845,UNS 2024-09-23,2024-01-01,5,Liberal Democrats,#FAA61A,65,7053.162581,10.851019
1845,UNS 2024-09-23,2024-01-01,7,Other,#808080,8,1803.651399,2.774848
1845,UNS 2024-09-23,2024-01-01,3,Plaid Cymru,#005B54,3,334.706349,0.514933
1845,UNS 2024-09-23,2024-01-01,2,Reform UK,#12B6CF,22,11687.973097,17.981497
1845,UNS 2024-09-23,2024-01-01,12,SDLP,#2AA82C,2,223.765468,0.344255
1845,UNS 2024-09-23,2024-01-01,8,Scottish National Party,#FFF95D,7,1628.416665,2.505256
1845,UNS 2024-09-23,2024-01-01,13,Sinn Féin,#326760,7,528.288985,0.812752
1845,UNS 2024-09-23,2024-01-01,11,Ulster Unionist Party,#48A5EE,1,229.851610,0.353618
1846,UNS 2024-09-24,2024-01-01,10,Alliance,#F6CB2F,1,295.139650,0.454061
1846,UNS 2024-09-24,2024-01-01,4,Conservative,#0087DC,165,15721.883293,24.187513
1846,UNS 2024-09-24,2024-01-01,9,Democratic Unionist Party,#D46A4C,6,436.075878,0.670886
1846,UNS 2024-09-24,2024-01-01,6,Green,#6AB023,4,5129.021250,7.890802
1846,UNS 2024-09-24,2024-01-01,1,Labour,#E4003B,359,19928.063777,30.658560
1846,UNS 2024-09-24,2024-01-01,5,Liberal Democrats,#FAA61A,65,7053.162581,10.851019
1846,UNS 2024-09-24,2024-01-01,7,Other,#808080,8,1803.651399,2.774848
1846,UNS 2024-09-24,2024-01-01,3,Plaid Cymru,#005B54,3,334.706349,0.514933
1846,UNS 2024-09-24,2024-01-01,2,Reform UK,#12B6CF,22,11687.973097,17.981497
1846,UNS 2024-09-24,2024-01-01,12,SDLP,#2AA82C,2,223.765468,0.344255
1846,UNS 2024-09-24,2024-01-01,8,Scottish National Party,#FFF95D,7,1628.416665,2.505256
1846,UNS 2024-09-24,2024-01-01,13,Sinn Féin,#326760,7,528.288985,0.812752
1846,UNS 2024-09-24,2024-01-01,11,Ulster Unionist Party,#48A5EE,1,229.851610,0.353618
1847,UNS 2024-09-25,2024-01-01,10,Alliance,#F6CB2F,1,295.139650,0.454061
1847,UNS 2024-09-25,2024-01-01,4,Conservative,#0087DC,165,15721.883293,24.187513
1847,UNS 2024-09-25,2024-01-01,9,Democratic Unionist Party,#D46A4C,6,436.075878,0.670886
1847,UNS 2024-09-25,2024-01-01,6,Green,#6AB023,4,5129.021250,7.890802
1847,UNS 2024-09-25,2024-01-01,1,Labour,#E4003B,359,19928.063777,30.658560
1847,UNS 2024-09-25,2024-01-01,5,Liberal Democrats,#FAA61A,65,7053.162581,10.851019
1847,UNS 2024-09-25,2024-01-01,7,Other,#808080,8,1803.651399,2.774848
1847,UNS 2024-09-25,2024-01-01,3,Plaid Cymru,#005B54,3,334.706349,0.514933
1847,UNS 2024-09-25,2024-01-01,2,Reform UK,#12B6CF,22,11687.973097,17.981497
1847,UNS 2024-09-25,2024-01-01,12,SDLP,#2AA82C,2,223.765468,0.344255
1847,UNS 2024-09-25,2024-01-01,8,Scottish National Party,#FFF95D,7,1628.416665,2.505256
1847,UNS 2024-09-25,2024-01-01,13,Sinn Féin,#326760,7,528.288985,0.812752
1847,UNS 2024-09-25,2024-01-01,11,Ulster Unionist Party,#48A5EE,1,229.851610,0.353618
1848,UNS 2024-09-26,2024-01-01,10,Alliance,#F6CB2F,1,295.139650,0.454061
1848,UNS 2024-09-26,2024-01-01,4,Conservative,#0087DC,165,15721.883293,24.187513
1848,UNS 2024-09-26,2024-01-01,9,Democratic Unionist Party,#D46A4C,6,436.075878,0.670886
1848,UNS 2024-09-26,2024-01-01,6,Green,#6AB023,4,5129.021250,7.890802
1848,UNS 2024-09-26,2024-01-01,1,Labour,#E4003B,359,19928.063777,30.658560
1848,UNS 2024-09-26,2024-01-01,5,Liberal Democrats,#FAA61A,65,7053.162581,10.851019
1848,UNS 2024-09-26,2024-01-01,7,Other,#808080,8,1803.651399,2.774848
1848,UNS 2024-09-26,2024-01-01,3,Plaid Cymru,#005B54,3,334.706349,0.514933
1848,UNS 2024-09-26,2024-01-01,2,Reform UK,#12B6CF,22,11687.973097,17.981497
1848,UNS 2024-09-26,2024-01-01,12,SDLP,#2AA82C,2,223.765468,0.344255
1848,UNS 2024-09-26,2024-01-01,8,Scottish National Party,#FFF95D,7,1628.416665,2.505256
1848,UNS 2024-09-26,2024-01-01,13,Sinn Féin,#326760,7,528.288985,0.812752
1848,UNS 2024-09-26,2024-01-01,11,Ulster Unionist Party,#48A5EE,1,229.851610,0.353618
1849,UNS 2024-09-27,2024-01-01,10,Alliance,#F6CB2F,1,295.139650,0.454061
1849,UNS 2024-09-27,2024-01-01,4,Conservative,#0087DC,165,15721.883293,24.187513
1849,UNS 2024-09-27,2024-01-01,9,Democratic Unionist Party,#D46A4C,6,436.075878,0.670886
1849,UNS 2024-09-27,2024-01-01,6,Green,#6AB023,4,5129.021250,7.890802
1849,UNS 2024-09-27,2024-01-01,1,Labour,#E4003B,359,19928.063777,30.658560
1849,UNS 2024-09-27,2024-01-01,5,Liberal Democrats,#FAA61A,65,7053.162581,10.851019
1849,UNS 2024-09-27,2024-01-01,7,Other,#808080,8,1803.651399,2.774848
1849,UNS 2024-09-27,2024-01-01,3,Plaid Cymru,#005B54,3,334.706349,0.514933
1849,UNS 2024-09-27,2024-01-01,2,Reform UK,#12B6CF,22,11687.973097,17.981497
1849,UNS 2024-09-27,2024-01-01,12,SDLP,#2AA82C,2,223.765468,0.344255
1849,UNS 2024-09-27,2024-01-01,8,Scottish National Party,#FFF95D,7,1628.416665,2.505256
1849,UNS 2024-09-27,2024-01-01,13,Sinn Féin,#326760,7,528.288985,0.812752
1849,UNS 2024-09-27,2024-01-01,11,Ulster Unionist Party,#48A5EE,1,229.851610,0.353618
1850,UNS 2024-09-28,2024-01-01,10,Alliance,#F6CB2F,1,295.139650,0.454061
1850,UNS 2024-09-28,2024-01-01,4,Conservative,#0087DC,165,15721.883293,24.187513
1850,UNS 2024-09-28,2024-01-01,9,Democratic Unionist Party,#D46A4C,6,436.075878,0.670886
1850,UNS 2024-09-28,2024-01-01,6,Green,#6AB023,4,5129.021250,7.890802
1850,UNS 2024-09-28,2024-01-01,1,Labour,#E4003B,359,19928.063777,30.658560
1850,UNS 2024-09-28,2024-01-01,5,Liberal Democrats,#FAA61A,65,7053.162581,10.851019
1850,UNS 2024-09-28,2024-01-01,7,Other,#808080,8,1803.651399,2.774848
1850,UNS 2024-09-28,2024-01-01,3,Plaid Cymru,#005B54,3,334.706349,0.514933
1850,UNS 2024-09-28,2024-01-01,2,Reform UK,#12B6CF,22,11687.973097,17.981497
1850,UNS 2024-09-28,2024-01-01,12,SDLP,#2AA82C,2,223.765468,0.344255
1850,UNS 2024-09-28,2024-01-01,8,Scottish National Party,#FFF95D,7,1628.416665,2.505256
1850,UNS 2024-09-28,2024-01-01,13,Sinn Féin,#326760,7,528.288985,0.812752
1850,UNS 2024-09-28,2024-01-01,11,Ulster Unionist Party,#48A5EE,1,229.851610,0.353618
1851,UNS 2024-09-29,2024-01-01,10,Alliance,#F6CB2F,1,295.139650,0.454061
1851,UNS 2024-09-29,2024-01-01,4,Conservative,#0087DC,165,15721.883293,24.187513
1851,UNS 2024-09-29,2024-01-01,9,Democratic Unionist Party,#D46A4C,6,436.075878,0.670886
1851,UNS 2024-09-29,2024-01-01,6,Green,#6AB023,4,5129.021250,7.890802
1851,UNS 2024-09-29,2024-01-01,1,Labour,#E4003B,359,19928.063777,30.658560
1851,UNS 2024-09-29,2024-01-01,5,Liberal Democrats,#FAA61A,65,7053.162581,10.851019
1851,UNS 2024-09-29,2024-01-01,7,Other,#808080,8,1803.651399,2.774848
1851,UNS 2024-09-29,2024-01-01,3,Plaid Cymru,#005B54,3,334.706349,0.514933
1851,UNS 2024-09-29,2024-01-01,2,Reform UK,#12B6CF,22,11687.973097,17.981497
1851,UNS 2024-09-29,2024-01-01,12,SDLP,#2AA82C,2,223.765468,0.344255
1851,UNS 2024-09-29,2024-01-01,8,Scottish National Party,#FFF95D,7,1628.416665,2.505256
1851,UNS 2024-09-29,2024-01-01,13,Sinn Féin,#326760,7,528.288985,0.812752
1851,UNS 2024-09-29,2024-01-01,11,Ulster Unionist Party,#48A5EE,1,229.851610,0.353618
1852,UNS 2024-09-30,2024-01-01,10,Alliance,#F6CB2F,1,295.139650,0.454061
1852,UNS 2024-09-30,2024-01-01,4,Conservative,#0087DC,165,15721.883293,24.187513
1852,UNS 2024-09-30,2024-01-01,9,Democratic Unionist Party,#D46A4C,6,436.075878,0.670886
1852,UNS 2024-09-30,2024-01-01,6,Green,#6AB023,4,5129.021250,7.890802
1852,UNS 2024-09-30,2024-01-01,1,Labour,#E4003B,359,19928.063777,30.658560
1852,UNS 2024-09-30,2024-01-01,5,Liberal Democrats,#FAA61A,65,7053.162581,10.851019
1852,UNS 2024-09-30,2024-01-01,7,Other,#808080,8,1803.651399,2.774848
1852,UNS 2024-09-30,2024-01-01,3,Plaid Cymru,#005B54,3,334.706349,0.514933
1852,UNS 2024-09-30,2024-01-01,2,Reform UK,#12B6CF,22,11687.973097,17.981497
1852,UNS 2024-09-30,2024-01-01,12,SDLP,#2AA82C,2,223.765468,0.344255
1852,UNS 2024-09-30,2024-01-01,8,Scottish National Party,#FFF95D,7,1628.416665,2.505256
1852,UNS 2024-09-30,2024-01-01,13,Sinn Féin,#326760,7,528.288985,0.812752
1852,UNS 2024-09-30,2024-01-01,11,Ulster Unionist Party,#48A5EE,1,229.851610,0.353618
1853,UNS 2024-10-01,2024-01-01,10,Alliance,#F6CB2F,1,295.139650,0.454061
1853,UNS 2024-10-01,2024-01-01,4,Conservative,#0087DC,165,15721.883293,24.187513
1853,UNS 2024-10-01,2024-01-01,9,Democratic Unionist Party,#D46A4C,6,436.075878,0.670886
1853,UNS 2024-10-01,2024-01-01,6,Green,#6AB023,4,5129.021250,7.890802
1853,UNS 2024-10-01,2024-01-01,1,Labour,#E4003B,359,19928.063777,30.658560
1853,UNS 2024-10-01,2024-01-01,5,Liberal Democrats,#FAA61A,65,7053.162581,10.851019
1853,UNS 2024-10-01,2024-01-01,7,Other,#808080,8,1803.651399,2.774848
1853,UNS 2024-10-01,2024-01-01,3,Plaid Cymru,#005B54,3,334.706349,0.514933
1853,UNS 2024-10-01,2024-01-01,2,Reform UK,#12B6CF,22,11687.973097,17.981497
1853,UNS 2024-10-01,2024-01-01,12,SDLP,#2AA82C,2,223.765468,0.344255
1853,UNS 2024-10-01,2024-01-01,8,Scottish National Party,#FFF95D,7,1628.416665,2.505256
1853,UNS 2024-10-01,2024-01-01,13,Sinn Féin,#326760,7,528.288985,0.812752
1853,UNS 2024-10-01,2024-01-01,11,Ulster Unionist Party,#48A5EE,1,229.851610,0.353618
1854,UNS 2024-10-02,2024-01-01,10,Alliance,#F6CB2F,1,295.139650,0.454061
1854,UNS 2024-10-02,2024-01-01,4,Conservative,#0087DC,165,15721.883293,24.187513
1854,UNS 2024-10-02,2024-01-01,9,Democratic Unionist Party,#D46A4C,6,436.075878,0.670886
1854,UNS 2024-10-02,2024-01-01,6,Green,#6AB023,4,5129.021250,7.890802
1854,UNS 2024-10-02,2024-01-01,1,Labour,#E4003B,359,19928.063777,30.658560
1854,UNS 2024-10-02,2024-01-01,5,Liberal Democrats,#FAA61A,65,7053.162581,10.851019
1854,UNS 2024-10-02,2024-01-01,7,Other,#808080,8,1803.651399,2.774848
1854,UNS 2024-10-02,2024-01-01,3,Plaid Cymru,#005B54,3,334.706349,0.514933
1854,UNS 2024-10-02,2024-01-01,2,Reform UK,#12B6CF,22,11687.973097,17.981497
1854,UNS 2024-10-02,2024-01-01,12,SDLP,#2AA82C,2,223.765468,0.344255
1854,UNS 2024-10-02,2024-01-01,8,Scottish National Party,#FFF95D,7,1628.416665,2.505256
1854,UNS 2024-10-02,2024-01-01,13,Sinn Féin,#326760,7,528.288985,0.812752
1854,UNS 2024-10-02,2024-01-01,11,Ulster Unionist Party,#48A5EE,1,229.851610,0.353618
1855,UNS 2024-10-03,2024-01-01,10,Alliance,#F6CB2F,1,295.139650,0.454061
1855,UNS 2024-10-03,2024-01-01,4,Conservative,#0087DC,165,15525.751510,23.885772
1855,UNS 2024-10-03,2024-01-01,9,Democratic Unionist Party,#D46A4C,6,436.075878,0.670886
1855,UNS 2024-10-03,2024-01-01,6,Green,#6AB023,5,4891.267242,7.525027
1855,UNS 2024-10-03,2024-01-01,1,Labour,#E4003B,350,19585.239607,30.131138
1855,UNS 2024-10-03,2024-01-01,5,Liberal Democrats,#FAA61A,66,7497.741005,11.534986
1855,UNS 2024-10-03,2024-01-01,7,Other,#808080,8,1657.050134,2.549308
1855,UNS 2024-10-03,2024-01-01,3,Plaid Cymru,#005B54,3,314.880249,0.484431
1855,UNS 2024-10-03,2024-01-01,2,Reform UK,#12B6CF,28,12183.176557,18.743349
1855,UNS 2024-10-03,2024-01-01,12,SDLP,#2AA82C,2,223.765468,0.344255
1855,UNS 2024-10-03,2024-01-01,8,Scottish National Party,#FFF95D,8,1631.772105,2.510419
1855,UNS 2024-10-03,2024-01-01,13,Sinn Féin,#326760,7,528.288985,0.812752
1855,UNS 2024-10-03,2024-01-01,11,Ulster Unionist Party,#48A5EE,1,229.851610,0.353618
1856,UNS 2024-10-04,2024-01-01,10,Alliance,#F6CB2F,1,295.139650,0.454061
1856,UNS 2024-10-04,2024-01-01,4,Conservative,#0087DC,167,15350.590918,23.616294
1856,UNS 2024-10-04,2024-01-01,9,Democratic Unionist Party,#D46A4C,6,436.075878,0.670886
1856,UNS 2024-10-04,2024-01-01,6,Green,#6AB023,4,5040.815945,7.755101
1856,UNS 2024-10-04,2024-01-01,1,Labour,#E4003B,369,19846.968213,30.533797
1856,UNS 2024-10-04,2024-01-01,5,Liberal Democrats,#FAA61A,63,7362.836905,11.327441
1856,UNS 2024-10-04,2024-01-01,7,Other,#808080,8,1687.833470,2.596667
1856,UNS 2024-10-04,2024-01-01,3,Plaid Cymru,#005B54,3,238.312950,0.366635
1856,UNS 2024-10-04,2024-01-01,2,Reform UK,#12B6CF,18,12607.758722,19.396552
1856,UNS 2024-10-04,2024-01-01,12,SDLP,#2AA82C,2,223.765468,0.344255
1856,UNS 2024-10-04,2024-01-01,8,Scottish National Party,#FFF95D,1,1151.761287,1.771940
1856,UNS 2024-10-04,2024-01-01,13,Sinn Féin,#326760,7,528.288985,0.812752
1856,UNS 2024-10-04,2024-01-01,11,Ulster Unionist Party,#48A5EE,1,229.851610,0.353618
1857,UNS 2024-10-05,2024-01-01,10,Alliance,#F6CB2F,1,295.139650,0.454061
1857,UNS 2024-10-05,2024-01-01,4,Conservative,#0087DC,167,15350.590918,23.616294
1857,UNS 2024-10-05,2024-01-01,9,Democratic Unionist Party,#D46A4C,6,436.075878,0.670886
1857,UNS 2024-10-05,2024-01-01,6,Green,#6AB023,4,5040.815945,7.755101
1857,UNS 2024-10-05,2024-01-01,1,Labour,#E4003B,369,19846.968213,30.533797
1857,UNS 2024-10-05,2024-01-01,5,Liberal Democrats,#FAA61A,63,7362.836905,11.327441
1857,UNS 2024-10-05,2024-01-01,7,Other,#808080,8,1687.833470,2.596667
1857,UNS 2024-10-05,2024-01-01,3,Plaid Cymru,#005B54,3,238.312950,0.366635
1857,UNS 2024-10-05,2024-01-01,2,Reform UK,#12B6CF,18,12607.758722,19.396552
1857,UNS 2024-10-05,2024-01-01,12,SDLP,#2AA82C,2,223.765468,0.344255
1857,UNS 2024-10-05,2024-01-01,8,Scottish National Party,#FFF95D,1,1151.761287,1.771940
1857,UNS 2024-10-05,2024-01-01,13,Sinn Féin,#326760,7,528.288985,0.812752
1857,UNS 2024-10-05,2024-01-01,11,Ulster Unionist Party,#48A5EE,1,229.851610,0.353618
1858,UNS 2024-10-06,2024-01-01,10,Alliance,#F6CB2F,1,295.139650,0.454061
1858,UNS 2024-10-06,2024-01-01,4,Conservative,#0087DC,167,15350.590918,23.616294
1858,UNS 2024-10-06,2024-01-01,9,Democratic Unionist Party,#D46A4C,6,436.075878,0.670886
1858,UNS 2024-10-06,2024-01-01,6,Green,#6AB023,4,5040.815945,7.755101
1858,UNS 2024-10-06,2024-01-01,1,Labour,#E4003B,369,19846.968213,30.533797
1858,UNS 2024-10-06,2024-01-01,5,Liberal Democrats,#FAA61A,63,7362.836905,11.327441
1858,UNS 2024-10-06,2024-01-01,7,Other,#808080,8,1687.833470,2.596667
1858,UNS 2024-10-06,2024-01-01,3,Plaid Cymru,#005B54,3,238.312950,0.366635
1858,UNS 2024-10-06,2024-01-01,2,Reform UK,#12B6CF,18,12607.758722,19.396552
1858,UNS 2024-10-06,2024-01-01,12,SDLP,#2AA82C,2,223.765468,0.344255
1858,UNS 2024-10-06,2024-01-01,8,Scottish National Party,#FFF95D,1,1151.761287,1.771940
1858,UNS 2024-10-06,2024-01-01,13,Sinn Féin,#326760,7,528.288985,0.812752
1858,UNS 2024-10-06,2024-01-01,11,Ulster Unionist Party,#48A5EE,1,229.851610,0.353618
1859,UNS 2024-10-07,2024-01-01,10,Alliance,#F6CB2F,1,295.139650,0.454061
1859,UNS 2024-10-07,2024-01-01,4,Conservative,#0087DC,174,15451.515487,23.771562
1859,UNS 2024-10-07,2024-01-01,9,Democratic Unionist Party,#D46A4C,6,436.075878,0.670886
1859,UNS 2024-10-07,2024-01-01,6,Green,#6AB023,4,5066.493172,7.794605
1859,UNS 2024-10-07,2024-01-01,1,Labour,#E4003B,354,19399.377241,29.845196
1859,UNS 2024-10-07,2024-01-01,5,Liberal Democrats,#FAA61A,65,7677.456722,11.811472
1859,UNS 2024-10-07,2024-01-01,7,Other,#808080,8,1655.181710,2.546433
1859,UNS 2024-10-07,2024-01-01,3,Plaid Cymru,#005B54,3,291.318157,0.448182
1859,UNS 2024-10-07,2024-01-01,2,Reform UK,#12B6CF,17,12247.254328,18.841930
1859,UNS 2024-10-07,2024-01-01,12,SDLP,#2AA82C,2,223.765468,0.344255
1859,UNS 2024-10-07,2024-01-01,8,Scottish National Party,#FFF95D,8,1498.281592,2.305049
1859,UNS 2024-10-07,2024-01-01,13,Sinn Féin,#326760,7,528.288985,0.812752
1859,UNS 2024-10-07,2024-01-01,11,Ulster Unionist Party,#48A5EE,1,229.851610,0.353618
1860,UNS 2024-10-08,2024-01-01,10,Alliance,#F6CB2F,1,295.139650,0.454061
1860,UNS 2024-10-08,2024-01-01,4,Conservative,#0087DC,174,15451.515487,23.771562
1860,UNS 2024-10-08,2024-01-01,9,Democratic Unionist Party,#D46A4C,6,436.075878,0.670886
1860,UNS 2024-10-08,2024-01-01,6,Green,#6AB023,4,5066.493172,7.794605
1860,UNS 2024-10-08,2024-01-01,1,Labour,#E4003B,354,19399.377241,29.845196
1860,UNS 2024-10-08,2024-01-01,5,Liberal Democrats,#FAA61A,65,7677.456722,11.811472
1860,UNS 2024-10-08,2024-01-01,7,Other,#808080,8,1655.181710,2.546433
1860,UNS 2024-10-08,2024-01-01,3,Plaid Cymru,#005B54,3,291.318157,0.448182
1860,UNS 2024-10-08,2024-01-01,2,Reform UK,#12B6CF,17,12247.254328,18.841930
1860,UNS 2024-10-08,2024-01-01,12,SDLP,#2AA82C,2,223.765468,0.344255
1860,UNS 2024-10-08,2024-01-01,8,Scottish National Party,#FFF95D,8,1498.281592,2.305049
1860,UNS 2024-10-08,2024-01-01,13,Sinn Féin,#326760,7,528.288985,0.812752
1860,UNS 2024-10-08,2024-01-01,11,Ulster Unionist Party,#48A5EE,1,229.851610,0.353618
1861,UNS 2024-10-09,2024-01-01,10,Alliance,#F6CB2F,1,295.139650,0.454061
1861,UNS 2024-10-09,2024-01-01,4,Conservative,#0087DC,174,15451.515487,23.771562
1861,UNS 2024-10-09,2024-01-01,9,Democratic Unionist Party,#D46A4C,6,436.075878,0.670886
1861,UNS 2024-10-09,2024-01-01,6,Green,#6AB023,4,5066.493172,7.794605
1861,UNS 2024-10-09,2024-01-01,1,Labour,#E4003B,354,19399.377241,29.845196
1861,UNS 2024-10-09,2024-01-01,5,Liberal Democrats,#FAA61A,65,7677.456722,11.811472
1861,UNS 2024-10-09,2024-01-01,7,Other,#808080,8,1655.181710,2.546433
1861,UNS 2024-10-09,2024-01-01,3,Plaid Cymru,#005B54,3,291.318157,0.448182
1861,UNS 2024-10-09,2024-01-01,2,Reform UK,#12B6CF,17,12247.254328,18.841930
1861,UNS 2024-10-09,2024-01-01,12,SDLP,#2AA82C,2,223.765468,0.344255
1861,UNS 2024-10-09,2024-01-01,8,Scottish National Party,#FFF95D,8,1498.281592,2.305049
1861,UNS 2024-10-09,2024-01-01,13,Sinn Féin,#326760,7,528.288985,0.812752
1861,UNS 2024-10-09,2024-01-01,11,Ulster Unionist Party,#48A5EE,1,229.851610,0.353618
1862,UNS 2024-10-10,2024-01-01,10,Alliance,#F6CB2F,1,295.139650,0.454061
1862,UNS 2024-10-10,2024-01-01,4,Conservative,#0087DC,174,15451.515487,23.771562
1862,UNS 2024-10-10,2024-01-01,9,Democratic Unionist Party,#D46A4C,6,436.075878,0.670886
1862,UNS 2024-10-10,2024-01-01,6,Green,#6AB023,4,5066.493172,7.794605
1862,UNS 2024-10-10,2024-01-01,1,Labour,#E4003B,354,19399.377241,29.845196
1862,UNS 2024-10-10,2024-01-01,5,Liberal Democrats,#FAA61A,65,7677.456722,11.811472
1862,UNS 2024-10-10,2024-01-01,7,Other,#808080,8,1655.181710,2.546433
1862,UNS 2024-10-10,2024-01-01,3,Plaid Cymru,#005B54,3,291.318157,0.448182
1862,UNS 2024-10-10,2024-01-01,2,Reform UK,#12B6CF,17,12247.254328,18.841930
1862,UNS 2024-10-10,2024-01-01,12,SDLP,#2AA82C,2,223.765468,0.344255
1862,UNS 2024-10-10,2024-01-01,8,Scottish National Party,#FFF95D,8,1498.281592,2.305049
1862,UNS 2024-10-10,2024-01-01,13,Sinn Féin,#326760,7,528.288985,0.812752
1862,UNS 2024-10-10,2024-01-01,11,Ulster Unionist Party,#48A5EE,1,229.851610,0.353618
1863,UNS 2024-10-11,2024-01-01,10,Alliance,#F6CB2F,1,295.139650,0.454061
1863,UNS 2024-10-11,2024-01-01,4,Conservative,#0087DC,174,15451.515487,23.771562
1863,UNS 2024-10-11,2024-01-01,9,Democratic Unionist Party,#D46A4C,6,436.075878,0.670886
1863,UNS 2024-10-11,2024-01-01,6,Green,#6AB023,4,5066.493172,7.794605
1863,UNS 2024-10-11,2024-01-01,1,Labour,#E4003B,354,19399.377241,29.845196
1863,UNS 2024-10-11,2024-01-01,5,Liberal Democrats,#FAA61A,65,7677.456722,11.811472
1863,UNS 2024-10-11,2024-01-01,7,Other,#808080,8,1655.181710,2.546433
1863,UNS 2024-10-11,2024-01-01,3,Plaid Cymru,#005B54,3,291.318157,0.448182
1863,UNS 2024-10-11,2024-01-01,2,Reform UK,#12B6CF,17,12247.254328,18.841930
1863,UNS 2024-10-11,2024-01-01,12,SDLP,#2AA82C,2,223.765468,0.344255
1863,UNS 2024-10-11,2024-01-01,8,Scottish National Party,#FFF95D,8,1498.281592,2.305049
1863,UNS 2024-10-11,2024-01-01,13,Sinn Féin,#326760,7,528.288985,0.812752
1863,UNS 2024-10-11,2024-01-01,11,Ulster Unionist Party,#48A5EE,1,229.851610,0.353618
1864,UNS 2024-10-12,2024-01-01,10,Alliance,#F6CB2F,1,295.139650,0.454061
1864,UNS 2024-10-12,2024-01-01,4,Conservative,#0087DC,174,15451.515487,23.771562
1864,UNS 2024-10-12,2024-01-01,9,Democratic Unionist Party,#D46A4C,6,436.075878,0.670886
1864,UNS 2024-10-12,2024-01-01,6,Green,#6AB023,4,5066.493172,7.794605
1864,UNS 2024-10-12,2024-01-01,1,Labour,#E4003B,354,19399.377241,29.845196
1864,UNS 2024-10-12,2024-01-01,5,Liberal Democrats,#FAA61A,65,7677.456722,11.811472
1864,UNS 2024-10-12,2024-01-01,7,Other,#808080,8,1655.181710,2.546433
1864,UNS 2024-10-12,2024-01-01,3,Plaid Cymru,#005B54,3,291.318157,0.448182
1864,UNS 2024-10-12,2024-01-01,2,Reform UK,#12B6CF,17,12247.254328,18.841930
1864,UNS 2024-10-12,2024-01-01,12,SDLP,#2AA82C,2,223.765468,0.344255
1864,UNS 2024-10-12,2024-01-01,8,Scottish National Party,#FFF95D,8,1498.281592,2.305049
1864,UNS 2024-10-12,2024-01-01,13,Sinn Féin,#326760,7,528.288985,0.812752
1864,UNS 2024-10-12,2024-01-01,11,Ulster Unionist Party,#48A5EE,1,229.851610,0.353618
1865,UNS 2024-10-13,2024-01-01,10,Alliance,#F6CB2F,1,295.139650,0.454061
1865,UNS 2024-10-13,2024-01-01,4,Conservative,#0087DC,174,15451.515487,23.771562
1865,UNS 2024-10-13,2024-01-01,9,Democratic Unionist Party,#D46A4C,6,436.075878,0.670886
1865,UNS 2024-10-13,2024-01-01,6,Green,#6AB023,4,5066.493172,7.794605
1865,UNS 2024-10-13,2024-01-01,1,Labour,#E4003B,354,19399.377241,29.845196
1865,UNS 2024-10-13,2024-01-01,5,Liberal Democrats,#FAA61A,65,7677.456722,11.811472
1865,UNS 2024-10-13,2024-01-01,7,Other,#808080,8,1655.181710,2.546433
1865,UNS 2024-10-13,2024-01-01,3,Plaid Cymru,#005B54,3,291.318157,0.448182
1865,UNS 2024-10-13,2024-01-01,2,Reform UK,#12B6CF,17,12247.254328,18.841930
1865,UNS 2024-10-13,2024-01-01,12,SDLP,#2AA82C,2,223.765468,0.344255
1865,UNS 2024-10-13,2024-01-01,8,Scottish National Party,#FFF95D,8,1498.281592,2.305049
1865,UNS 2024-10-13,2024-01-01,13,Sinn Féin,#326760,7,528.288985,0.812752
1865,UNS 2024-10-13,2024-01-01,11,Ulster Unionist Party,#48A5EE,1,229.851610,0.353618
1866,UNS 2024-10-14,2024-01-01,10,Alliance,#F6CB2F,1,295.139650,0.454061
1866,UNS 2024-10-14,2024-01-01,4,Conservative,#0087DC,174,15451.515487,23.771562
1866,UNS 2024-10-14,2024-01-01,9,Democratic Unionist Party,#D46A4C,6,436.075878,0.670886
1866,UNS 2024-10-14,2024-01-01,6,Green,#6AB023,4,5066.493172,7.794605
1866,UNS 2024-10-14,2024-01-01,1,Labour,#E4003B,354,19399.377241,29.845196
1866,UNS 2024-10-14,2024-01-01,5,Liberal Democrats,#FAA61A,65,7677.456722,11.811472
1866,UNS 2024-10-14,2024-01-01,7,Other,#808080,8,1655.181710,2.546433
1866,UNS 2024-10-14,2024-01-01,3,Plaid Cymru,#005B54,3,291.318157,0.448182
1866,UNS 2024-10-14,2024-01-01,2,Reform UK,#12B6CF,17,12247.254328,18.841930
1866,UNS 2024-10-14,2024-01-01,12,SDLP,#2AA82C,2,223.765468,0.344255
1866,UNS 2024-10-14,2024-01-01,8,Scottish National Party,#FFF95D,8,1498.281592,2.305049
1866,UNS 2024-10-14,2024-01-01,13,Sinn Féin,#326760,7,528.288985,0.812752
1866,UNS 2024-10-14,2024-01-01,11,Ulster Unionist Party,#48A5EE,1,229.851610,0.353618
1867,UNS 2024-10-15,2024-01-01,10,Alliance,#F6CB2F,1,295.139650,0.454061
1867,UNS 2024-10-15,2024-01-01,4,Conservative,#0087DC,174,15451.515487,23.771562
1867,UNS 2024-10-15,2024-01-01,9,Democratic Unionist Party,#D46A4C,6,436.075878,0.670886
1867,UNS 2024-10-15,2024-01-01,6,Green,#6AB023,4,5066.493172,7.794605
1867,UNS 2024-10-15,2024-01-01,1,Labour,#E4003B,354,19399.377241,29.845196
1867,UNS 2024-10-15,2024-01-01,5,Liberal Democrats,#FAA61A,65,7677.456722,11.811472
1867,UNS 2024-10-15,2024-01-01,7,Other,#808080,8,1655.181710,2.546433
1867,UNS 2024-10-15,2024-01-01,3,Plaid Cymru,#005B54,3,291.318157,0.448182
1867,UNS 2024-10-15,2024-01-01,2,Reform UK,#12B6CF,17,12247.254328,18.841930
1867,UNS 2024-10-15,2024-01-01,12,SDLP,#2AA82C,2,223.765468,0.344255
1867,UNS 2024-10-15,2024-01-01,8,Scottish National Party,#FFF95D,8,1498.281592,2.305049
1867,UNS 2024-10-15,2024-01-01,13,Sinn Féin,#326760,7,528.288985,0.812752
1867,UNS 2024-10-15,2024-01-01,11,Ulster Unionist Party,#48A5EE,1,229.851610,0.353618
1868,UNS 2024-10-16,2024-01-01,10,Alliance,#F6CB2F,1,295.139650,0.454061
1868,UNS 2024-10-16,2024-01-01,4,Conservative,#0087DC,174,15451.515487,23.771562
1868,UNS 2024-10-16,2024-01-01,9,Democratic Unionist Party,#D46A4C,6,436.075878,0.670886
1868,UNS 2024-10-16,2024-01-01,6,Green,#6AB023,4,5066.493172,7.794605
1868,UNS 2024-10-16,2024-01-01,1,Labour,#E4003B,354,19399.377241,29.845196
1868,UNS 2024-10-16,2024-01-01,5,Liberal Democrats,#FAA61A,65,7677.456722,11.811472
1868,UNS 2024-10-16,2024-01-01,7,Other,#808080,8,1655.181710,2.546433
1868,UNS 2024-10-16,2024-01-01,3,Plaid Cymru,#005B54,3,291.318157,0.448182
1868,UNS 2024-10-16,2024-01-01,2,Reform UK,#12B6CF,17,12247.254328,18.841930
1868,UNS 2024-10-16,2024-01-01,12,SDLP,#2AA82C,2,223.765468,0.344255
1868,UNS 2024-10-16,2024-01-01,8,Scottish National Party,#FFF95D,8,1498.281592,2.305049
1868,UNS 2024-10-16,2024-01-01,13,Sinn Féin,#326760,7,528.288985,0.812752
1868,UNS 2024-10-16,2024-01-01,11,Ulster Unionist Party,#48A5EE,1,229.851610,0.353618
1869,UNS 2024-10-17,2024-01-01,10,Alliance,#F6CB2F,1,295.139650,0.454061
1869,UNS 2024-10-17,2024-01-01,4,Conservative,#0087DC,174,15451.515487,23.771562
1869,UNS 2024-10-17,2024-01-01,9,Democratic Unionist Party,#D46A4C,6,436.075878,0.670886
1869,UNS 2024-10-17,2024-01-01,6,Green,#6AB023,4,5066.493172,7.794605
1869,UNS 2024-10-17,2024-01-01,1,Labour,#E4003B,354,19399.377241,29.845196
1869,UNS 2024-10-17,2024-01-01,5,Liberal Democrats,#FAA61A,65,7677.456722,11.811472
1869,UNS 2024-10-17,2024-01-01,7,Other,#808080,8,1655.181710,2.546433
1869,UNS 2024-10-17,2024-01-01,3,Plaid Cymru,#005B54,3,291.318157,0.448182
1869,UNS 2024-10-17,2024-01-01,2,Reform UK,#12B6CF,17,12247.254328,18.841930
1869,UNS 2024-10-17,2024-01-01,12,SDLP,#2AA82C,2,223.765468,0.344255
1869,UNS 2024-10-17,2024-01-01,8,Scottish National Party,#FFF95D,8,1498.281592,2.305049
1869,UNS 2024-10-17,2024-01-01,13,Sinn Féin,#326760,7,528.288985,0.812752
1869,UNS 2024-10-17,2024-01-01,11,Ulster Unionist Party,#48A5EE,1,229.851610,0.353618
1870,UNS 2024-10-18,2024-01-01,10,Alliance,#F6CB2F,1,295.139650,0.454061
1870,UNS 2024-10-18,2024-01-01,4,Conservative,#0087DC,174,15451.515487,23.771562
1870,UNS 2024-10-18,2024-01-01,9,Democratic Unionist Party,#D46A4C,6,436.075878,0.670886
1870,UNS 2024-10-18,2024-01-01,6,Green,#6AB023,4,5066.493172,7.794605
1870,UNS 2024-10-18,2024-01-01,1,Labour,#E4003B,354,19399.377241,29.845196
1870,UNS 2024-10-18,2024-01-01,5,Liberal Democrats,#FAA61A,65,7677.456722,11.811472
1870,UNS 2024-10-18,2024-01-01,7,Other,#808080,8,1655.181710,2.546433
1870,UNS 2024-10-18,2024-01-01,3,Plaid Cymru,#005B54,3,291.318157,0.448182
1870,UNS 2024-10-18,2024-01-01,2,Reform UK,#12B6CF,17,12247.254328,18.841930
1870,UNS 2024-10-18,2024-01-01,12,SDLP,#2AA82C,2,223.765468,0.344255
1870,UNS 2024-10-18,2024-01-01,8,Scottish National Party,#FFF95D,8,1498.281592,2.305049
1870,UNS 2024-10-18,2024-01-01,13,Sinn Féin,#326760,7,528.288985,0.812752
1870,UNS 2024-10-18,2024-01-01,11,Ulster Unionist Party,#48A5EE,1,229.851610,0.353618
1871,UNS 2024-10-19,2024-01-01,10,Alliance,#F6CB2F,1,295.139650,0.454061
1871,UNS 2024-10-19,2024-01-01,4,Conservative,#0087DC,174,15451.515487,23.771562
1871,UNS 2024-10-19,2024-01-01,9,Democratic Unionist Party,#D46A4C,6,436.075878,0.670886
1871,UNS 2024-10-19,2024-01-01,6,Green,#6AB023,4,5066.493172,7.794605
1871,UNS 2024-10-19,2024-01-01,1,Labour,#E4003B,354,19399.377241,29.845196
1871,UNS 2024-10-19,2024-01-01,5,Liberal Democrats,#FAA61A,65,7677.456722,11.811472
1871,UNS 2024-10-19,2024-01-01,7,Other,#808080,8,1655.181710,2.546433
1871,UNS 2024-10-19,2024-01-01,3,Plaid Cymru,#005B54,3,291.318157,0.448182
1871,UNS 2024-10-19,2024-01-01,2,Reform UK,#12B6CF,17,12247.254328,18.841930
1871,UNS 2024-10-19,2024-01-01,12,SDLP,#2AA82C,2,223.765468,0.344255
1871,UNS 2024-10-19,2024-01-01,8,Scottish National Party,#FFF95D,8,1498.281592,2.305049
1871,UNS 2024-10-19,2024-01-01,13,Sinn Féin,#326760,7,528.288985,0.812752
1871,UNS 2024-10-19,2024-01-01,11,Ulster Unionist Party,#48A5EE,1,229.851610,0.353618
1872,UNS 2024-10-20,2024-01-01,10,Alliance,#F6CB2F,1,295.139650,0.454061
1872,UNS 2024-10-20,2024-01-01,4,Conservative,#0087DC,174,15451.515487,23.771562
1872,UNS 2024-10-20,2024-01-01,9,Democratic Unionist Party,#D46A4C,6,436.075878,0.670886
1872,UNS 2024-10-20,2024-01-01,6,Green,#6AB023,4,5066.493172,7.794605
1872,UNS 2024-10-20,2024-01-01,1,Labour,#E4003B,354,19399.377241,29.845196
1872,UNS 2024-10-20,2024-01-01,5,Liberal Democrats,#FAA61A,65,7677.456722,11.811472
1872,UNS 2024-10-20,2024-01-01,7,Other,#808080,8,1655.181710,2.546433
1872,UNS 2024-10-20,2024-01-01,3,Plaid Cymru,#005B54,3,291.318157,0.448182
1872,UNS 2024-10-20,2024-01-01,2,Reform UK,#12B6CF,17,12247.254328,18.841930
1872,UNS 2024-10-20,2024-01-01,12,SDLP,#2AA82C,2,223.765468,0.344255
1872,UNS 2024-10-20,2024-01-01,8,Scottish National Party,#FFF95D,8,1498.281592,2.305049
1872,UNS 2024-10-20,2024-01-01,13,Sinn Féin,#326760,7,528.288985,0.812752
1872,UNS 2024-10-20,2024-01-01,11,Ulster Unionist Party,#48A5EE,1,229.851610,0.353618
1873,UNS 2024-10-21,2024-01-01,10,Alliance,#F6CB2F,1,295.139650,0.454061
1873,UNS 2024-10-21,2024-01-01,4,Conservative,#0087DC,174,15451.515487,23.771562
1873,UNS 2024-10-21,2024-01-01,9,Democratic Unionist Party,#D46A4C,6,436.075878,0.670886
1873,UNS 2024-10-21,2024-01-01,6,Green,#6AB023,4,5066.493172,7.794605
1873,UNS 2024-10-21,2024-01-01,1,Labour,#E4003B,354,19399.377241,29.845196
1873,UNS 2024-10-21,2024-01-01,5,Liberal Democrats,#FAA61A,65,7677.456722,11.811472
1873,UNS 2024-10-21,2024-01-01,7,Other,#808080,8,1655.181710,2.546433
1873,UNS 2024-10-21,2024-01-01,3,Plaid Cymru,#005B54,3,291.318157,0.448182
1873,UNS 2024-10-21,2024-01-01,2,Reform UK,#12B6CF,17,12247.254328,18.841930
1873,UNS 2024-10-21,2024-01-01,12,SDLP,#2AA82C,2,223.765468,0.344255
1873,UNS 2024-10-21,2024-01-01,8,Scottish National Party,#FFF95D,8,1498.281592,2.305049
1873,UNS 2024-10-21,2024-01-01,13,Sinn Féin,#326760,7,528.288985,0.812752
1873,UNS 2024-10-21,2024-01-01,11,Ulster Unionist Party,#48A5EE,1,229.851610,0.353618
1874,UNS 2024-10-22,2024-01-01,10,Alliance,#F6CB2F,1,295.139650,0.454061
1874,UNS 2024-10-22,2024-01-01,4,Conservative,#0087DC,174,15451.515487,23.771562
1874,UNS 2024-10-22,2024-01-01,9,Democratic Unionist Party,#D46A4C,6,436.075878,0.670886
1874,UNS 2024-10-22,2024-01-01,6,Green,#6AB023,4,5066.493172,7.794605
1874,UNS 2024-10-22,2024-01-01,1,Labour,#E4003B,354,19399.377241,29.845196
1874,UNS 2024-10-22,2024-01-01,5,Liberal Democrats,#FAA61A,65,7677.456722,11.811472
1874,UNS 2024-10-22,2024-01-01,7,Other,#808080,8,1655.181710,2.546433
1874,UNS 2024-10-22,2024-01-01,3,Plaid Cymru,#005B54,3,291.318157,0.448182
1874,UNS 2024-10-22,2024-01-01,2,Reform UK,#12B6CF,17,12247.254328,18.841930
1874,UNS 2024-10-22,2024-01-01,12,SDLP,#2AA82C,2,223.765468,0.344255
1874,UNS 2024-10-22,2024-01-01,8,Scottish National Party,#FFF95D,8,1498.281592,2.305049
1874,UNS 2024-10-22,2024-01-01,13,Sinn Féin,#326760,7,528.288985,0.812752
1874,UNS 2024-10-22,2024-01-01,11,Ulster Unionist Party,#48A5EE,1,229.851610,0.353618
1875,UNS 2024-10-23,2024-01-01,10,Alliance,#F6CB2F,1,295.139650,0.454061
1875,UNS 2024-10-23,2024-01-01,4,Conservative,#0087DC,174,15451.515487,23.771562
1875,UNS 2024-10-23,2024-01-01,9,Democratic Unionist Party,#D46A4C,6,436.075878,0.670886
1875,UNS 2024-10-23,2024-01-01,6,Green,#6AB023,4,5066.493172,7.794605
1875,UNS 2024-10-23,2024-01-01,1,Labour,#E4003B,354,19399.377241,29.845196
1875,UNS 2024-10-23,2024-01-01,5,Liberal Democrats,#FAA61A,65,7677.456722,11.811472
1875,UNS 2024-10-23,2024-01-01,7,Other,#808080,8,1655.181710,2.546433
1875,UNS 2024-10-23,2024-01-01,3,Plaid Cymru,#005B54,3,291.318157,0.448182
1875,UNS 2024-10-23,2024-01-01,2,Reform UK,#12B6CF,17,12247.254328,18.841930
1875,UNS 2024-10-23,2024-01-01,12,SDLP,#2AA82C,2,223.765468,0.344255
1875,UNS 2024-10-23,2024-01-01,8,Scottish National Party,#FFF95D,8,1498.281592,2.305049
1875,UNS 2024-10-23,2024-01-01,13,Sinn Féin,#326760,7,528.288985,0.812752
1875,UNS 2024-10-23,2024-01-01,11,Ulster Unionist Party,#48A5EE,1,229.851610,0.353618
1876,UNS 2024-10-24,2024-01-01,10,Alliance,#F6CB2F,1,295.139650,0.454061
1876,UNS 2024-10-24,2024-01-01,4,Conservative,#0087DC,174,15451.515487,23.771562
1876,UNS 2024-10-24,2024-01-01,9,Democratic Unionist Party,#D46A4C,6,436.075878,0.670886
1876,UNS 2024-10-24,2024-01-01,6,Green,#6AB023,4,5066.493172,7.794605
1876,UNS 2024-10-24,2024-01-01,1,Labour,#E4003B,354,19399.377241,29.845196
1876,UNS 2024-10-24,2024-01-01,5,Liberal Democrats,#FAA61A,65,7677.456722,11.811472
1876,UNS 2024-10-24,2024-01-01,7,Other,#808080,8,1655.181710,2.546433
1876,UNS 2024-10-24,2024-01-01,3,Plaid Cymru,#005B54,3,291.318157,0.448182
1876,UNS 2024-10-24,2024-01-01,2,Reform UK,#12B6CF,17,12247.254328,18.841930
1876,UNS 2024-10-24,2024-01-01,12,SDLP,#2AA82C,2,223.765468,0.344255
1876,UNS 2024-10-24,2024-01-01,8,Scottish National Party,#FFF95D,8,1498.281592,2.305049
1876,UNS 2024-10-24,2024-01-01,13,Sinn Féin,#326760,7,528.288985,0.812752
1876,UNS 2024-10-24,2024-01-01,11,Ulster Unionist Party,#48A5EE,1,229.851610,0.353618
1877,UNS 2024-10-25,2024-01-01,10,Alliance,#F6CB2F,1,295.139650,0.454061
1877,UNS 2024-10-25,2024-01-01,4,Conservative,#0087DC,174,15451.515487,23.771562
1877,UNS 2024-10-25,2024-01-01,9,Democratic Unionist Party,#D46A4C,6,436.075878,0.670886
1877,UNS 2024-10-25,2024-01-01,6,Green,#6AB023,4,5066.493172,7.794605
1877,UNS 2024-10-25,2024-01-01,1,Labour,#E4003B,354,19399.377241,29.845196
1877,UNS 2024-10-25,2024-01-01,5,Liberal Democrats,#FAA61A,65,7677.456722,11.811472
1877,UNS 2024-10-25,2024-01-01,7,Other,#808080,8,1655.181710,2.546433
1877,UNS 2024-10-25,2024-01-01,3,Plaid Cymru,#005B54,3,291.318157,0.448182
1877,UNS 2024-10-25,2024-01-01,2,Reform UK,#12B6CF,17,12247.254328,18.841930
1877,UNS 2024-10-25,2024-01-01,12,SDLP,#2AA82C,2,223.765468,0.344255
1877,UNS 2024-10-25,2024-01-01,8,Scottish National Party,#FFF95D,8,1498.281592,2.305049
1877,UNS 2024-10-25,2024-01-01,13,Sinn Féin,#326760,7,528.288985,0.812752
1877,UNS 2024-10-25,2024-01-01,11,Ulster Unionist Party,#48A5EE,1,229.851610,0.353618
1878,UNS 2024-10-26,2024-01-01,10,Alliance,#F6CB2F,1,295.139650,0.454061
1878,UNS 2024-10-26,2024-01-01,4,Conservative,#0087DC,174,15451.515487,23.771562
1878,UNS 2024-10-26,2024-01-01,9,Democratic Unionist Party,#D46A4C,6,436.075878,0.670886
1878,UNS 2024-10-26,2024-01-01,6,Green,#6AB023,4,5066.493172,7.794605
1878,UNS 2024-10-26,2024-01-01,1,Labour,#E4003B,354,19399.377241,29.845196
1878,UNS 2024-10-26,2024-01-01,5,Liberal Democrats,#FAA61A,65,7677.456722,11.811472
1878,UNS 2024-10-26,2024-01-01,7,Other,#808080,8,1655.181710,2.546433
1878,UNS 2024-10-26,2024-01-01,3,Plaid Cymru,#005B54,3,291.318157,0.448182
1878,UNS 2024-10-26,2024-01-01,2,Reform UK,#12B6CF,17,12247.254328,18.841930
1878,UNS 2024-10-26,2024-01-01,12,SDLP,#2AA82C,2,223.765468,0.344255
1878,UNS 2024-10-26,2024-01-01,8,Scottish National Party,#FFF95D,8,1498.281592,2.305049
1878,UNS 2024-10-26,2024-01-01,13,Sinn Féin,#326760,7,528.288985,0.812752
1878,UNS 2024-10-26,2024-01-01,11,Ulster Unionist Party,#48A5EE,1,229.851610,0.353618
1879,UNS 2024-10-27,2024-01-01,10,Alliance,#F6CB2F,1,295.139650,0.454061
1879,UNS 2024-10-27,2024-01-01,4,Conservative,#0087DC,174,15451.515487,23.771562
1879,UNS 2024-10-27,2024-01-01,9,Democratic Unionist Party,#D46A4C,6,436.075878,0.670886
1879,UNS 2024-10-27,2024-01-01,6,Green,#6AB023,4,5066.493172,7.794605
1879,UNS 2024-10-27,2024-01-01,1,Labour,#E4003B,354,19399.377241,29.845196
1879,UNS 2024-10-27,2024-01-01,5,Liberal Democrats,#FAA61A,65,7677.456722,11.811472
1879,UNS 2024-10-27,2024-01-01,7,Other,#808080,8,1655.181710,2.546433
1879,UNS 2024-10-27,2024-01-01,3,Plaid Cymru,#005B54,3,291.318157,0.448182
1879,UNS 2024-10-27,2024-01-01,2,Reform UK,#12B6CF,17,12247.254328,18.841930
1879,UNS 2024-10-27,2024-01-01,12,SDLP,#2AA82C,2,223.765468,0.344255
1879,UNS 2024-10-27,2024-01-01,8,Scottish National Party,#FFF95D,8,1498.281592,2.305049
1879,UNS 2024-10-27,2024-01-01,13,Sinn Féin,#326760,7,528.288985,0.812752
1879,UNS 2024-10-27,2024-01-01,11,Ulster Unionist Party,#48A5EE,1,229.851610,0.353618
1880,UNS 2024-10-28,2024-01-01,10,Alliance,#F6CB2F,1,295.139650,0.454061
1880,UNS 2024-10-28,2024-01-01,4,Conservative,#0087DC,174,15451.515487,23.771562
1880,UNS 2024-10-28,2024-01-01,9,Democratic Unionist Party,#D46A4C,6,436.075878,0.670886
1880,UNS 2024-10-28,2024-01-01,6,Green,#6AB023,4,5066.493172,7.794605
1880,UNS 2024-10-28,2024-01-01,1,Labour,#E4003B,354,19399.377241,29.845196
1880,UNS 2024-10-28,2024-01-01,5,Liberal Democrats,#FAA61A,65,7677.456722,11.811472
1880,UNS 2024-10-28,2024-01-01,7,Other,#808080,8,1655.181710,2.546433
1880,UNS 2024-10-28,2024-01-01,3,Plaid Cymru,#005B54,3,291.318157,0.448182
1880,UNS 2024-10-28,2024-01-01,2,Reform UK,#12B6CF,17,12247.254328,18.841930
1880,UNS 2024-10-28,2024-01-01,12,SDLP,#2AA82C,2,223.765468,0.344255
1880,UNS 2024-10-28,2024-01-01,8,Scottish National Party,#FFF95D,8,1498.281592,2.305049
1880,UNS 2024-10-28,2024-01-01,13,Sinn Féin,#326760,7,528.288985,0.812752
1880,UNS 2024-10-28,2024-01-01,11,Ulster Unionist Party,#48A5EE,1,229.851610,0.353618
1881,UNS 2024-10-29,2024-01-01,10,Alliance,#F6CB2F,1,295.139650,0.454061
1881,UNS 2024-10-29,2024-01-01,4,Conservative,#0087DC,174,15451.515487,23.771562
1881,UNS 2024-10-29,2024-01-01,9,Democratic Unionist Party,#D46A4C,6,436.075878,0.670886
1881,UNS 2024-10-29,2024-01-01,6,Green,#6AB023,4,5066.493172,7.794605
1881,UNS 2024-10-29,2024-01-01,1,Labour,#E4003B,354,19399.377241,29.845196
1881,UNS 2024-10-29,2024-01-01,5,Liberal Democrats,#FAA61A,65,7677.456722,11.811472
1881,UNS 2024-10-29,2024-01-01,7,Other,#808080,8,1655.181710,2.546433
1881,UNS 2024-10-29,2024-01-01,3,Plaid Cymru,#005B54,3,291.318157,0.448182
1881,UNS 2024-10-29,2024-01-01,2,Reform UK,#12B6CF,17,12247.254328,18.841930
1881,UNS 2024-10-29,2024-01-01,12,SDLP,#2AA82C,2,223.765468,0.344255
1881,UNS 2024-10-29,2024-01-01,8,Scottish National Party,#FFF95D,8,1498.281592,2.305049
1881,UNS 2024-10-29,2024-01-01,13,Sinn Féin,#326760,7,528.288985,0.812752
1881,UNS 2024-10-29,2024-01-01,11,Ulster Unionist Party,#48A5EE,1,229.851610,0.353618
1882,UNS 2024-10-30,2024-01-01,10,Alliance,#F6CB2F,1,295.139650,0.454061
1882,UNS 2024-10-30,2024-01-01,4,Conservative,#0087DC,174,15451.515487,23.771562
1882,UNS 2024-10-30,2024-01-01,9,Democratic Unionist Party,#D46A4C,6,436.075878,0.670886
1882,UNS 2024-10-30,2024-01-01,6,Green,#6AB023,4,5066.493172,7.794605
1882,UNS 2024-10-30,2024-01-01,1,Labour,#E4003B,354,19399.377241,29.845196
1882,UNS 2024-10-30,2024-01-01,5,Liberal Democrats,#FAA61A,65,7677.456722,11.811472
1882,UNS 2024-10-30,2024-01-01,7,Other,#808080,8,1655.181710,2.546433
1882,UNS 2024-10-30,2024-01-01,3,Plaid Cymru,#005B54,3,291.318157,0.448182
1882,UNS 2024-10-30,2024-01-01,2,Reform UK,#12B6CF,17,12247.254328,18.841930
1882,UNS 2024-10-30,2024-01-01,12,SDLP,#2AA82C,2,223.765468,0.344255
1882,UNS 2024-10-30,2024-01-01,8,Scottish National Party,#FFF95D,8,1498.281592,2.305049
1882,UNS 2024-10-30,2024-01-01,13,Sinn Féin,#326760,7,528.288985,0.812752
1882,UNS 2024-10-30,2024-01-01,11,Ulster Unionist Party,#48A5EE,1,229.851610,0.353618
1883,UNS 2024-10-31,2024-01-01,10,Alliance,#F6CB2F,1,295.139650,0.454061
1883,UNS 2024-10-31,2024-01-01,4,Conservative,#0087DC,174,15451.515487,23.771562
1883,UNS 2024-10-31,2024-01-01,9,Democratic Unionist Party,#D46A4C,6,436.075878,0.670886
1883,UNS 2024-10-31,2024-01-01,6,Green,#6AB023,4,5066.493172,7.794605
1883,UNS 2024-10-31,2024-01-01,1,Labour,#E4003B,354,19399.377241,29.845196
1883,UNS 2024-10-31,2024-01-01,5,Liberal Democrats,#FAA61A,65,7677.456722,11.811472
1883,UNS 2024-10-31,2024-01-01,7,Other,#808080,8,1655.181710,2.546433
1883,UNS 2024-10-31,2024-01-01,3,Plaid Cymru,#005B54,3,291.318157,0.448182
1883,UNS 2024-10-31,2024-01-01,2,Reform UK,#12B6CF,17,12247.254328,18.841930
1883,UNS 2024-10-31,2024-01-01,12,SDLP,#2AA82C,2,223.765468,0.344255
1883,UNS 2024-10-31,2024-01-01,8,Scottish National Party,#FFF95D,8,1498.281592,2.305049
1883,UNS 2024-10-31,2024-01-01,13,Sinn Féin,#326760,7,528.288985,0.812752
1883,UNS 2024-10-31,2024-01-01,11,Ulster Unionist Party,#48A5EE,1,229.851610,0.353618
1884,UNS 2024-11-01,2024-01-01,10,Alliance,#F6CB2F,1,295.139650,0.454061
1884,UNS 2024-11-01,2024-01-01,4,Conservative,#0087DC,174,15451.515487,23.771562
1884,UNS 2024-11-01,2024-01-01,9,Democratic Unionist Party,#D46A4C,6,436.075878,0.670886
1884,UNS 2024-11-01,2024-01-01,6,Green,#6AB023,4,5066.493172,7.794605
1884,UNS 2024-11-01,2024-01-01,1,Labour,#E4003B,354,19399.377241,29.845196
1884,UNS 2024-11-01,2024-01-01,5,Liberal Democrats,#FAA61A,65,7677.456722,11.811472
1884,UNS 2024-11-01,2024-01-01,7,Other,#808080,8,1655.181710,2.546433
1884,UNS 2024-11-01,2024-01-01,3,Plaid Cymru,#005B54,3,291.318157,0.448182
1884,UNS 2024-11-01,2024-01-01,2,Reform UK,#12B6CF,17,12247.254328,18.841930
1884,UNS 2024-11-01,2024-01-01,12,SDLP,#2AA82C,2,223.765468,0.344255
1884,UNS 2024-11-01,2024-01-01,8,Scottish National Party,#FFF95D,8,1498.281592,2.305049
1884,UNS 2024-11-01,2024-01-01,13,Sinn Féin,#326760,7,528.288985,0.812752
1884,UNS 2024-11-01,2024-01-01,11,Ulster Unionist Party,#48A5EE,1,229.851610,0.353618
1885,UNS 2024-11-02,2024-01-01,10,Alliance,#F6CB2F,1,295.139650,0.454061
1885,UNS 2024-11-02,2024-01-01,4,Conservative,#0087DC,174,15451.515487,23.771562
1885,UNS 2024-11-02,2024-01-01,9,Democratic Unionist Party,#D46A4C,6,436.075878,0.670886
1885,UNS 2024-11-02,2024-01-01,6,Green,#6AB023,4,5066.493172,7.794605
1885,UNS 2024-11-02,2024-01-01,1,Labour,#E4003B,354,19399.377241,29.845196
1885,UNS 2024-11-02,2024-01-01,5,Liberal Democrats,#FAA61A,65,7677.456722,11.811472
1885,UNS 2024-11-02,2024-01-01,7,Other,#808080,8,1655.181710,2.546433
1885,UNS 2024-11-02,2024-01-01,3,Plaid Cymru,#005B54,3,291.318157,0.448182
1885,UNS 2024-11-02,2024-01-01,2,Reform UK,#12B6CF,17,12247.254328,18.841930
1885,UNS 2024-11-02,2024-01-01,12,SDLP,#2AA82C,2,223.765468,0.344255
1885,UNS 2024-11-02,2024-01-01,8,Scottish National Party,#FFF95D,8,1498.281592,2.305049
1885,UNS 2024-11-02,2024-01-01,13,Sinn Féin,#326760,7,528.288985,0.812752
1885,UNS 2024-11-02,2024-01-01,11,Ulster Unionist Party,#48A5EE,1,229.851610,0.353618
1886,UNS 2024-11-03,2024-01-01,10,Alliance,#F6CB2F,1,295.139650,0.454061
1886,UNS 2024-11-03,2024-01-01,4,Conservative,#0087DC,174,15451.515487,23.771562
1886,UNS 2024-11-03,2024-01-01,9,Democratic Unionist Party,#D46A4C,6,436.075878,0.670886
1886,UNS 2024-11-03,2024-01-01,6,Green,#6AB023,4,5066.493172,7.794605
1886,UNS 2024-11-03,2024-01-01,1,Labour,#E4003B,354,19399.377241,29.845196
1886,UNS 2024-11-03,2024-01-01,5,Liberal Democrats,#FAA61A,65,7677.456722,11.811472
1886,UNS 2024-11-03,2024-01-01,7,Other,#808080,8,1655.181710,2.546433
1886,UNS 2024-11-03,2024-01-01,3,Plaid Cymru,#005B54,3,291.318157,0.448182
1886,UNS 2024-11-03,2024-01-01,2,Reform UK,#12B6CF,17,12247.254328,18.841930
1886,UNS 2024-11-03,2024-01-01,12,SDLP,#2AA82C,2,223.765468,0.344255
1886,UNS 2024-11-03,2024-01-01,8,Scottish National Party,#FFF95D,8,1498.281592,2.305049
1886,UNS 2024-11-03,2024-01-01,13,Sinn Féin,#326760,7,528.288985,0.812752
1886,UNS 2024-11-03,2024-01-01,11,Ulster Unionist Party,#48A5EE,1,229.851610,0.353618
1887,UNS 2024-11-04,2024-01-01,10,Alliance,#F6CB2F,1,295.139650,0.454061
1887,UNS 2024-11-04,2024-01-01,4,Conservative,#0087DC,174,15451.515487,23.771562
1887,UNS 2024-11-04,2024-01-01,9,Democratic Unionist Party,#D46A4C,6,436.075878,0.670886
1887,UNS 2024-11-04,2024-01-01,6,Green,#6AB023,4,5066.493172,7.794605
1887,UNS 2024-11-04,2024-01-01,1,Labour,#E4003B,354,19399.377241,29.845196
1887,UNS 2024-11-04,2024-01-01,5,Liberal Democrats,#FAA61A,65,7677.456722,11.811472
1887,UNS 2024-11-04,2024-01-01,7,Other,#808080,8,1655.181710,2.546433
1887,UNS 2024-11-04,2024-01-01,3,Plaid Cymru,#005B54,3,291.318157,0.448182
1887,UNS 2024-11-04,2024-01-01,2,Reform UK,#12B6CF,17,12247.254328,18.841930
1887,UNS 2024-11-04,2024-01-01,12,SDLP,#2AA82C,2,223.765468,0.344255
1887,UNS 2024-11-04,2024-01-01,8,Scottish National Party,#FFF95D,8,1498.281592,2.305049
1887,UNS 2024-11-04,2024-01-01,13,Sinn Féin,#326760,7,528.288985,0.812752
1887,UNS 2024-11-04,2024-01-01,11,Ulster Unionist Party,#48A5EE,1,229.851610,0.353618
1888,UNS 2024-11-05,2024-01-01,10,Alliance,#F6CB2F,1,295.139650,0.454061
1888,UNS 2024-11-05,2024-01-01,4,Conservative,#0087DC,174,15451.515487,23.771562
1888,UNS 2024-11-05,2024-01-01,9,Democratic Unionist Party,#D46A4C,6,436.075878,0.670886
1888,UNS 2024-11-05,2024-01-01,6,Green,#6AB023,4,5066.493172,7.794605
1888,UNS 2024-11-05,2024-01-01,1,Labour,#E4003B,354,19399.377241,29.845196
1888,UNS 2024-11-05,2024-01-01,5,Liberal Democrats,#FAA61A,65,7677.456722,11.811472
1888,UNS 2024-11-05,2024-01-01,7,Other,#808080,8,1655.181710,2.546433
1888,UNS 2024-11-05,2024-01-01,3,Plaid Cymru,#005B54,3,291.318157,0.448182
1888,UNS 2024-11-05,2024-01-01,2,Reform UK,#12B6CF,17,12247.254328,18.841930
1888,UNS 2024-11-05,2024-01-01,12,SDLP,#2AA82C,2,223.765468,0.344255
1888,UNS 2024-11-05,2024-01-01,8,Scottish National Party,#FFF95D,8,1498.281592,2.305049
1888,UNS 2024-11-05,2024-01-01,13,Sinn Féin,#326760,7,528.288985,0.812752
1888,UNS 2024-11-05,2024-01-01,11,Ulster Unionist Party,#48A5EE,1,229.851610,0.353618
1889,UNS 2024-11-06,2024-01-01,10,Alliance,#F6CB2F,1,295.139650,0.454061
1889,UNS 2024-11-06,2024-01-01,4,Conservative,#0087DC,174,15451.515487,23.771562
1889,UNS 2024-11-06,2024-01-01,9,Democratic Unionist Party,#D46A4C,6,436.075878,0.670886
1889,UNS 2024-11-06,2024-01-01,6,Green,#6AB023,4,5066.493172,7.794605
1889,UNS 2024-11-06,2024-01-01,1,Labour,#E4003B,354,19399.377241,29.845196
1889,UNS 2024-11-06,2024-01-01,5,Liberal Democrats,#FAA61A,65,7677.456722,11.811472
1889,UNS 2024-11-06,2024-01-01,7,Other,#808080,8,1655.181710,2.546433
1889,UNS 2024-11-06,2024-01-01,3,Plaid Cymru,#005B54,3,291.318157,0.448182
1889,UNS 2024-11-06,2024-01-01,2,Reform UK,#12B6CF,17,12247.254328,18.841930
1889,UNS 2024-11-06,2024-01-01,12,SDLP,#2AA82C,2,223.765468,0.344255
1889,UNS 2024-11-06,2024-01-01,8,Scottish National Party,#FFF95D,8,1498.281592,2.305049
1889,UNS 2024-11-06,2024-01-01,13,Sinn Féin,#326760,7,528.288985,0.812752
1889,UNS 2024-11-06,2024-01-01,11,Ulster Unionist Party,#48A5EE,1,229.851610,0.353618
1890,UNS 2024-11-07,2024-01-01,10,Alliance,#F6CB2F,1,295.139650,0.454061
1890,UNS 2024-11-07,2024-01-01,4,Conservative,#0087DC,174,15451.515487,23.771562
1890,UNS 2024-11-07,2024-01-01,9,Democratic Unionist Party,#D46A4C,6,436.075878,0.670886
1890,UNS 2024-11-07,2024-01-01,6,Green,#6AB023,4,5066.493172,7.794605
1890,UNS 2024-11-07,2024-01-01,1,Labour,#E4003B,354,19399.377241,29.845196
1890,UNS 2024-11-07,2024-01-01,5,Liberal Democrats,#FAA61A,65,7677.456722,11.811472
1890,UNS 2024-11-07,2024-01-01,7,Other,#808080,8,1655.181710,2.546433
1890,UNS 2024-11-07,2024-01-01,3,Plaid Cymru,#005B54,3,291.318157,0.448182
1890,UNS 2024-11-07,2024-01-01,2,Reform UK,#12B6CF,17,12247.254328,18.841930
1890,UNS 2024-11-07,2024-01-01,12,SDLP,#2AA82C,2,223.765468,0.344255
1890,UNS 2024-11-07,2024-01-01,8,Scottish National Party,#FFF95D,8,1498.281592,2.305049
1890,UNS 2024-11-07,2024-01-01,13,Sinn Féin,#326760,7,528.288985,0.812752
1890,UNS 2024-11-07,2024-01-01,11,Ulster Unionist Party,#48A5EE,1,229.851610,0.353618
1891,UNS 2024-11-08,2024-01-01,10,Alliance,#F6CB2F,1,295.139650,0.454061
1891,UNS 2024-11-08,2024-01-01,4,Conservative,#0087DC,174,15451.515487,23.771562
1891,UNS 2024-11-08,2024-01-01,9,Democratic Unionist Party,#D46A4C,6,436.075878,0.670886
1891,UNS 2024-11-08,2024-01-01,6,Green,#6AB023,4,5066.493172,7.794605
1891,UNS 2024-11-08,2024-01-01,1,Labour,#E4003B,354,19399.377241,29.845196
1891,UNS 2024-11-08,2024-01-01,5,Liberal Democrats,#FAA61A,65,7677.456722,11.811472
1891,UNS 2024-11-08,2024-01-01,7,Other,#808080,8,1655.181710,2.546433
1891,UNS 2024-11-08,2024-01-01,3,Plaid Cymru,#005B54,3,291.318157,0.448182
1891,UNS 2024-11-08,2024-01-01,2,Reform UK,#12B6CF,17,12247.254328,18.841930
1891,UNS 2024-11-08,2024-01-01,12,SDLP,#2AA82C,2,223.765468,0.344255
1891,UNS 2024-11-08,2024-01-01,8,Scottish National Party,#FFF95D,8,1498.281592,2.305049
1891,UNS 2024-11-08,2024-01-01,13,Sinn Féin,#326760,7,528.288985,0.812752
1891,UNS 2024-11-08,2024-01-01,11,Ulster Unionist Party,#48A5EE,1,229.851610,0.353618
1892,UNS 2024-11-09,2024-01-01,10,Alliance,#F6CB2F,1,295.139650,0.454061
1892,UNS 2024-11-09,2024-01-01,4,Conservative,#0087DC,174,15451.515487,23.771562
1892,UNS 2024-11-09,2024-01-01,9,Democratic Unionist Party,#D46A4C,6,436.075878,0.670886
1892,UNS 2024-11-09,2024-01-01,6,Green,#6AB023,4,5066.493172,7.794605
1892,UNS 2024-11-09,2024-01-01,1,Labour,#E4003B,354,19399.377241,29.845196
1892,UNS 2024-11-09,2024-01-01,5,Liberal Democrats,#FAA61A,65,7677.456722,11.811472
1892,UNS 2024-11-09,2024-01-01,7,Other,#808080,8,1655.181710,2.546433
1892,UNS 2024-11-09,2024-01-01,3,Plaid Cymru,#005B54,3,291.318157,0.448182
1892,UNS 2024-11-09,2024-01-01,2,Reform UK,#12B6CF,17,12247.254328,18.841930
1892,UNS 2024-11-09,2024-01-01,12,SDLP,#2AA82C,2,223.765468,0.344255
1892,UNS 2024-11-09,2024-01-01,8,Scottish National Party,#FFF95D,8,1498.281592,2.305049
1892,UNS 2024-11-09,2024-01-01,13,Sinn Féin,#326760,7,528.288985,0.812752
1892,UNS 2024-11-09,2024-01-01,11,Ulster Unionist Party,#48A5EE,1,229.851610,0.353618
1893,UNS 2024-11-10,2024-01-01,10,Alliance,#F6CB2F,1,295.139650,0.454061
1893,UNS 2024-11-10,2024-01-01,4,Conservative,#0087DC,174,15451.515487,23.771562
1893,UNS 2024-11-10,2024-01-01,9,Democratic Unionist Party,#D46A4C,6,436.075878,0.670886
1893,UNS 2024-11-10,2024-01-01,6,Green,#6AB023,4,5066.493172,7.794605
1893,UNS 2024-11-10,2024-01-01,1,Labour,#E4003B,354,19399.377241,29.845196
1893,UNS 2024-11-10,2024-01-01,5,Liberal Democrats,#FAA61A,65,7677.456722,11.811472
1893,UNS 2024-11-10,2024-01-01,7,Other,#808080,8,1655.181710,2.546433
1893,UNS 2024-11-10,2024-01-01,3,Plaid Cymru,#005B54,3,291.318157,0.448182
1893,UNS 2024-11-10,2024-01-01,2,Reform UK,#12B6CF,17,12247.254328,18.841930
1893,UNS 2024-11-10,2024-01-01,12,SDLP,#2AA82C,2,223.765468,0.344255
1893,UNS 2024-11-10,2024-01-01,8,Scottish National Party,#FFF95D,8,1498.281592,2.305049
1893,UNS 2024-11-10,2024-01-01,13,Sinn Féin,#326760,7,528.288985,0.812752
1893,UNS 2024-11-10,2024-01-01,11,Ulster Unionist Party,#48A5EE,1,229.851610,0.353618
1894,UNS 2024-11-11,2024-01-01,10,Alliance,#F6CB2F,1,295.139650,0.454061
1894,UNS 2024-11-11,2024-01-01,4,Conservative,#0087DC,174,15451.515487,23.771562
1894,UNS 2024-11-11,2024-01-01,9,Democratic Unionist Party,#D46A4C,6,436.075878,0.670886
1894,UNS 2024-11-11,2024-01-01,6,Green,#6AB023,4,5066.493172,7.794605
1894,UNS 2024-11-11,2024-01-01,1,Labour,#E4003B,354,19399.377241,29.845196
1894,UNS 2024-11-11,2024-01-01,5,Liberal Democrats,#FAA61A,65,7677.456722,11.811472
1894,UNS 2024-11-11,2024-01-01,7,Other,#808080,8,1655.181710,2.546433
1894,UNS 2024-11-11,2024-01-01,3,Plaid Cymru,#005B54,3,291.318157,0.448182
1894,UNS 2024-11-11,2024-01-01,2,Reform UK,#12B6CF,17,12247.254328,18.841930
1894,UNS 2024-11-11,2024-01-01,12,SDLP,#2AA82C,2,223.765468,0.344255
1894,UNS 2024-11-11,2024-01-01,8,Scottish National Party,#FFF95D,8,1498.281592,2.305049
1894,UNS 2024-11-11,2024-01-01,13,Sinn Féin,#326760,7,528.288985,0.812752
1894,UNS 2024-11-11,2024-01-01,11,Ulster Unionist Party,#48A5EE,1,229.851610,0.353618
1895,UNS 2024-11-12,2024-01-01,10,Alliance,#F6CB2F,1,295.139650,0.454061
1895,UNS 2024-11-12,2024-01-01,4,Conservative,#0087DC,174,15451.515487,23.771562
1895,UNS 2024-11-12,2024-01-01,9,Democratic Unionist Party,#D46A4C,6,436.075878,0.670886
1895,UNS 2024-11-12,2024-01-01,6,Green,#6AB023,4,5066.493172,7.794605
1895,UNS 2024-11-12,2024-01-01,1,Labour,#E4003B,354,19399.377241,29.845196
1895,UNS 2024-11-12,2024-01-01,5,Liberal Democrats,#FAA61A,65,7677.456722,11.811472
1895,UNS 2024-11-12,2024-01-01,7,Other,#808080,8,1655.181710,2.546433
1895,UNS 2024-11-12,2024-01-01,3,Plaid Cymru,#005B54,3,291.318157,0.448182
1895,UNS 2024-11-12,2024-01-01,2,Reform UK,#12B6CF,17,12247.254328,18.841930
1895,UNS 2024-11-12,2024-01-01,12,SDLP,#2AA82C,2,223.765468,0.344255
1895,UNS 2024-11-12,2024-01-01,8,Scottish National Party,#FFF95D,8,1498.281592,2.305049
1895,UNS 2024-11-12,2024-01-01,13,Sinn Féin,#326760,7,528.288985,0.812752
1895,UNS 2024-11-12,2024-01-01,11,Ulster Unionist Party,#48A5EE,1,229.851610,0.353618
1896,UNS 2024-11-13,2024-01-01,10,Alliance,#F6CB2F,1,295.139650,0.454061
1896,UNS 2024-11-13,2024-01-01,4,Conservative,#0087DC,174,15451.515487,23.771562
1896,UNS 2024-11-13,2024-01-01,9,Democratic Unionist Party,#D46A4C,6,436.075878,0.670886
1896,UNS 2024-11-13,2024-01-01,6,Green,#6AB023,4,5066.493172,7.794605
1896,UNS 2024-11-13,2024-01-01,1,Labour,#E4003B,354,19399.377241,29.845196
1896,UNS 2024-11-13,2024-01-01,5,Liberal Democrats,#FAA61A,65,7677.456722,11.811472
1896,UNS 2024-11-13,2024-01-01,7,Other,#808080,8,1655.181710,2.546433
1896,UNS 2024-11-13,2024-01-01,3,Plaid Cymru,#005B54,3,291.318157,0.448182
1896,UNS 2024-11-13,2024-01-01,2,Reform UK,#12B6CF,17,12247.254328,18.841930
1896,UNS 2024-11-13,2024-01-01,12,SDLP,#2AA82C,2,223.765468,0.344255
1896,UNS 2024-11-13,2024-01-01,8,Scottish National Party,#FFF95D,8,1498.281592,2.305049
1896,UNS 2024-11-13,2024-01-01,13,Sinn Féin,#326760,7,528.288985,0.812752
1896,UNS 2024-11-13,2024-01-01,11,Ulster Unionist Party,#48A5EE,1,229.851610,0.353618
1897,UNS 2024-11-14,2024-01-01,10,Alliance,#F6CB2F,1,295.139650,0.454061
1897,UNS 2024-11-14,2024-01-01,4,Conservative,#0087DC,174,15451.515487,23.771562
1897,UNS 2024-11-14,2024-01-01,9,Democratic Unionist Party,#D46A4C,6,436.075878,0.670886
1897,UNS 2024-11-14,2024-01-01,6,Green,#6AB023,4,5066.493172,7.794605
1897,UNS 2024-11-14,2024-01-01,1,Labour,#E4003B,354,19399.377241,29.845196
1897,UNS 2024-11-14,2024-01-01,5,Liberal Democrats,#FAA61A,65,7677.456722,11.811472
1897,UNS 2024-11-14,2024-01-01,7,Other,#808080,8,1655.181710,2.546433
1897,UNS 2024-11-14,2024-01-01,3,Plaid Cymru,#005B54,3,291.318157,0.448182
1897,UNS 2024-11-14,2024-01-01,2,Reform UK,#12B6CF,17,12247.254328,18.841930
1897,UNS 2024-11-14,2024-01-01,12,SDLP,#2AA82C,2,223.765468,0.344255
1897,UNS 2024-11-14,2024-01-01,8,Scottish National Party,#FFF95D,8,1498.281592,2.305049
1897,UNS 2024-11-14,2024-01-01,13,Sinn Féin,#326760,7,528.288985,0.812752
1897,UNS 2024-11-14,2024-01-01,11,Ulster Unionist Party,#48A5EE,1,229.851610,0.353618
1898,UNS 2024-11-15,2024-01-01,10,Alliance,#F6CB2F,1,295.139650,0.454061
1898,UNS 2024-11-15,2024-01-01,4,Conservative,#0087DC,174,15451.515487,23.771562
1898,UNS 2024-11-15,2024-01-01,9,Democratic Unionist Party,#D46A4C,6,436.075878,0.670886
1898,UNS 2024-11-15,2024-01-01,6,Green,#6AB023,4,5066.493172,7.794605
1898,UNS 2024-11-15,2024-01-01,1,Labour,#E4003B,354,19399.377241,29.845196
1898,UNS 2024-11-15,2024-01-01,5,Liberal Democrats,#FAA61A,65,7677.456722,11.811472
1898,UNS 2024-11-15,2024-01-01,7,Other,#808080,8,1655.181710,2.546433
1898,UNS 2024-11-15,2024-01-01,3,Plaid Cymru,#005B54,3,291.318157,0.448182
1898,UNS 2024-11-15,2024-01-01,2,Reform UK,#12B6CF,17,12247.254328,18.841930
1898,UNS 2024-11-15,2024-01-01,12,SDLP,#2AA82C,2,223.765468,0.344255
1898,UNS 2024-11-15,2024-01-01,8,Scottish National Party,#FFF95D,8,1498.281592,2.305049
1898,UNS 2024-11-15,2024-01-01,13,Sinn Féin,#326760,7,528.288985,0.812752
1898,UNS 2024-11-15,2024-01-01,11,Ulster Unionist Party,#48A5EE,1,229.851610,0.353618
1899,UNS 2024-11-16,2024-01-01,10,Alliance,#F6CB2F,1,295.139650,0.454061
1899,UNS 2024-11-16,2024-01-01,4,Conservative,#0087DC,174,15451.515487,23.771562
1899,UNS 2024-11-16,2024-01-01,9,Democratic Unionist Party,#D46A4C,6,436.075878,0.670886
1899,UNS 2024-11-16,2024-01-01,6,Green,#6AB023,4,5066.493172,7.794605
1899,UNS 2024-11-16,2024-01-01,1,Labour,#E4003B,354,19399.377241,29.845196
1899,UNS 2024-11-16,2024-01-01,5,Liberal Democrats,#FAA61A,65,7677.456722,11.811472
1899,UNS 2024-11-16,2024-01-01,7,Other,#808080,8,1655.181710,2.546433
1899,UNS 2024-11-16,2024-01-01,3,Plaid Cymru,#005B54,3,291.318157,0.448182
1899,UNS 2024-11-16,2024-01-01,2,Reform UK,#12B6CF,17,12247.254328,18.841930
1899,UNS 2024-11-16,2024-01-01,12,SDLP,#2AA82C,2,223.765468,0.344255
1899,UNS 2024-11-16,2024-01-01,8,Scottish National Party,#FFF95D,8,1498.281592,2.305049
1899,UNS 2024-11-16,2024-01-01,13,Sinn Féin,#326760,7,528.288985,0.812752
1899,UNS 2024-11-16,2024-01-01,11,Ulster Unionist Party,#48A5EE,1,229.851610,0.353618
1900,UNS 2024-11-17,2024-01-01,10,Alliance,#F6CB2F,1,295.139650,0.454061
1900,UNS 2024-11-17,2024-01-01,4,Conservative,#0087DC,174,15451.515487,23.771562
1900,UNS 2024-11-17,2024-01-01,9,Democratic Unionist Party,#D46A4C,6,436.075878,0.670886
1900,UNS 2024-11-17,2024-01-01,6,Green,#6AB023,4,5066.493172,7.794605
1900,UNS 2024-11-17,2024-01-01,1,Labour,#E4003B,354,19399.377241,29.845196
1900,UNS 2024-11-17,2024-01-01,5,Liberal Democrats,#FAA61A,65,7677.456722,11.811472
1900,UNS 2024-11-17,2024-01-01,7,Other,#808080,8,1655.181710,2.546433
1900,UNS 2024-11-17,2024-01-01,3,Plaid Cymru,#005B54,3,291.318157,0.448182
1900,UNS 2024-11-17,2024-01-01,2,Reform UK,#12B6CF,17,12247.254328,18.841930
1900,UNS 2024-11-17,2024-01-01,12,SDLP,#2AA82C,2,223.765468,0.344255
1900,UNS 2024-11-17,2024-01-01,8,Scottish National Party,#FFF95D,8,1498.281592,2.305049
1900,UNS 2024-11-17,2024-01-01,13,Sinn Féin,#326760,7,528.288985,0.812752
1900,UNS 2024-11-17,2024-01-01,11,Ulster Unionist Party,#48A5EE,1,229.851610,0.353618
1901,UNS 2024-11-18,2024-01-01,10,Alliance,#F6CB2F,1,295.139650,0.454061
1901,UNS 2024-11-18,2024-01-01,4,Conservative,#0087DC,188,15937.674073,24.519499
1901,UNS 2024-11-18,2024-01-01,9,Democratic Unionist Party,#D46A4C,6,436.075878,0.670886
1901,UNS 2024-11-18,2024-01-01,6,Green,#6AB023,4,5133.822782,7.898189
1901,UNS 2024-11-18,2024-01-01,1,Labour,#E4003B,330,18897.676377,29.073348
1901,UNS 2024-11-18,2024-01-01,5,Liberal Democrats,#FAA61A,66,7476.797143,11.502765
1901,UNS 2024-11-18,2024-01-01,7,Other,#808080,8,1578.154548,2.427930
1901,UNS 2024-11-18,2024-01-01,3,Plaid Cymru,#005B54,4,358.980048,0.552277
1901,UNS 2024-11-18,2024-01-01,2,Reform UK,#12B6CF,9,11937.012107,18.364634
1901,UNS 2024-11-18,2024-01-01,12,SDLP,#2AA82C,2,223.765468,0.344255
1901,UNS 2024-11-18,2024-01-01,8,Scottish National Party,#FFF95D,24,1966.761333,3.025787
1901,UNS 2024-11-18,2024-01-01,13,Sinn Féin,#326760,7,528.288985,0.812752
1901,UNS 2024-11-18,2024-01-01,11,Ulster Unionist Party,#48A5EE,1,229.851610,0.353618
1902,UNS 2024-11-19,2024-01-01,10,Alliance,#F6CB2F,1,295.139650,0.454061
1902,UNS 2024-11-19,2024-01-01,4,Conservative,#0087DC,188,15937.674073,24.519499
1902,UNS 2024-11-19,2024-01-01,9,Democratic Unionist Party,#D46A4C,6,436.075878,0.670886
1902,UNS 2024-11-19,2024-01-01,6,Green,#6AB023,4,5133.822782,7.898189
1902,UNS 2024-11-19,2024-01-01,1,Labour,#E4003B,330,18897.676377,29.073348
1902,UNS 2024-11-19,2024-01-01,5,Liberal Democrats,#FAA61A,66,7476.797143,11.502765
1902,UNS 2024-11-19,2024-01-01,7,Other,#808080,8,1578.154548,2.427930
1902,UNS 2024-11-19,2024-01-01,3,Plaid Cymru,#005B54,4,358.980048,0.552277
1902,UNS 2024-11-19,2024-01-01,2,Reform UK,#12B6CF,9,11937.012107,18.364634
1902,UNS 2024-11-19,2024-01-01,12,SDLP,#2AA82C,2,223.765468,0.344255
1902,UNS 2024-11-19,2024-01-01,8,Scottish National Party,#FFF95D,24,1966.761333,3.025787
1902,UNS 2024-11-19,2024-01-01,13,Sinn Féin,#326760,7,528.288985,0.812752
1902,UNS 2024-11-19,2024-01-01,11,Ulster Unionist Party,#48A5EE,1,229.851610,0.353618
1903,UNS 2024-11-20,2024-01-01,10,Alliance,#F6CB2F,1,295.139650,0.454061
1903,UNS 2024-11-20,2024-01-01,4,Conservative,#0087DC,188,15937.674073,24.519499
1903,UNS 2024-11-20,2024-01-01,9,Democratic Unionist Party,#D46A4C,6,436.075878,0.670886
1903,UNS 2024-11-20,2024-01-01,6,Green,#6AB023,4,5133.822782,7.898189
1903,UNS 2024-11-20,2024-01-01,1,Labour,#E4003B,330,18897.676377,29.073348
1903,UNS 2024-11-20,2024-01-01,5,Liberal Democrats,#FAA61A,66,7476.797143,11.502765
1903,UNS 2024-11-20,2024-01-01,7,Other,#808080,8,1578.154548,2.427930
1903,UNS 2024-11-20,2024-01-01,3,Plaid Cymru,#005B54,4,358.980048,0.552277
1903,UNS 2024-11-20,2024-01-01,2,Reform UK,#12B6CF,9,11937.012107,18.364634
1903,UNS 2024-11-20,2024-01-01,12,SDLP,#2AA82C,2,223.765468,0.344255
1903,UNS 2024-11-20,2024-01-01,8,Scottish National Party,#FFF95D,24,1966.761333,3.025787
1903,UNS 2024-11-20,2024-01-01,13,Sinn Féin,#326760,7,528.288985,0.812752
1903,UNS 2024-11-20,2024-01-01,11,Ulster Unionist Party,#48A5EE,1,229.851610,0.353618
1904,UNS 2024-11-21,2024-01-01,10,Alliance,#F6CB2F,1,295.139650,0.454061
1904,UNS 2024-11-21,2024-01-01,4,Conservative,#0087DC,188,15937.674073,24.519499
1904,UNS 2024-11-21,2024-01-01,9,Democratic Unionist Party,#D46A4C,6,436.075878,0.670886
1904,UNS 2024-11-21,2024-01-01,6,Green,#6AB023,4,5133.822782,7.898189
1904,UNS 2024-11-21,2024-01-01,1,Labour,#E4003B,330,18897.676377,29.073348
1904,UNS 2024-11-21,2024-01-01,5,Liberal Democrats,#FAA61A,66,7476.797143,11.502765
1904,UNS 2024-11-21,2024-01-01,7,Other,#808080,8,1578.154548,2.427930
1904,UNS 2024-11-21,2024-01-01,3,Plaid Cymru,#005B54,4,358.980048,0.552277
1904,UNS 2024-11-21,2024-01-01,2,Reform UK,#12B6CF,9,11937.012107,18.364634
1904,UNS 2024-11-21,2024-01-01,12,SDLP,#2AA82C,2,223.765468,0.344255
1904,UNS 2024-11-21,2024-01-01,8,Scottish National Party,#FFF95D,24,1966.761333,3.025787
1904,UNS 2024-11-21,2024-01-01,13,Sinn Féin,#326760,7,528.288985,0.812752
1904,UNS 2024-11-21,2024-01-01,11,Ulster Unionist Party,#48A5EE,1,229.851610,0.353618
1905,UNS 2024-11-22,2024-01-01,10,Alliance,#F6CB2F,1,295.139650,0.454061
1905,UNS 2024-11-22,2024-01-01,4,Conservative,#0087DC,188,15937.674073,24.519499
1905,UNS 2024-11-22,2024-01-01,9,Democratic Unionist Party,#D46A4C,6,436.075878,0.670886
1905,UNS 2024-11-22,2024-01-01,6,Green,#6AB023,4,5133.822782,7.898189
1905,UNS 2024-11-22,2024-01-01,1,Labour,#E4003B,330,18897.676377,29.073348
1905,UNS 2024-11-22,2024-01-01,5,Liberal Democrats,#FAA61A,66,7476.797143,11.502765
1905,UNS 2024-11-22,2024-01-01,7,Other,#808080,8,1578.154548,2.427930
1905,UNS 2024-11-22,2024-01-01,3,Plaid Cymru,#005B54,4,358.980048,0.552277
1905,UNS 2024-11-22,2024-01-01,2,Reform UK,#12B6CF,9,11937.012107,18.364634
1905,UNS 2024-11-22,2024-01-01,12,SDLP,#2AA82C,2,223.765468,0.344255
1905,UNS 2024-11-22,2024-01-01,8,Scottish National Party,#FFF95D,24,1966.761333,3.025787
1905,UNS 2024-11-22,2024-01-01,13,Sinn Féin,#326760,7,528.288985,0.812752
1905,UNS 2024-11-22,2024-01-01,11,Ulster Unionist Party,#48A5EE,1,229.851610,0.353618
1906,UNS 2024-11-23,2024-01-01,10,Alliance,#F6CB2F,1,295.139650,0.454061
1906,UNS 2024-11-23,2024-01-01,4,Conservative,#0087DC,188,15937.674073,24.519499
1906,UNS 2024-11-23,2024-01-01,9,Democratic Unionist Party,#D46A4C,6,436.075878,0.670886
1906,UNS 2024-11-23,2024-01-01,6,Green,#6AB023,4,5133.822782,7.898189
1906,UNS 2024-11-23,2024-01-01,1,Labour,#E4003B,330,18897.676377,29.073348
1906,UNS 2024-11-23,2024-01-01,5,Liberal Democrats,#FAA61A,66,7476.797143,11.502765
1906,UNS 2024-11-23,2024-01-01,7,Other,#808080,8,1578.154548,2.427930
1906,UNS 2024-11-23,2024-01-01,3,Plaid Cymru,#005B54,4,358.980048,0.552277
1906,UNS 2024-11-23,2024-01-01,2,Reform UK,#12B6CF,9,11937.012107,18.364634
1906,UNS 2024-11-23,2024-01-01,12,SDLP,#2AA82C,2,223.765468,0.344255
1906,UNS 2024-11-23,2024-01-01,8,Scottish National Party,#FFF95D,24,1966.761333,3.025787
1906,UNS 2024-11-23,2024-01-01,13,Sinn Féin,#326760,7,528.288985,0.812752
1906,UNS 2024-11-23,2024-01-01,11,Ulster Unionist Party,#48A5EE,1,229.851610,0.353618
1907,UNS 2024-11-24,2024-01-01,10,Alliance,#F6CB2F,1,295.139650,0.454061
1907,UNS 2024-11-24,2024-01-01,4,Conservative,#0087DC,188,15937.674073,24.519499
1907,UNS 2024-11-24,2024-01-01,9,Democratic Unionist Party,#D46A4C,6,436.075878,0.670886
1907,UNS 2024-11-24,2024-01-01,6,Green,#6AB023,4,5133.822782,7.898189
1907,UNS 2024-11-24,2024-01-01,1,Labour,#E4003B,330,18897.676377,29.073348
1907,UNS 2024-11-24,2024-01-01,5,Liberal Democrats,#FAA61A,66,7476.797143,11.502765
1907,UNS 2024-11-24,2024-01-01,7,Other,#808080,8,1578.154548,2.427930
1907,UNS 2024-11-24,2024-01-01,3,Plaid Cymru,#005B54,4,358.980048,0.552277
1907,UNS 2024-11-24,2024-01-01,2,Reform UK,#12B6CF,9,11937.012107,18.364634
1907,UNS 2024-11-24,2024-01-01,12,SDLP,#2AA82C,2,223.765468,0.344255
1907,UNS 2024-11-24,2024-01-01,8,Scottish National Party,#FFF95D,24,1966.761333,3.025787
1907,UNS 2024-11-24,2024-01-01,13,Sinn Féin,#326760,7,528.288985,0.812752
1907,UNS 2024-11-24,2024-01-01,11,Ulster Unionist Party,#48A5EE,1,229.851610,0.353618
1908,UNS 2024-11-25,2024-01-01,10,Alliance,#F6CB2F,1,295.139650,0.454061
1908,UNS 2024-11-25,2024-01-01,4,Conservative,#0087DC,188,15937.674073,24.519499
1908,UNS 2024-11-25,2024-01-01,9,Democratic Unionist Party,#D46A4C,6,436.075878,0.670886
1908,UNS 2024-11-25,2024-01-01,6,Green,#6AB023,4,5133.822782,7.898189
1908,UNS 2024-11-25,2024-01-01,1,Labour,#E4003B,330,18897.676377,29.073348
1908,UNS 2024-11-25,2024-01-01,5,Liberal Democrats,#FAA61A,66,7476.797143,11.502765
1908,UNS 2024-11-25,2024-01-01,7,Other,#808080,8,1578.154548,2.427930
1908,UNS 2024-11-25,2024-01-01,3,Plaid Cymru,#005B54,4,358.980048,0.552277
1908,UNS 2024-11-25,2024-01-01,2,Reform UK,#12B6CF,9,11937.012107,18.364634
1908,UNS 2024-11-25,2024-01-01,12,SDLP,#2AA82C,2,223.765468,0.344255
1908,UNS 2024-11-25,2024-01-01,8,Scottish National Party,#FFF95D,24,1966.761333,3.025787
1908,UNS 2024-11-25,2024-01-01,13,Sinn Féin,#326760,7,528.288985,0.812752
1908,UNS 2024-11-25,2024-01-01,11,Ulster Unionist Party,#48A5EE,1,229.851610,0.353618
1909,UNS 2024-11-26,2024-01-01,10,Alliance,#F6CB2F,1,295.139650,0.454061
1909,UNS 2024-11-26,2024-01-01,4,Conservative,#0087DC,188,15937.674073,24.519499
1909,UNS 2024-11-26,2024-01-01,9,Democratic Unionist Party,#D46A4C,6,436.075878,0.670886
1909,UNS 2024-11-26,2024-01-01,6,Green,#6AB023,4,5133.822782,7.898189
1909,UNS 2024-11-26,2024-01-01,1,Labour,#E4003B,330,18897.676377,29.073348
1909,UNS 2024-11-26,2024-01-01,5,Liberal Democrats,#FAA61A,66,7476.797143,11.502765
1909,UNS 2024-11-26,2024-01-01,7,Other,#808080,8,1578.154548,2.427930
1909,UNS 2024-11-26,2024-01-01,3,Plaid Cymru,#005B54,4,358.980048,0.552277
1909,UNS 2024-11-26,2024-01-01,2,Reform UK,#12B6CF,9,11937.012107,18.364634
1909,UNS 2024-11-26,2024-01-01,12,SDLP,#2AA82C,2,223.765468,0.344255
1909,UNS 2024-11-26,2024-01-01,8,Scottish National Party,#FFF95D,24,1966.761333,3.025787
1909,UNS 2024-11-26,2024-01-01,13,Sinn Féin,#326760,7,528.288985,0.812752
1909,UNS 2024-11-26,2024-01-01,11,Ulster Unionist Party,#48A5EE,1,229.851610,0.353618
1910,UNS 2024-11-27,2024-01-01,10,Alliance,#F6CB2F,1,295.139650,0.454061
1910,UNS 2024-11-27,2024-01-01,4,Conservative,#0087DC,205,16671.776189,25.648886
1910,UNS 2024-11-27,2024-01-01,9,Democratic Unionist Party,#D46A4C,6,436.075878,0.670886
1910,UNS 2024-11-27,2024-01-01,6,Green,#6AB023,5,5203.801197,8.005848
1910,UNS 2024-11-27,2024-01-01,1,Labour,#E4003B,289,17693.489979,27.220754
1910,UNS 2024-11-27,2024-01-01,5,Liberal Democrats,#FAA61A,68,7325.069106,11.269337
1910,UNS 2024-11-27,2024-01-01,7,Other,#808080,12,1732.030514,2.664662
1910,UNS 2024-11-27,2024-01-01,3,Plaid Cymru,#005B54,3,413.709180,0.636476
1910,UNS 2024-11-27,2024-01-01,2,Reform UK,#12B6CF,23,12484.062770,19.206250
1910,UNS 2024-11-27,2024-01-01,12,SDLP,#2AA82C,2,223.765468,0.344255
1910,UNS 2024-11-27,2024-01-01,8,Scottish National Party,#FFF95D,28,1762.939476,2.712215
1910,UNS 2024-11-27,2024-01-01,13,Sinn Féin,#326760,7,528.288985,0.812752
1910,UNS 2024-11-27,2024-01-01,11,Ulster Unionist Party,#48A5EE,1,229.851610,0.353618
1911,UNS 2024-11-28,2024-01-01,10,Alliance,#F6CB2F,1,295.139650,0.454061
1911,UNS 2024-11-28,2024-01-01,4,Conservative,#0087DC,205,16671.776189,25.648886
1911,UNS 2024-11-28,2024-01-01,9,Democratic Unionist Party,#D46A4C,6,436.075878,0.670886
1911,UNS 2024-11-28,2024-01-01,6,Green,#6AB023,5,5203.801197,8.005848
1911,UNS 2024-11-28,2024-01-01,1,Labour,#E4003B,289,17693.489979,27.220754
1911,UNS 2024-11-28,2024-01-01,5,Liberal Democrats,#FAA61A,68,7325.069106,11.269337
1911,UNS 2024-11-28,2024-01-01,7,Other,#808080,12,1732.030514,2.664662
1911,UNS 2024-11-28,2024-01-01,3,Plaid Cymru,#005B54,3,413.709180,0.636476
1911,UNS 2024-11-28,2024-01-01,2,Reform UK,#12B6CF,23,12484.062770,19.206250
1911,UNS 2024-11-28,2024-01-01,12,SDLP,#2AA82C,2,223.765468,0.344255
1911,UNS 2024-11-28,2024-01-01,8,Scottish National Party,#FFF95D,28,1762.939476,2.712215
1911,UNS 2024-11-28,2024-01-01,13,Sinn Féin,#326760,7,528.288985,0.812752
1911,UNS 2024-11-28,2024-01-01,11,Ulster Unionist Party,#48A5EE,1,229.851610,0.353618
1912,UNS 2024-11-29,2024-01-01,10,Alliance,#F6CB2F,1,295.139650,0.454061
1912,UNS 2024-11-29,2024-01-01,4,Conservative,#0087DC,205,16671.776189,25.648886
1912,UNS 2024-11-29,2024-01-01,9,Democratic Unionist Party,#D46A4C,6,436.075878,0.670886
1912,UNS 2024-11-29,2024-01-01,6,Green,#6AB023,5,5203.801197,8.005848
1912,UNS 2024-11-29,2024-01-01,1,Labour,#E4003B,289,17693.489979,27.220754
1912,UNS 2024-11-29,2024-01-01,5,Liberal Democrats,#FAA61A,68,7325.069106,11.269337
1912,UNS 2024-11-29,2024-01-01,7,Other,#808080,12,1732.030514,2.664662
1912,UNS 2024-11-29,2024-01-01,3,Plaid Cymru,#005B54,3,413.709180,0.636476
1912,UNS 2024-11-29,2024-01-01,2,Reform UK,#12B6CF,23,12484.062770,19.206250
1912,UNS 2024-11-29,2024-01-01,12,SDLP,#2AA82C,2,223.765468,0.344255
1912,UNS 2024-11-29,2024-01-01,8,Scottish National Party,#FFF95D,28,1762.939476,2.712215
1912,UNS 2024-11-29,2024-01-01,13,Sinn Féin,#326760,7,528.288985,0.812752
1912,UNS 2024-11-29,2024-01-01,11,Ulster Unionist Party,#48A5EE,1,229.851610,0.353618
1913,UNS 2024-11-30,2024-01-01,10,Alliance,#F6CB2F,1,295.139650,0.454061
1913,UNS 2024-11-30,2024-01-01,4,Conservative,#0087DC,205,16671.776189,25.648886
1913,UNS 2024-11-30,2024-01-01,9,Democratic Unionist Party,#D46A4C,6,436.075878,0.670886
1913,UNS 2024-11-30,2024-01-01,6,Green,#6AB023,5,5203.801197,8.005848
1913,UNS 2024-11-30,2024-01-01,1,Labour,#E4003B,289,17693.489979,27.220754
1913,UNS 2024-11-30,2024-01-01,5,Liberal Democrats,#FAA61A,68,7325.069106,11.269337
1913,UNS 2024-11-30,2024-01-01,7,Other,#808080,12,1732.030514,2.664662
1913,UNS 2024-11-30,2024-01-01,3,Plaid Cymru,#005B54,3,413.709180,0.636476
1913,UNS 2024-11-30,2024-01-01,2,Reform UK,#12B6CF,23,12484.062770,19.206250
1913,UNS 2024-11-30,2024-01-01,12,SDLP,#2AA82C,2,223.765468,0.344255
1913,UNS 2024-11-30,2024-01-01,8,Scottish National Party,#FFF95D,28,1762.939476,2.712215
1913,UNS 2024-11-30,2024-01-01,13,Sinn Féin,#326760,7,528.288985,0.812752
1913,UNS 2024-11-30,2024-01-01,11,Ulster Unionist Party,#48A5EE,1,229.851610,0.353618
1914,UNS 2024-12-01,2024-01-01,10,Alliance,#F6CB2F,1,295.139650,0.454061
1914,UNS 2024-12-01,2024-01-01,4,Conservative,#0087DC,205,16671.776189,25.648886
1914,UNS 2024-12-01,2024-01-01,9,Democratic Unionist Party,#D46A4C,6,436.075878,0.670886
1914,UNS 2024-12-01,2024-01-01,6,Green,#6AB023,5,5203.801197,8.005848
1914,UNS 2024-12-01,2024-01-01,1,Labour,#E4003B,289,17693.489979,27.220754
1914,UNS 2024-12-01,2024-01-01,5,Liberal Democrats,#FAA61A,68,7325.069106,11.269337
1914,UNS 2024-12-01,2024-01-01,7,Other,#808080,12,1732.030514,2.664662
1914,UNS 2024-12-01,2024-01-01,3,Plaid Cymru,#005B54,3,413.709180,0.636476
1914,UNS 2024-12-01,2024-01-01,2,Reform UK,#12B6CF,23,12484.062770,19.206250
1914,UNS 2024-12-01,2024-01-01,12,SDLP,#2AA82C,2,223.765468,0.344255
1914,UNS 2024-12-01,2024-01-01,8,Scottish National Party,#FFF95D,28,1762.939476,2.712215
1914,UNS 2024-12-01,2024-01-01,13,Sinn Féin,#326760,7,528.288985,0.812752
1914,UNS 2024-12-01,2024-01-01,11,Ulster Unionist Party,#48A5EE,1,229.851610,0.353618
1915,UNS 2024-12-02,2024-01-01,10,Alliance,#F6CB2F,1,295.139650,0.454061
1915,UNS 2024-12-02,2024-01-01,4,Conservative,#0087DC,205,16671.776189,25.648886
1915,UNS 2024-12-02,2024-01-01,9,Democratic Unionist Party,#D46A4C,6,436.075878,0.670886
1915,UNS 2024-12-02,2024-01-01,6,Green,#6AB023,5,5203.801197,8.005848
1915,UNS 2024-12-02,2024-01-01,1,Labour,#E4003B,289,17693.489979,27.220754
1915,UNS 2024-12-02,2024-01-01,5,Liberal Democrats,#FAA61A,68,7325.069106,11.269337
1915,UNS 2024-12-02,2024-01-01,7,Other,#808080,12,1732.030514,2.664662
1915,UNS 2024-12-02,2024-01-01,3,Plaid Cymru,#005B54,3,413.709180,0.636476
1915,UNS 2024-12-02,2024-01-01,2,Reform UK,#12B6CF,23,12484.062770,19.206250
1915,UNS 2024-12-02,2024-01-01,12,SDLP,#2AA82C,2,223.765468,0.344255
1915,UNS 2024-12-02,2024-01-01,8,Scottish National Party,#FFF95D,28,1762.939476,2.712215
1915,UNS 2024-12-02,2024-01-01,13,Sinn Féin,#326760,7,528.288985,0.812752
1915,UNS 2024-12-02,2024-01-01,11,Ulster Unionist Party,#48A5EE,1,229.851610,0.353618
1916,UNS 2024-12-03,2024-01-01,10,Alliance,#F6CB2F,1,295.139650,0.454061
1916,UNS 2024-12-03,2024-01-01,4,Conservative,#0087DC,205,16671.776189,25.648886
1916,UNS 2024-12-03,2024-01-01,9,Democratic Unionist Party,#D46A4C,6,436.075878,0.670886
1916,UNS 2024-12-03,2024-01-01,6,Green,#6AB023,5,5203.801197,8.005848
1916,UNS 2024-12-03,2024-01-01,1,Labour,#E4003B,289,17693.489979,27.220754
1916,UNS 2024-12-03,2024-01-01,5,Liberal Democrats,#FAA61A,68,7325.069106,11.269337
1916,UNS 2024-12-03,2024-01-01,7,Other,#808080,12,1732.030514,2.664662
1916,UNS 2024-12-03,2024-01-01,3,Plaid Cymru,#005B54,3,413.709180,0.636476
1916,UNS 2024-12-03,2024-01-01,2,Reform UK,#12B6CF,23,12484.062770,19.206250
1916,UNS 2024-12-03,2024-01-01,12,SDLP,#2AA82C,2,223.765468,0.344255
1916,UNS 2024-12-03,2024-01-01,8,Scottish National Party,#FFF95D,28,1762.939476,2.712215
1916,UNS 2024-12-03,2024-01-01,13,Sinn Féin,#326760,7,528.288985,0.812752
1916,UNS 2024-12-03,2024-01-01,11,Ulster Unionist Party,#48A5EE,1,229.851610,0.353618
1917,UNS 2024-12-04,2024-01-01,10,Alliance,#F6CB2F,1,295.139650,0.454061
1917,UNS 2024-12-04,2024-01-01,4,Conservative,#0087DC,205,16671.776189,25.648886
1917,UNS 2024-12-04,2024-01-01,9,Democratic Unionist Party,#D46A4C,6,436.075878,0.670886
1917,UNS 2024-12-04,2024-01-01,6,Green,#6AB023,5,5203.801197,8.005848
1917,UNS 2024-12-04,2024-01-01,1,Labour,#E4003B,289,17693.489979,27.220754
1917,UNS 2024-12-04,2024-01-01,5,Liberal Democrats,#FAA61A,68,7325.069106,11.269337
1917,UNS 2024-12-04,2024-01-01,7,Other,#808080,12,1732.030514,2.664662
1917,UNS 2024-12-04,2024-01-01,3,Plaid Cymru,#005B54,3,413.709180,0.636476
1917,UNS 2024-12-04,2024-01-01,2,Reform UK,#12B6CF,23,12484.062770,19.206250
1917,UNS 2024-12-04,2024-01-01,12,SDLP,#2AA82C,2,223.765468,0.344255
1917,UNS 2024-12-04,2024-01-01,8,Scottish National Party,#FFF95D,28,1762.939476,2.712215
1917,UNS 2024-12-04,2024-01-01,13,Sinn Féin,#326760,7,528.288985,0.812752
1917,UNS 2024-12-04,2024-01-01,11,Ulster Unionist Party,#48A5EE,1,229.851610,0.353618
1918,UNS 2024-12-05,2024-01-01,10,Alliance,#F6CB2F,1,295.139650,0.454061
1918,UNS 2024-12-05,2024-01-01,4,Conservative,#0087DC,205,16671.776189,25.648886
1918,UNS 2024-12-05,2024-01-01,9,Democratic Unionist Party,#D46A4C,6,436.075878,0.670886
1918,UNS 2024-12-05,2024-01-01,6,Green,#6AB023,5,5203.801197,8.005848
1918,UNS 2024-12-05,2024-01-01,1,Labour,#E4003B,289,17693.489979,27.220754
1918,UNS 2024-12-05,2024-01-01,5,Liberal Democrats,#FAA61A,68,7325.069106,11.269337
1918,UNS 2024-12-05,2024-01-01,7,Other,#808080,12,1732.030514,2.664662
1918,UNS 2024-12-05,2024-01-01,3,Plaid Cymru,#005B54,3,413.709180,0.636476
1918,UNS 2024-12-05,2024-01-01,2,Reform UK,#12B6CF,23,12484.062770,19.206250
1918,UNS 2024-12-05,2024-01-01,12,SDLP,#2AA82C,2,223.765468,0.344255
1918,UNS 2024-12-05,2024-01-01,8,Scottish National Party,#FFF95D,28,1762.939476,2.712215
1918,UNS 2024-12-05,2024-01-01,13,Sinn Féin,#326760,7,528.288985,0.812752
1918,UNS 2024-12-05,2024-01-01,11,Ulster Unionist Party,#48A5EE,1,229.851610,0.353618
1919,UNS 2024-12-06,2024-01-01,10,Alliance,#F6CB2F,1,295.139650,0.454061
1919,UNS 2024-12-06,2024-01-01,4,Conservative,#0087DC,205,16671.776189,25.648886
1919,UNS 2024-12-06,2024-01-01,9,Democratic Unionist Party,#D46A4C,6,436.075878,0.670886
1919,UNS 2024-12-06,2024-01-01,6,Green,#6AB023,5,5203.801197,8.005848
1919,UNS 2024-12-06,2024-01-01,1,Labour,#E4003B,289,17693.489979,27.220754
1919,UNS 2024-12-06,2024-01-01,5,Liberal Democrats,#FAA61A,68,7325.069106,11.269337
1919,UNS 2024-12-06,2024-01-01,7,Other,#808080,12,1732.030514,2.664662
1919,UNS 2024-12-06,2024-01-01,3,Plaid Cymru,#005B54,3,413.709180,0.636476
1919,UNS 2024-12-06,2024-01-01,2,Reform UK,#12B6CF,23,12484.062770,19.206250
1919,UNS 2024-12-06,2024-01-01,12,SDLP,#2AA82C,2,223.765468,0.344255
1919,UNS 2024-12-06,2024-01-01,8,Scottish National Party,#FFF95D,28,1762.939476,2.712215
1919,UNS 2024-12-06,2024-01-01,13,Sinn Féin,#326760,7,528.288985,0.812752
1919,UNS 2024-12-06,2024-01-01,11,Ulster Unionist Party,#48A5EE,1,229.851610,0.353618
1920,UNS 2024-12-07,2024-01-01,10,Alliance,#F6CB2F,1,295.139650,0.454061
1920,UNS 2024-12-07,2024-01-01,4,Conservative,#0087DC,205,16671.776189,25.648886
1920,UNS 2024-12-07,2024-01-01,9,Democratic Unionist Party,#D46A4C,6,436.075878,0.670886
1920,UNS 2024-12-07,2024-01-01,6,Green,#6AB023,5,5203.801197,8.005848
1920,UNS 2024-12-07,2024-01-01,1,Labour,#E4003B,289,17693.489979,27.220754
1920,UNS 2024-12-07,2024-01-01,5,Liberal Democrats,#FAA61A,68,7325.069106,11.269337
1920,UNS 2024-12-07,2024-01-01,7,Other,#808080,12,1732.030514,2.664662
1920,UNS 2024-12-07,2024-01-01,3,Plaid Cymru,#005B54,3,413.709180,0.636476
1920,UNS 2024-12-07,2024-01-01,2,Reform UK,#12B6CF,23,12484.062770,19.206250
1920,UNS 2024-12-07,2024-01-01,12,SDLP,#2AA82C,2,223.765468,0.344255
1920,UNS 2024-12-07,2024-01-01,8,Scottish National Party,#FFF95D,28,1762.939476,2.712215
1920,UNS 2024-12-07,2024-01-01,13,Sinn Féin,#326760,7,528.288985,0.812752
1920,UNS 2024-12-07,2024-01-01,11,Ulster Unionist Party,#48A5EE,1,229.851610,0.353618
1921,UNS 2024-12-08,2024-01-01,10,Alliance,#F6CB2F,1,295.139650,0.454061
1921,UNS 2024-12-08,2024-01-01,4,Conservative,#0087DC,205,16671.776189,25.648886
1921,UNS 2024-12-08,2024-01-01,9,Democratic Unionist Party,#D46A4C,6,436.075878,0.670886
1921,UNS 2024-12-08,2024-01-01,6,Green,#6AB023,5,5203.801197,8.005848
1921,UNS 2024-12-08,2024-01-01,1,Labour,#E4003B,289,17693.489979,27.220754
1921,UNS 2024-12-08,2024-01-01,5,Liberal Democrats,#FAA61A,68,7325.069106,11.269337
1921,UNS 2024-12-08,2024-01-01,7,Other,#808080,12,1732.030514,2.664662
1921,UNS 2024-12-08,2024-01-01,3,Plaid Cymru,#005B54,3,413.709180,0.636476
1921,UNS 2024-12-08,2024-01-01,2,Reform UK,#12B6CF,23,12484.062770,19.206250
1921,UNS 2024-12-08,2024-01-01,12,SDLP,#2AA82C,2,223.765468,0.344255
1921,UNS 2024-12-08,2024-01-01,8,Scottish National Party,#FFF95D,28,1762.939476,2.712215
1921,UNS 2024-12-08,2024-01-01,13,Sinn Féin,#326760,7,528.288985,0.812752
1921,UNS 2024-12-08,2024-01-01,11,Ulster Unionist Party,#48A5EE,1,229.851610,0.353618
1922,UNS 2024-12-09,2024-01-01,10,Alliance,#F6CB2F,1,295.139650,0.454061
1922,UNS 2024-12-09,2024-01-01,4,Conservative,#0087DC,205,16671.776189,25.648886
1922,UNS 2024-12-09,2024-01-01,9,Democratic Unionist Party,#D46A4C,6,436.075878,0.670886
1922,UNS 2024-12-09,2024-01-01,6,Green,#6AB023,5,5203.801197,8.005848
1922,UNS 2024-12-09,2024-01-01,1,Labour,#E4003B,289,17693.489979,27.220754
1922,UNS 2024-12-09,2024-01-01,5,Liberal Democrats,#FAA61A,68,7325.069106,11.269337
1922,UNS 2024-12-09,2024-01-01,7,Other,#808080,12,1732.030514,2.664662
1922,UNS 2024-12-09,2024-01-01,3,Plaid Cymru,#005B54,3,413.709180,0.636476
1922,UNS 2024-12-09,2024-01-01,2,Reform UK,#12B6CF,23,12484.062770,19.206250
1922,UNS 2024-12-09,2024-01-01,12,SDLP,#2AA82C,2,223.765468,0.344255
1922,UNS 2024-12-09,2024-01-01,8,Scottish National Party,#FFF95D,28,1762.939476,2.712215
1922,UNS 2024-12-09,2024-01-01,13,Sinn Féin,#326760,7,528.288985,0.812752
1922,UNS 2024-12-09,2024-01-01,11,Ulster Unionist Party,#48A5EE,1,229.851610,0.353618
1923,UNS 2024-12-10,2024-01-01,10,Alliance,#F6CB2F,1,295.139650,0.454061
1923,UNS 2024-12-10,2024-01-01,4,Conservative,#0087DC,205,16671.776189,25.648886
1923,UNS 2024-12-10,2024-01-01,9,Democratic Unionist Party,#D46A4C,6,436.075878,0.670886
1923,UNS 2024-12-10,2024-01-01,6,Green,#6AB023,5,5203.801197,8.005848
1923,UNS 2024-12-10,2024-01-01,1,Labour,#E4003B,289,17693.489979,27.220754
1923,UNS 2024-12-10,2024-01-01,5,Liberal Democrats,#FAA61A,68,7325.069106,11.269337
1923,UNS 2024-12-10,2024-01-01,7,Other,#808080,12,1732.030514,2.664662
1923,UNS 2024-12-10,2024-01-01,3,Plaid Cymru,#005B54,3,413.709180,0.636476
1923,UNS 2024-12-10,2024-01-01,2,Reform UK,#12B6CF,23,12484.062770,19.206250
1923,UNS 2024-12-10,2024-01-01,12,SDLP,#2AA82C,2,223.765468,0.344255
1923,UNS 2024-12-10,2024-01-01,8,Scottish National Party,#FFF95D,28,1762.939476,2.712215
1923,UNS 2024-12-10,2024-01-01,13,Sinn Féin,#326760,7,528.288985,0.812752
1923,UNS 2024-12-10,2024-01-01,11,Ulster Unionist Party,#48A5EE,1,229.851610,0.353618
1924,UNS 2024-12-11,2024-01-01,10,Alliance,#F6CB2F,1,295.139650,0.454061
1924,UNS 2024-12-11,2024-01-01,4,Conservative,#0087DC,205,16671.776189,25.648886
1924,UNS 2024-12-11,2024-01-01,9,Democratic Unionist Party,#D46A4C,6,436.075878,0.670886
1924,UNS 2024-12-11,2024-01-01,6,Green,#6AB023,5,5203.801197,8.005848
1924,UNS 2024-12-11,2024-01-01,1,Labour,#E4003B,289,17693.489979,27.220754
1924,UNS 2024-12-11,2024-01-01,5,Liberal Democrats,#FAA61A,68,7325.069106,11.269337
1924,UNS 2024-12-11,2024-01-01,7,Other,#808080,12,1732.030514,2.664662
1924,UNS 2024-12-11,2024-01-01,3,Plaid Cymru,#005B54,3,413.709180,0.636476
1924,UNS 2024-12-11,2024-01-01,2,Reform UK,#12B6CF,23,12484.062770,19.206250
1924,UNS 2024-12-11,2024-01-01,12,SDLP,#2AA82C,2,223.765468,0.344255
1924,UNS 2024-12-11,2024-01-01,8,Scottish National Party,#FFF95D,28,1762.939476,2.712215
1924,UNS 2024-12-11,2024-01-01,13,Sinn Féin,#326760,7,528.288985,0.812752
1924,UNS 2024-12-11,2024-01-01,11,Ulster Unionist Party,#48A5EE,1,229.851610,0.353618
1925,UNS 2024-12-12,2024-01-01,10,Alliance,#F6CB2F,1,295.139650,0.454061
1925,UNS 2024-12-12,2024-01-01,4,Conservative,#0087DC,205,16671.776189,25.648886
1925,UNS 2024-12-12,2024-01-01,9,Democratic Unionist Party,#D46A4C,6,436.075878,0.670886
1925,UNS 2024-12-12,2024-01-01,6,Green,#6AB023,5,5203.801197,8.005848
1925,UNS 2024-12-12,2024-01-01,1,Labour,#E4003B,289,17693.489979,27.220754
1925,UNS 2024-12-12,2024-01-01,5,Liberal Democrats,#FAA61A,68,7325.069106,11.269337
1925,UNS 2024-12-12,2024-01-01,7,Other,#808080,12,1732.030514,2.664662
1925,UNS 2024-12-12,2024-01-01,3,Plaid Cymru,#005B54,3,413.709180,0.636476
1925,UNS 2024-12-12,2024-01-01,2,Reform UK,#12B6CF,23,12484.062770,19.206250
1925,UNS 2024-12-12,2024-01-01,12,SDLP,#2AA82C,2,223.765468,0.344255
1925,UNS 2024-12-12,2024-01-01,8,Scottish National Party,#FFF95D,28,1762.939476,2.712215
1925,UNS 2024-12-12,2024-01-01,13,Sinn Féin,#326760,7,528.288985,0.812752
1925,UNS 2024-12-12,2024-01-01,11,Ulster Unionist Party,#48A5EE,1,229.851610,0.353618
1926,UNS 2024-12-13,2024-01-01,10,Alliance,#F6CB2F,1,295.139650,0.454061
1926,UNS 2024-12-13,2024-01-01,4,Conservative,#0087DC,205,16671.776189,25.648886
1926,UNS 2024-12-13,2024-01-01,9,Democratic Unionist Party,#D46A4C,6,436.075878,0.670886
1926,UNS 2024-12-13,2024-01-01,6,Green,#6AB023,5,5203.801197,8.005848
1926,UNS 2024-12-13,2024-01-01,1,Labour,#E4003B,289,17693.489979,27.220754
1926,UNS 2024-12-13,2024-01-01,5,Liberal Democrats,#FAA61A,68,7325.069106,11.269337
1926,UNS 2024-12-13,2024-01-01,7,Other,#808080,12,1732.030514,2.664662
1926,UNS 2024-12-13,2024-01-01,3,Plaid Cymru,#005B54,3,413.709180,0.636476
1926,UNS 2024-12-13,2024-01-01,2,Reform UK,#12B6CF,23,12484.062770,19.206250
1926,UNS 2024-12-13,2024-01-01,12,SDLP,#2AA82C,2,223.765468,0.344255
1926,UNS 2024-12-13,2024-01-01,8,Scottish National Party,#FFF95D,28,1762.939476,2.712215
1926,UNS 2024-12-13,2024-01-01,13,Sinn Féin,#326760,7,528.288985,0.812752
1926,UNS 2024-12-13,2024-01-01,11,Ulster Unionist Party,#48A5EE,1,229.851610,0.353618
1927,UNS 2024-12-14,2024-01-01,10,Alliance,#F6CB2F,1,295.139650,0.454061
1927,UNS 2024-12-14,2024-01-01,4,Conservative,#0087DC,205,16671.776189,25.648886
1927,UNS 2024-12-14,2024-01-01,9,Democratic Unionist Party,#D46A4C,6,436.075878,0.670886
1927,UNS 2024-12-14,2024-01-01,6,Green,#6AB023,5,5203.801197,8.005848
1927,UNS 2024-12-14,2024-01-01,1,Labour,#E4003B,289,17693.489979,27.220754
1927,UNS 2024-12-14,2024-01-01,5,Liberal Democrats,#FAA61A,68,7325.069106,11.269337
1927,UNS 2024-12-14,2024-01-01,7,Other,#808080,12,1732.030514,2.664662
1927,UNS 2024-12-14,2024-01-01,3,Plaid Cymru,#005B54,3,413.709180,0.636476
1927,UNS 2024-12-14,2024-01-01,2,Reform UK,#12B6CF,23,12484.062770,19.206250
1927,UNS 2024-12-14,2024-01-01,12,SDLP,#2AA82C,2,223.765468,0.344255
1927,UNS 2024-12-14,2024-01-01,8,Scottish National Party,#FFF95D,28,1762.939476,2.712215
1927,UNS 2024-12-14,2024-01-01,13,Sinn Féin,#326760,7,528.288985,0.812752
1927,UNS 2024-12-14,2024-01-01,11,Ulster Unionist Party,#48A5EE,1,229.851610,0.353618
1928,UNS 2024-12-15,2024-01-01,10,Alliance,#F6CB2F,1,295.139650,0.454061
1928,UNS 2024-12-15,2024-01-01,4,Conservative,#0087DC,205,16671.776189,25.648886
1928,UNS 2024-12-15,2024-01-01,9,Democratic Unionist Party,#D46A4C,6,436.075878,0.670886
1928,UNS 2024-12-15,2024-01-01,6,Green,#6AB023,5,5203.801197,8.005848
1928,UNS 2024-12-15,2024-01-01,1,Labour,#E4003B,289,17693.489979,27.220754
1928,UNS 2024-12-15,2024-01-01,5,Liberal Democrats,#FAA61A,68,7325.069106,11.269337
1928,UNS 2024-12-15,2024-01-01,7,Other,#808080,12,1732.030514,2.664662
1928,UNS 2024-12-15,2024-01-01,3,Plaid Cymru,#005B54,3,413.709180,0.636476
1928,UNS 2024-12-15,2024-01-01,2,Reform UK,#12B6CF,23,12484.062770,19.206250
1928,UNS 2024-12-15,2024-01-01,12,SDLP,#2AA82C,2,223.765468,0.344255
1928,UNS 2024-12-15,2024-01-01,8,Scottish National Party,#FFF95D,28,1762.939476,2.712215
1928,UNS 2024-12-15,2024-01-01,13,Sinn Féin,#326760,7,528.288985,0.812752
1928,UNS 2024-12-15,2024-01-01,11,Ulster Unionist Party,#48A5EE,1,229.851610,0.353618
1929,UNS 2024-12-16,2024-01-01,10,Alliance,#F6CB2F,1,295.139650,0.454061
1929,UNS 2024-12-16,2024-01-01,4,Conservative,#0087DC,205,16671.776189,25.648886
1929,UNS 2024-12-16,2024-01-01,9,Democratic Unionist Party,#D46A4C,6,436.075878,0.670886
1929,UNS 2024-12-16,2024-01-01,6,Green,#6AB023,5,5203.801197,8.005848
1929,UNS 2024-12-16,2024-01-01,1,Labour,#E4003B,289,17693.489979,27.220754
1929,UNS 2024-12-16,2024-01-01,5,Liberal Democrats,#FAA61A,68,7325.069106,11.269337
1929,UNS 2024-12-16,2024-01-01,7,Other,#808080,12,1732.030514,2.664662
1929,UNS 2024-12-16,2024-01-01,3,Plaid Cymru,#005B54,3,413.709180,0.636476
1929,UNS 2024-12-16,2024-01-01,2,Reform UK,#12B6CF,23,12484.062770,19.206250
1929,UNS 2024-12-16,2024-01-01,12,SDLP,#2AA82C,2,223.765468,0.344255
1929,UNS 2024-12-16,2024-01-01,8,Scottish National Party,#FFF95D,28,1762.939476,2.712215
1929,UNS 2024-12-16,2024-01-01,13,Sinn Féin,#326760,7,528.288985,0.812752
1929,UNS 2024-12-16,2024-01-01,11,Ulster Unionist Party,#48A5EE,1,229.851610,0.353618
1930,UNS 2024-12-17,2024-01-01,10,Alliance,#F6CB2F,1,295.139650,0.454061
1930,UNS 2024-12-17,2024-01-01,4,Conservative,#0087DC,205,16671.776189,25.648886
1930,UNS 2024-12-17,2024-01-01,9,Democratic Unionist Party,#D46A4C,6,436.075878,0.670886
1930,UNS 2024-12-17,2024-01-01,6,Green,#6AB023,5,5203.801197,8.005848
1930,UNS 2024-12-17,2024-01-01,1,Labour,#E4003B,289,17693.489979,27.220754
1930,UNS 2024-12-17,2024-01-01,5,Liberal Democrats,#FAA61A,68,7325.069106,11.269337
1930,UNS 2024-12-17,2024-01-01,7,Other,#808080,12,1732.030514,2.664662
1930,UNS 2024-12-17,2024-01-01,3,Plaid Cymru,#005B54,3,413.709180,0.636476
1930,UNS 2024-12-17,2024-01-01,2,Reform UK,#12B6CF,23,12484.062770,19.206250
1930,UNS 2024-12-17,2024-01-01,12,SDLP,#2AA82C,2,223.765468,0.344255
1930,UNS 2024-12-17,2024-01-01,8,Scottish National Party,#FFF95D,28,1762.939476,2.712215
1930,UNS 2024-12-17,2024-01-01,13,Sinn Féin,#326760,7,528.288985,0.812752
1930,UNS 2024-12-17,2024-01-01,11,Ulster Unionist Party,#48A5EE,1,229.851610,0.353618
1931,UNS 2024-12-18,2024-01-01,10,Alliance,#F6CB2F,1,295.139650,0.454061
1931,UNS 2024-12-18,2024-01-01,4,Conservative,#0087DC,205,16671.776189,25.648886
1931,UNS 2024-12-18,2024-01-01,9,Democratic Unionist Party,#D46A4C,6,436.075878,0.670886
1931,UNS 2024-12-18,2024-01-01,6,Green,#6AB023,5,5203.801197,8.005848
1931,UNS 2024-12-18,2024-01-01,1,Labour,#E4003B,289,17693.489979,27.220754
1931,UNS 2024-12-18,2024-01-01,5,Liberal Democrats,#FAA61A,68,7325.069106,11.269337
1931,UNS 2024-12-18,2024-01-01,7,Other,#808080,12,1732.030514,2.664662
1931,UNS 2024-12-18,2024-01-01,3,Plaid Cymru,#005B54,3,413.709180,0.636476
1931,UNS 2024-12-18,2024-01-01,2,Reform UK,#12B6CF,23,12484.062770,19.206250
1931,UNS 2024-12-18,2024-01-01,12,SDLP,#2AA82C,2,223.765468,0.344255
1931,UNS 2024-12-18,2024-01-01,8,Scottish National Party,#FFF95D,28,1762.939476,2.712215
1931,UNS 2024-12-18,2024-01-01,13,Sinn Féin,#326760,7,528.288985,0.812752
1931,UNS 2024-12-18,2024-01-01,11,Ulster Unionist Party,#48A5EE,1,229.851610,0.353618
1932,UNS 2024-12-19,2024-01-01,10,Alliance,#F6CB2F,1,295.139650,0.454061
1932,UNS 2024-12-19,2024-01-01,4,Conservative,#0087DC,205,16671.776189,25.648886
1932,UNS 2024-12-19,2024-01-01,9,Democratic Unionist Party,#D46A4C,6,436.075878,0.670886
1932,UNS 2024-12-19,2024-01-01,6,Green,#6AB023,5,5203.801197,8.005848
1932,UNS 2024-12-19,2024-01-01,1,Labour,#E4003B,289,17693.489979,27.220754
1932,UNS 2024-12-19,2024-01-01,5,Liberal Democrats,#FAA61A,68,7325.069106,11.269337
1932,UNS 2024-12-19,2024-01-01,7,Other,#808080,12,1732.030514,2.664662
1932,UNS 2024-12-19,2024-01-01,3,Plaid Cymru,#005B54,3,413.709180,0.636476
1932,UNS 2024-12-19,2024-01-01,2,Reform UK,#12B6CF,23,12484.062770,19.206250
1932,UNS 2024-12-19,2024-01-01,12,SDLP,#2AA82C,2,223.765468,0.344255
1932,UNS 2024-12-19,2024-01-01,8,Scottish National Party,#FFF95D,28,1762.939476,2.712215
1932,UNS 2024-12-19,2024-01-01,13,Sinn Féin,#326760,7,528.288985,0.812752
1932,UNS 2024-12-19,2024-01-01,11,Ulster Unionist Party,#48A5EE,1,229.851610,0.353618
1933,UNS 2024-12-20,2024-01-01,10,Alliance,#F6CB2F,1,295.139650,0.454061
1933,UNS 2024-12-20,2024-01-01,4,Conservative,#0087DC,205,16671.776189,25.648886
1933,UNS 2024-12-20,2024-01-01,9,Democratic Unionist Party,#D46A4C,6,436.075878,0.670886
1933,UNS 2024-12-20,2024-01-01,6,Green,#6AB023,5,5203.801197,8.005848
1933,UNS 2024-12-20,2024-01-01,1,Labour,#E4003B,289,17693.489979,27.220754
1933,UNS 2024-12-20,2024-01-01,5,Liberal Democrats,#FAA61A,68,7325.069106,11.269337
1933,UNS 2024-12-20,2024-01-01,7,Other,#808080,12,1732.030514,2.664662
1933,UNS 2024-12-20,2024-01-01,3,Plaid Cymru,#005B54,3,413.709180,0.636476
1933,UNS 2024-12-20,2024-01-01,2,Reform UK,#12B6CF,23,12484.062770,19.206250
1933,UNS 2024-12-20,2024-01-01,12,SDLP,#2AA82C,2,223.765468,0.344255
1933,UNS 2024-12-20,2024-01-01,8,Scottish National Party,#FFF95D,28,1762.939476,2.712215
1933,UNS 2024-12-20,2024-01-01,13,Sinn Féin,#326760,7,528.288985,0.812752
1933,UNS 2024-12-20,2024-01-01,11,Ulster Unionist Party,#48A5EE,1,229.851610,0.353618
1934,UNS 2024-12-21,2024-01-01,10,Alliance,#F6CB2F,1,295.139650,0.454061
1934,UNS 2024-12-21,2024-01-01,4,Conservative,#0087DC,205,16671.776189,25.648886
1934,UNS 2024-12-21,2024-01-01,9,Democratic Unionist Party,#D46A4C,6,436.075878,0.670886
1934,UNS 2024-12-21,2024-01-01,6,Green,#6AB023,5,5203.801197,8.005848
1934,UNS 2024-12-21,2024-01-01,1,Labour,#E4003B,289,17693.489979,27.220754
1934,UNS 2024-12-21,2024-01-01,5,Liberal Democrats,#FAA61A,68,7325.069106,11.269337
1934,UNS 2024-12-21,2024-01-01,7,Other,#808080,12,1732.030514,2.664662
1934,UNS 2024-12-21,2024-01-01,3,Plaid Cymru,#005B54,3,413.709180,0.636476
1934,UNS 2024-12-21,2024-01-01,2,Reform UK,#12B6CF,23,12484.062770,19.206250
1934,UNS 2024-12-21,2024-01-01,12,SDLP,#2AA82C,2,223.765468,0.344255
1934,UNS 2024-12-21,2024-01-01,8,Scottish National Party,#FFF95D,28,1762.939476,2.712215
1934,UNS 2024-12-21,2024-01-01,13,Sinn Féin,#326760,7,528.288985,0.812752
1934,UNS 2024-12-21,2024-01-01,11,Ulster Unionist Party,#48A5EE,1,229.851610,0.353618
1935,UNS 2024-12-22,2024-01-01,10,Alliance,#F6CB2F,1,295.139650,0.454061
1935,UNS 2024-12-22,2024-01-01,4,Conservative,#0087DC,205,16671.776189,25.648886
1935,UNS 2024-12-22,2024-01-01,9,Democratic Unionist Party,#D46A4C,6,436.075878,0.670886
1935,UNS 2024-12-22,2024-01-01,6,Green,#6AB023,5,5203.801197,8.005848
1935,UNS 2024-12-22,2024-01-01,1,Labour,#E4003B,289,17693.489979,27.220754
1935,UNS 2024-12-22,2024-01-01,5,Liberal Democrats,#FAA61A,68,7325.069106,11.269337
1935,UNS 2024-12-22,2024-01-01,7,Other,#808080,12,1732.030514,2.664662
1935,UNS 2024-12-22,2024-01-01,3,Plaid Cymru,#005B54,3,413.709180,0.636476
1935,UNS 2024-12-22,2024-01-01,2,Reform UK,#12B6CF,23,12484.062770,19.206250
1935,UNS 2024-12-22,2024-01-01,12,SDLP,#2AA82C,2,223.765468,0.344255
1935,UNS 2024-12-22,2024-01-01,8,Scottish National Party,#FFF95D,28,1762.939476,2.712215
1935,UNS 2024-12-22,2024-01-01,13,Sinn Féin,#326760,7,528.288985,0.812752
1935,UNS 2024-12-22,2024-01-01,11,Ulster Unionist Party,#48A5EE,1,229.851610,0.353618
1936,UNS 2024-12-23,2024-01-01,10,Alliance,#F6CB2F,1,295.139650,0.454061
1936,UNS 2024-12-23,2024-01-01,4,Conservative,#0087DC,191,16111.321595,24.786649
1936,UNS 2024-12-23,2024-01-01,9,Democratic Unionist Party,#D46A4C,6,436.075878,0.670886
1936,UNS 2024-12-23,2024-01-01,6,Green,#6AB023,4,5162.714096,7.942637
1936,UNS 2024-12-23,2024-01-01,1,Labour,#E4003B,297,17995.953510,27.686082
1936,UNS 2024-12-23,2024-01-01,5,Liberal Democrats,#FAA61A,69,7318.455069,11.259162
1936,UNS 2024-12-23,2024-01-01,7,Other,#808080,10,1610.232120,2.477280
1936,UNS 2024-12-23,2024-01-01,3,Plaid Cymru,#005B54,3,335.934533,0.516822
1936,UNS 2024-12-23,2024-01-01,2,Reform UK,#12B6CF,21,12793.645941,19.682532
1936,UNS 2024-12-23,2024-01-01,12,SDLP,#2AA82C,2,223.765468,0.344255
1936,UNS 2024-12-23,2024-01-01,8,Scottish National Party,#FFF95D,38,1958.621547,3.013264
1936,UNS 2024-12-23,2024-01-01,13,Sinn Féin,#326760,7,528.288985,0.812752
1936,UNS 2024-12-23,2024-01-01,11,Ulster Unionist Party,#48A5EE,1,229.851610,0.353618
1937,UNS 2024-12-24,2024-01-01,10,Alliance,#F6CB2F,1,295.139650,0.454061
1937,UNS 2024-12-24,2024-01-01,4,Conservative,#0087DC,191,16111.321595,24.786649
1937,UNS 2024-12-24,2024-01-01,9,Democratic Unionist Party,#D46A4C,6,436.075878,0.670886
1937,UNS 2024-12-24,2024-01-01,6,Green,#6AB023,4,5162.714096,7.942637
1937,UNS 2024-12-24,2024-01-01,1,Labour,#E4003B,297,17995.953510,27.686082
1937,UNS 2024-12-24,2024-01-01,5,Liberal Democrats,#FAA61A,69,7318.455069,11.259162
1937,UNS 2024-12-24,2024-01-01,7,Other,#808080,10,1610.232120,2.477280
1937,UNS 2024-12-24,2024-01-01,3,Plaid Cymru,#005B54,3,335.934533,0.516822
1937,UNS 2024-12-24,2024-01-01,2,Reform UK,#12B6CF,21,12793.645941,19.682532
1937,UNS 2024-12-24,2024-01-01,12,SDLP,#2AA82C,2,223.765468,0.344255
1937,UNS 2024-12-24,2024-01-01,8,Scottish National Party,#FFF95D,38,1958.621547,3.013264
1937,UNS 2024-12-24,2024-01-01,13,Sinn Féin,#326760,7,528.288985,0.812752
1937,UNS 2024-12-24,2024-01-01,11,Ulster Unionist Party,#48A5EE,1,229.851610,0.353618
1938,UNS 2024-12-25,2024-01-01,10,Alliance,#F6CB2F,1,295.139650,0.454061
1938,UNS 2024-12-25,2024-01-01,4,Conservative,#0087DC,191,16111.321595,24.786649
1938,UNS 2024-12-25,2024-01-01,9,Democratic Unionist Party,#D46A4C,6,436.075878,0.670886
1938,UNS 2024-12-25,2024-01-01,6,Green,#6AB023,4,5162.714096,7.942637
1938,UNS 2024-12-25,2024-01-01,1,Labour,#E4003B,297,17995.953510,27.686082
1938,UNS 2024-12-25,2024-01-01,5,Liberal Democrats,#FAA61A,69,7318.455069,11.259162
1938,UNS 2024-12-25,2024-01-01,7,Other,#808080,10,1610.232120,2.477280
1938,UNS 2024-12-25,2024-01-01,3,Plaid Cymru,#005B54,3,335.934533,0.516822
1938,UNS 2024-12-25,2024-01-01,2,Reform UK,#12B6CF,21,12793.645941,19.682532
1938,UNS 2024-12-25,2024-01-01,12,SDLP,#2AA82C,2,223.765468,0.344255
1938,UNS 2024-12-25,2024-01-01,8,Scottish National Party,#FFF95D,38,1958.621547,3.013264
1938,UNS 2024-12-25,2024-01-01,13,Sinn Féin,#326760,7,528.288985,0.812752
1938,UNS 2024-12-25,2024-01-01,11,Ulster Unionist Party,#48A5EE,1,229.851610,0.353618
1939,UNS 2024-12-26,2024-01-01,10,Alliance,#F6CB2F,1,295.139650,0.454061
1939,UNS 2024-12-26,2024-01-01,4,Conservative,#0087DC,191,16111.321595,24.786649
1939,UNS 2024-12-26,2024-01-01,9,Democratic Unionist Party,#D46A4C,6,436.075878,0.670886
1939,UNS 2024-12-26,2024-01-01,6,Green,#6AB023,4,5162.714096,7.942637
1939,UNS 2024-12-26,2024-01-01,1,Labour,#E4003B,297,17995.953510,27.686082
1939,UNS 2024-12-26,2024-01-01,5,Liberal Democrats,#FAA61A,69,7318.455069,11.259162
1939,UNS 2024-12-26,2024-01-01,7,Other,#808080,10,1610.232120,2.477280
1939,UNS 2024-12-26,2024-01-01,3,Plaid Cymru,#005B54,3,335.934533,0.516822
1939,UNS 2024-12-26,2024-01-01,2,Reform UK,#12B6CF,21,12793.645941,19.682532
1939,UNS 2024-12-26,2024-01-01,12,SDLP,#2AA82C,2,223.765468,0.344255
1939,UNS 2024-12-26,2024-01-01,8,Scottish National Party,#FFF95D,38,1958.621547,3.013264
1939,UNS 2024-12-26,2024-01-01,13,Sinn Féin,#326760,7,528.288985,0.812752
1939,UNS 2024-12-26,2024-01-01,11,Ulster Unionist Party,#48A5EE,1,229.851610,0.353618
1940,UNS 2024-12-27,2024-01-01,10,Alliance,#F6CB2F,1,295.139650,0.454061
1940,UNS 2024-12-27,2024-01-01,4,Conservative,#0087DC,191,16111.321595,24.786649
1940,UNS 2024-12-27,2024-01-01,9,Democratic Unionist Party,#D46A4C,6,436.075878,0.670886
1940,UNS 2024-12-27,2024-01-01,6,Green,#6AB023,4,5162.714096,7.942637
1940,UNS 2024-12-27,2024-01-01,1,Labour,#E4003B,297,17995.953510,27.686082
1940,UNS 2024-12-27,2024-01-01,5,Liberal Democrats,#FAA61A,69,7318.455069,11.259162
1940,UNS 2024-12-27,2024-01-01,7,Other,#808080,10,1610.232120,2.477280
1940,UNS 2024-12-27,2024-01-01,3,Plaid Cymru,#005B54,3,335.934533,0.516822
1940,UNS 2024-12-27,2024-01-01,2,Reform UK,#12B6CF,21,12793.645941,19.682532
1940,UNS 2024-12-27,2024-01-01,12,SDLP,#2AA82C,2,223.765468,0.344255
1940,UNS 2024-12-27,2024-01-01,8,Scottish National Party,#FFF95D,38,1958.621547,3.013264
1940,UNS 2024-12-27,2024-01-01,13,Sinn Féin,#326760,7,528.288985,0.812752
1940,UNS 2024-12-27,2024-01-01,11,Ulster Unionist Party,#48A5EE,1,229.851610,0.353618
1941,UNS 2024-12-28,2024-01-01,10,Alliance,#F6CB2F,1,295.139650,0.454061
1941,UNS 2024-12-28,2024-01-01,4,Conservative,#0087DC,191,16111.321595,24.786649
1941,UNS 2024-12-28,2024-01-01,9,Democratic Unionist Party,#D46A4C,6,436.075878,0.670886
1941,UNS 2024-12-28,2024-01-01,6,Green,#6AB023,4,5162.714096,7.942637
1941,UNS 2024-12-28,2024-01-01,1,Labour,#E4003B,297,17995.953510,27.686082
1941,UNS 2024-12-28,2024-01-01,5,Liberal Democrats,#FAA61A,69,7318.455069,11.259162
1941,UNS 2024-12-28,2024-01-01,7,Other,#808080,10,1610.232120,2.477280
1941,UNS 2024-12-28,2024-01-01,3,Plaid Cymru,#005B54,3,335.934533,0.516822
1941,UNS 2024-12-28,2024-01-01,2,Reform UK,#12B6CF,21,12793.645941,19.682532
1941,UNS 2024-12-28,2024-01-01,12,SDLP,#2AA82C,2,223.765468,0.344255
1941,UNS 2024-12-28,2024-01-01,8,Scottish National Party,#FFF95D,38,1958.621547,3.013264
1941,UNS 2024-12-28,2024-01-01,13,Sinn Féin,#326760,7,528.288985,0.812752
1941,UNS 2024-12-28,2024-01-01,11,Ulster Unionist Party,#48A5EE,1,229.851610,0.353618
1942,UNS 2024-12-29,2024-01-01,10,Alliance,#F6CB2F,1,295.139650,0.454061
1942,UNS 2024-12-29,2024-01-01,4,Conservative,#0087DC,191,16111.321595,24.786649
1942,UNS 2024-12-29,2024-01-01,9,Democratic Unionist Party,#D46A4C,6,436.075878,0.670886
1942,UNS 2024-12-29,2024-01-01,6,Green,#6AB023,4,5162.714096,7.942637
1942,UNS 2024-12-29,2024-01-01,1,Labour,#E4003B,297,17995.953510,27.686082
1942,UNS 2024-12-29,2024-01-01,5,Liberal Democrats,#FAA61A,69,7318.455069,11.259162
1942,UNS 2024-12-29,2024-01-01,7,Other,#808080,10,1610.232120,2.477280
1942,UNS 2024-12-29,2024-01-01,3,Plaid Cymru,#005B54,3,335.934533,0.516822
1942,UNS 2024-12-29,2024-01-01,2,Reform UK,#12B6CF,21,12793.645941,19.682532
1942,UNS 2024-12-29,2024-01-01,12,SDLP,#2AA82C,2,223.765468,0.344255
1942,UNS 2024-12-29,2024-01-01,8,Scottish National Party,#FFF95D,38,1958.621547,3.013264
1942,UNS 2024-12-29,2024-01-01,13,Sinn Féin,#326760,7,528.288985,0.812752
1942,UNS 2024-12-29,2024-01-01,11,Ulster Unionist Party,#48A5EE,1,229.851610,0.353618
1943,UNS 2024-12-30,2024-01-01,10,Alliance,#F6CB2F,1,295.139650,0.454061
1943,UNS 2024-12-30,2024-01-01,4,Conservative,#0087DC,191,16111.321595,24.786649
1943,UNS 2024-12-30,2024-01-01,9,Democratic Unionist Party,#D46A4C,6,436.075878,0.670886
1943,UNS 2024-12-30,2024-01-01,6,Green,#6AB023,4,5162.714096,7.942637
1943,UNS 2024-12-30,2024-01-01,1,Labour,#E4003B,297,17995.953510,27.686082
1943,UNS 2024-12-30,2024-01-01,5,Liberal Democrats,#FAA61A,69,7318.455069,11.259162
1943,UNS 2024-12-30,2024-01-01,7,Other,#808080,10,1610.232120,2.477280
1943,UNS 2024-12-30,2024-01-01,3,Plaid Cymru,#005B54,3,335.934533,0.516822
1943,UNS 2024-12-30,2024-01-01,2,Reform UK,#12B6CF,21,12793.645941,19.682532
1943,UNS 2024-12-30,2024-01-01,12,SDLP,#2AA82C,2,223.765468,0.344255
1943,UNS 2024-12-30,2024-01-01,8,Scottish National Party,#FFF95D,38,1958.621547,3.013264
1943,UNS 2024-12-30,2024-01-01,13,Sinn Féin,#326760,7,528.288985,0.812752
1943,UNS 2024-12-30,2024-01-01,11,Ulster Unionist Party,#48A5EE,1,229.851610,0.353618
1944,UNS 2024-12-31,2024-01-01,10,Alliance,#F6CB2F,1,295.139650,0.454061
1944,UNS 2024-12-31,2024-01-01,4,Conservative,#0087DC,191,16111.321595,24.786649
1944,UNS 2024-12-31,2024-01-01,9,Democratic Unionist Party,#D46A4C,6,436.075878,0.670886
1944,UNS 2024-12-31,2024-01-01,6,Green,#6AB023,4,5162.714096,7.942637
1944,UNS 2024-12-31,2024-01-01,1,Labour,#E4003B,297,17995.953510,27.686082
1944,UNS 2024-12-31,2024-01-01,5,Liberal Democrats,#FAA61A,69,7318.455069,11.259162
1944,UNS 2024-12-31,2024-01-01,7,Other,#808080,10,1610.232120,2.477280
1944,UNS 2024-12-31,2024-01-01,3,Plaid Cymru,#005B54,3,335.934533,0.516822
1944,UNS 2024-12-31,2024-01-01,2,Reform UK,#12B6CF,21,12793.645941,19.682532
1944,UNS 2024-12-31,2024-01-01,12,SDLP,#2AA82C,2,223.765468,0.344255
1944,UNS 2024-12-31,2024-01-01,8,Scottish National Party,#FFF95D,38,1958.621547,3.013264
1944,UNS 2024-12-31,2024-01-01,13,Sinn Féin,#326760,7,528.288985,0.812752
1944,UNS 2024-12-31,2024-01-01,11,Ulster Unionist Party,#48A5EE,1,229.851610,0.353618
1945,UNS 2025-01-01,2025-01-01,10,Alliance,#F6CB2F,1,295.139650,0.454061
1945,UNS 2025-01-01,2025-01-01,4,Conservative,#0087DC,191,16111.321595,24.786649
1945,UNS 2025-01-01,2025-01-01,9,Democratic Unionist Party,#D46A4C,6,436.075878,0.670886
1945,UNS 2025-01-01,2025-01-01,6,Green,#6AB023,4,5162.714096,7.942637
1945,UNS 2025-01-01,2025-01-01,1,Labour,#E4003B,297,17995.953510,27.686082
1945,UNS 2025-01-01,2025-01-01,5,Liberal Democrats,#FAA61A,69,7318.455069,11.259162
1945,UNS 2025-01-01,2025-01-01,7,Other,#808080,10,1610.232120,2.477280
1945,UNS 2025-01-01,2025-01-01,3,Plaid Cymru,#005B54,3,335.934533,0.516822
1945,UNS 2025-01-01,2025-01-01,2,Reform UK,#12B6CF,21,12793.645941,19.682532
1945,UNS 2025-01-01,2025-01-01,12,SDLP,#2AA82C,2,223.765468,0.344255
1945,UNS 2025-01-01,2025-01-01,8,Scottish National Party,#FFF95D,38,1958.621547,3.013264
1945,UNS 2025-01-01,2025-01-01,13,Sinn Féin,#326760,7,528.288985,0.812752
1945,UNS 2025-01-01,2025-01-01,11,Ulster Unionist Party,#48A5EE,1,229.851610,0.353618
1946,UNS 2025-01-02,2025-01-01,10,Alliance,#F6CB2F,1,295.139650,0.454061
1946,UNS 2025-01-02,2025-01-01,4,Conservative,#0087DC,191,16111.321595,24.786649
1946,UNS 2025-01-02,2025-01-01,9,Democratic Unionist Party,#D46A4C,6,436.075878,0.670886
1946,UNS 2025-01-02,2025-01-01,6,Green,#6AB023,4,5162.714096,7.942637
1946,UNS 2025-01-02,2025-01-01,1,Labour,#E4003B,297,17995.953510,27.686082
1946,UNS 2025-01-02,2025-01-01,5,Liberal Democrats,#FAA61A,69,7318.455069,11.259162
1946,UNS 2025-01-02,2025-01-01,7,Other,#808080,10,1610.232120,2.477280
1946,UNS 2025-01-02,2025-01-01,3,Plaid Cymru,#005B54,3,335.934533,0.516822
1946,UNS 2025-01-02,2025-01-01,2,Reform UK,#12B6CF,21,12793.645941,19.682532
1946,UNS 2025-01-02,2025-01-01,12,SDLP,#2AA82C,2,223.765468,0.344255
1946,UNS 2025-01-02,2025-01-01,8,Scottish National Party,#FFF95D,38,1958.621547,3.013264
1946,UNS 2025-01-02,2025-01-01,13,Sinn Féin,#326760,7,528.288985,0.812752
1946,UNS 2025-01-02,2025-01-01,11,Ulster Unionist Party,#48A5EE,1,229.851610,0.353618
1947,UNS 2025-01-03,2025-01-01,10,Alliance,#F6CB2F,1,295.139650,0.454061
1947,UNS 2025-01-03,2025-01-01,4,Conservative,#0087DC,178,15559.690992,23.937986
1947,UNS 2025-01-03,2025-01-01,9,Democratic Unionist Party,#D46A4C,6,436.075878,0.670886
1947,UNS 2025-01-03,2025-01-01,6,Green,#6AB023,4,5218.524410,8.028499
1947,UNS 2025-01-03,2025-01-01,1,Labour,#E4003B,307,18253.305500,28.082008
1947,UNS 2025-01-03,2025-01-01,5,Liberal Democrats,#FAA61A,67,7247.858071,11.150551
1947,UNS 2025-01-03,2025-01-01,7,Other,#808080,10,1587.799146,2.442768
1947,UNS 2025-01-03,2025-01-01,3,Plaid Cymru,#005B54,3,394.540807,0.606986
1947,UNS 2025-01-03,2025-01-01,2,Reform UK,#12B6CF,23,13108.261951,20.166557
1947,UNS 2025-01-03,2025-01-01,12,SDLP,#2AA82C,2,223.765468,0.344255
1947,UNS 2025-01-03,2025-01-01,8,Scottish National Party,#FFF95D,41,1916.897533,2.949073
1947,UNS 2025-01-03,2025-01-01,13,Sinn Féin,#326760,7,528.288985,0.812752
1947,UNS 2025-01-03,2025-01-01,11,Ulster Unionist Party,#48A5EE,1,229.851610,0.353618
1948,UNS 2025-01-04,2025-01-01,10,Alliance,#F6CB2F,1,295.139650,0.454061
1948,UNS 2025-01-04,2025-01-01,4,Conservative,#0087DC,178,15559.690992,23.937986
1948,UNS 2025-01-04,2025-01-01,9,Democratic Unionist Party,#D46A4C,6,436.075878,0.670886
1948,UNS 2025-01-04,2025-01-01,6,Green,#6AB023,4,5218.524410,8.028499
1948,UNS 2025-01-04,2025-01-01,1,Labour,#E4003B,307,18253.305500,28.082008
1948,UNS 2025-01-04,2025-01-01,5,Liberal Democrats,#FAA61A,67,7247.858071,11.150551
1948,UNS 2025-01-04,2025-01-01,7,Other,#808080,10,1587.799146,2.442768
1948,UNS 2025-01-04,2025-01-01,3,Plaid Cymru,#005B54,3,394.540807,0.606986
1948,UNS 2025-01-04,2025-01-01,2,Reform UK,#12B6CF,23,13108.261951,20.166557
1948,UNS 2025-01-04,2025-01-01,12,SDLP,#2AA82C,2,223.765468,0.344255
1948,UNS 2025-01-04,2025-01-01,8,Scottish National Party,#FFF95D,41,1916.897533,2.949073
1948,UNS 2025-01-04,2025-01-01,13,Sinn Féin,#326760,7,528.288985,0.812752
1948,UNS 2025-01-04,2025-01-01,11,Ulster Unionist Party,#48A5EE,1,229.851610,0.353618
1949,UNS 2025-01-05,2025-01-01,10,Alliance,#F6CB2F,1,295.139650,0.454061
1949,UNS 2025-01-05,2025-01-01,4,Conservative,#0087DC,178,15559.690992,23.937986
1949,UNS 2025-01-05,2025-01-01,9,Democratic Unionist Party,#D46A4C,6,436.075878,0.670886
1949,UNS 2025-01-05,2025-01-01,6,Green,#6AB023,4,5218.524410,8.028499
1949,UNS 2025-01-05,2025-01-01,1,Labour,#E4003B,307,18253.305500,28.082008
1949,UNS 2025-01-05,2025-01-01,5,Liberal Democrats,#FAA61A,67,7247.858071,11.150551
1949,UNS 2025-01-05,2025-01-01,7,Other,#808080,10,1587.799146,2.442768
1949,UNS 2025-01-05,2025-01-01,3,Plaid Cymru,#005B54,3,394.540807,0.606986
1949,UNS 2025-01-05,2025-01-01,2,Reform UK,#12B6CF,23,13108.261951,20.166557
1949,UNS 2025-01-05,2025-01-01,12,SDLP,#2AA82C,2,223.765468,0.344255
1949,UNS 2025-01-05,2025-01-01,8,Scottish National Party,#FFF95D,41,1916.897533,2.949073
1949,UNS 2025-01-05,2025-01-01,13,Sinn Féin,#326760,7,528.288985,0.812752
1949,UNS 2025-01-05,2025-01-01,11,Ulster Unionist Party,#48A5EE,1,229.851610,0.353618
1950,UNS 2025-01-06,2025-01-01,10,Alliance,#F6CB2F,1,295.139650,0.454061
1950,UNS 2025-01-06,2025-01-01,4,Conservative,#0087DC,178,15559.690992,23.937986
1950,UNS 2025-01-06,2025-01-01,9,Democratic Unionist Party,#D46A4C,6,436.075878,0.670886
1950,UNS 2025-01-06,2025-01-01,6,Green,#6AB023,4,5218.524410,8.028499
1950,UNS 2025-01-06,2025-01-01,1,Labour,#E4003B,307,18253.305500,28.082008
1950,UNS 2025-01-06,2025-01-01,5,Liberal Democrats,#FAA61A,67,7247.858071,11.150551
1950,UNS 2025-01-06,2025-01-01,7,Other,#808080,10,1587.799146,2.442768
1950,UNS 2025-01-06,2025-01-01,3,Plaid Cymru,#005B54,3,394.540807,0.606986
1950,UNS 2025-01-06,2025-01-01,2,Reform UK,#12B6CF,23,13108.261951,20.166557
1950,UNS 2025-01-06,2025-01-01,12,SDLP,#2AA82C,2,223.765468,0.344255
1950,UNS 2025-01-06,2025-01-01,8,Scottish National Party,#FFF95D,41,1916.897533,2.949073
1950,UNS 2025-01-06,2025-01-01,13,Sinn Féin,#326760,7,528.288985,0.812752
1950,UNS 2025-01-06,2025-01-01,11,Ulster Unionist Party,#48A5EE,1,229.851610,0.353618
1951,UNS 2025-01-07,2025-01-01,10,Alliance,#F6CB2F,1,295.139650,0.454061
1951,UNS 2025-01-07,2025-01-01,4,Conservative,#0087DC,178,15559.690992,23.937986
1951,UNS 2025-01-07,2025-01-01,9,Democratic Unionist Party,#D46A4C,6,436.075878,0.670886
1951,UNS 2025-01-07,2025-01-01,6,Green,#6AB023,4,5218.524410,8.028499
1951,UNS 2025-01-07,2025-01-01,1,Labour,#E4003B,307,18253.305500,28.082008
1951,UNS 2025-01-07,2025-01-01,5,Liberal Democrats,#FAA61A,67,7247.858071,11.150551
1951,UNS 2025-01-07,2025-01-01,7,Other,#808080,10,1587.799146,2.442768
1951,UNS 2025-01-07,2025-01-01,3,Plaid Cymru,#005B54,3,394.540807,0.606986
1951,UNS 2025-01-07,2025-01-01,2,Reform UK,#12B6CF,23,13108.261951,20.166557
1951,UNS 2025-01-07,2025-01-01,12,SDLP,#2AA82C,2,223.765468,0.344255
1951,UNS 2025-01-07,2025-01-01,8,Scottish National Party,#FFF95D,41,1916.897533,2.949073
1951,UNS 2025-01-07,2025-01-01,13,Sinn Féin,#326760,7,528.288985,0.812752
1951,UNS 2025-01-07,2025-01-01,11,Ulster Unionist Party,#48A5EE,1,229.851610,0.353618
1952,UNS 2025-01-08,2025-01-01,10,Alliance,#F6CB2F,1,295.139650,0.454061
1952,UNS 2025-01-08,2025-01-01,4,Conservative,#0087DC,187,15707.954976,24.166085
1952,UNS 2025-01-08,2025-01-01,9,Democratic Unionist Party,#D46A4C,6,436.075878,0.670886
1952,UNS 2025-01-08,2025-01-01,6,Green,#6AB023,4,5120.541749,7.877757
1952,UNS 2025-01-08,2025-01-01,1,Labour,#E4003B,297,17961.048289,27.632382
1952,UNS 2025-01-08,2025-01-01,5,Liberal Democrats,#FAA61A,69,7132.845346,10.973608
1952,UNS 2025-01-08,2025-01-01,7,Other,#808080,11,1735.323384,2.669728
1952,UNS 2025-01-08,2025-01-01,3,Plaid Cymru,#005B54,3,384.513656,0.591559
1952,UNS 2025-01-08,2025-01-01,2,Reform UK,#12B6CF,27,13382.000396,20.587693
1952,UNS 2025-01-08,2025-01-01,12,SDLP,#2AA82C,2,223.765468,0.344255
1952,UNS 2025-01-08,2025-01-01,8,Scottish National Party,#FFF95D,35,1862.650614,2.865616
1952,UNS 2025-01-08,2025-01-01,13,Sinn Féin,#326760,7,528.288985,0.812752
1952,UNS 2025-01-08,2025-01-01,11,Ulster Unionist Party,#48A5EE,1,229.851610,0.353618
1953,UNS 2025-01-09,2025-01-01,10,Alliance,#F6CB2F,1,295.139650,0.454061
1953,UNS 2025-01-09,2025-01-01,4,Conservative,#0087DC,187,15707.954976,24.166085
1953,UNS 2025-01-09,2025-01-01,9,Democratic Unionist Party,#D46A4C,6,436.075878,0.670886
1953,UNS 2025-01-09,2025-01-01,6,Green,#6AB023,4,5120.541749,7.877757
1953,UNS 2025-01-09,2025-01-01,1,Labour,#E4003B,297,17961.048289,27.632382
1953,UNS 2025-01-09,2025-01-01,5,Liberal Democrats,#FAA61A,69,7132.845346,10.973608
1953,UNS 2025-01-09,2025-01-01,7,Other,#808080,11,1735.323384,2.669728
1953,UNS 2025-01-09,2025-01-01,3,Plaid Cymru,#005B54,3,384.513656,0.591559
1953,UNS 2025-01-09,2025-01-01,2,Reform UK,#12B6CF,27,13382.000396,20.587693
1953,UNS 2025-01-09,2025-01-01,12,SDLP,#2AA82C,2,223.765468,0.344255
1953,UNS 2025-01-09,2025-01-01,8,Scottish National Party,#FFF95D,35,1862.650614,2.865616
1953,UNS 2025-01-09,2025-01-01,13,Sinn Féin,#326760,7,528.288985,0.812752
1953,UNS 2025-01-09,2025-01-01,11,Ulster Unionist Party,#48A5EE,1,229.851610,0.353618
1954,UNS 2025-01-10,2025-01-01,10,Alliance,#F6CB2F,1,295.139650,0.454061
1954,UNS 2025-01-10,2025-01-01,4,Conservative,#0087DC,187,15707.954976,24.166085
1954,UNS 2025-01-10,2025-01-01,9,Democratic Unionist Party,#D46A4C,6,436.075878,0.670886
1954,UNS 2025-01-10,2025-01-01,6,Green,#6AB023,4,5120.541749,7.877757
1954,UNS 2025-01-10,2025-01-01,1,Labour,#E4003B,297,17961.048289,27.632382
1954,UNS 2025-01-10,2025-01-01,5,Liberal Democrats,#FAA61A,69,7132.845346,10.973608
1954,UNS 2025-01-10,2025-01-01,7,Other,#808080,11,1735.323384,2.669728
1954,UNS 2025-01-10,2025-01-01,3,Plaid Cymru,#005B54,3,384.513656,0.591559
1954,UNS 2025-01-10,2025-01-01,2,Reform UK,#12B6CF,27,13382.000396,20.587693
1954,UNS 2025-01-10,2025-01-01,12,SDLP,#2AA82C,2,223.765468,0.344255
1954,UNS 2025-01-10,2025-01-01,8,Scottish National Party,#FFF95D,35,1862.650614,2.865616
1954,UNS 2025-01-10,2025-01-01,13,Sinn Féin,#326760,7,528.288985,0.812752
1954,UNS 2025-01-10,2025-01-01,11,Ulster Unionist Party,#48A5EE,1,229.851610,0.353618
1955,UNS 2025-01-11,2025-01-01,10,Alliance,#F6CB2F,1,295.139650,0.454061
1955,UNS 2025-01-11,2025-01-01,4,Conservative,#0087DC,187,15707.954976,24.166085
1955,UNS 2025-01-11,2025-01-01,9,Democratic Unionist Party,#D46A4C,6,436.075878,0.670886
1955,UNS 2025-01-11,2025-01-01,6,Green,#6AB023,4,5120.541749,7.877757
1955,UNS 2025-01-11,2025-01-01,1,Labour,#E4003B,297,17961.048289,27.632382
1955,UNS 2025-01-11,2025-01-01,5,Liberal Democrats,#FAA61A,69,7132.845346,10.973608
1955,UNS 2025-01-11,2025-01-01,7,Other,#808080,11,1735.323384,2.669728
1955,UNS 2025-01-11,2025-01-01,3,Plaid Cymru,#005B54,3,384.513656,0.591559
1955,UNS 2025-01-11,2025-01-01,2,Reform UK,#12B6CF,27,13382.000396,20.587693
1955,UNS 2025-01-11,2025-01-01,12,SDLP,#2AA82C,2,223.765468,0.344255
1955,UNS 2025-01-11,2025-01-01,8,Scottish National Party,#FFF95D,35,1862.650614,2.865616
1955,UNS 2025-01-11,2025-01-01,13,Sinn Féin,#326760,7,528.288985,0.812752
1955,UNS 2025-01-11,2025-01-01,11,Ulster Unionist Party,#48A5EE,1,229.851610,0.353618
1956,UNS 2025-01-12,2025-01-01,10,Alliance,#F6CB2F,1,295.139650,0.454061
1956,UNS 2025-01-12,2025-01-01,4,Conservative,#0087DC,187,15707.954976,24.166085
1956,UNS 2025-01-12,2025-01-01,9,Democratic Unionist Party,#D46A4C,6,436.075878,0.670886
1956,UNS 2025-01-12,2025-01-01,6,Green,#6AB023,4,5120.541749,7.877757
1956,UNS 2025-01-12,2025-01-01,1,Labour,#E4003B,297,17961.048289,27.632382
1956,UNS 2025-01-12,2025-01-01,5,Liberal Democrats,#FAA61A,69,7132.845346,10.973608
1956,UNS 2025-01-12,2025-01-01,7,Other,#808080,11,1735.323384,2.669728
1956,UNS 2025-01-12,2025-01-01,3,Plaid Cymru,#005B54,3,384.513656,0.591559
1956,UNS 2025-01-12,2025-01-01,2,Reform UK,#12B6CF,27,13382.000396,20.587693
1956,UNS 2025-01-12,2025-01-01,12,SDLP,#2AA82C,2,223.765468,0.344255
1956,UNS 2025-01-12,2025-01-01,8,Scottish National Party,#FFF95D,35,1862.650614,2.865616
1956,UNS 2025-01-12,2025-01-01,13,Sinn Féin,#326760,7,528.288985,0.812752
1956,UNS 2025-01-12,2025-01-01,11,Ulster Unionist Party,#48A5EE,1,229.851610,0.353618
1957,UNS 2025-01-13,2025-01-01,10,Alliance,#F6CB2F,1,295.139650,0.454061
1957,UNS 2025-01-13,2025-01-01,4,Conservative,#0087DC,176,15266.557160,23.487011
1957,UNS 2025-01-13,2025-01-01,9,Democratic Unionist Party,#D46A4C,6,436.075878,0.670886
1957,UNS 2025-01-13,2025-01-01,6,Green,#6AB023,4,5080.097056,7.815534
1957,UNS 2025-01-13,2025-01-01,1,Labour,#E4003B,290,17355.432232,26.700665
1957,UNS 2025-01-13,2025-01-01,5,Liberal Democrats,#FAA61A,71,7397.233606,11.380359
1957,UNS 2025-01-13,2025-01-01,7,Other,#808080,12,1820.851328,2.801310
1957,UNS 2025-01-13,2025-01-01,3,Plaid Cymru,#005B54,4,465.219334,0.715722
1957,UNS 2025-01-13,2025-01-01,2,Reform UK,#12B6CF,46,14116.853148,21.718236
1957,UNS 2025-01-13,2025-01-01,12,SDLP,#2AA82C,2,223.765468,0.344255
1957,UNS 2025-01-13,2025-01-01,8,Scottish National Party,#FFF95D,30,1784.634544,2.745592
1957,UNS 2025-01-13,2025-01-01,13,Sinn Féin,#326760,7,528.288985,0.812752
1957,UNS 2025-01-13,2025-01-01,11,Ulster Unionist Party,#48A5EE,1,229.851610,0.353618
1958,UNS 2025-01-14,2025-01-01,10,Alliance,#F6CB2F,1,295.139650,0.454061
1958,UNS 2025-01-14,2025-01-01,4,Conservative,#0087DC,176,15266.557160,23.487011
1958,UNS 2025-01-14,2025-01-01,9,Democratic Unionist Party,#D46A4C,6,436.075878,0.670886
1958,UNS 2025-01-14,2025-01-01,6,Green,#6AB023,4,5080.097056,7.815534
1958,UNS 2025-01-14,2025-01-01,1,Labour,#E4003B,290,17355.432232,26.700665
1958,UNS 2025-01-14,2025-01-01,5,Liberal Democrats,#FAA61A,71,7397.233606,11.380359
1958,UNS 2025-01-14,2025-01-01,7,Other,#808080,12,1820.851328,2.801310
1958,UNS 2025-01-14,2025-01-01,3,Plaid Cymru,#005B54,4,465.219334,0.715722
1958,UNS 2025-01-14,2025-01-01,2,Reform UK,#12B6CF,46,14116.853148,21.718236
1958,UNS 2025-01-14,2025-01-01,12,SDLP,#2AA82C,2,223.765468,0.344255
1958,UNS 2025-01-14,2025-01-01,8,Scottish National Party,#FFF95D,30,1784.634544,2.745592
1958,UNS 2025-01-14,2025-01-01,13,Sinn Féin,#326760,7,528.288985,0.812752
1958,UNS 2025-01-14,2025-01-01,11,Ulster Unionist Party,#48A5EE,1,229.851610,0.353618
1959,UNS 2025-01-15,2025-01-01,10,Alliance,#F6CB2F,1,295.139650,0.454061
1959,UNS 2025-01-15,2025-01-01,4,Conservative,#0087DC,182,15250.110975,23.461709
1959,UNS 2025-01-15,2025-01-01,9,Democratic Unionist Party,#D46A4C,6,436.075878,0.670886
1959,UNS 2025-01-15,2025-01-01,6,Green,#6AB023,4,5260.010804,8.092324
1959,UNS 2025-01-15,2025-01-01,1,Labour,#E4003B,280,16989.607896,26.137858
1959,UNS 2025-01-15,2025-01-01,5,Liberal Democrats,#FAA61A,69,7374.153003,11.344851
1959,UNS 2025-01-15,2025-01-01,7,Other,#808080,13,1799.978205,2.769197
1959,UNS 2025-01-15,2025-01-01,3,Plaid Cymru,#005B54,3,482.577503,0.742427
1959,UNS 2025-01-15,2025-01-01,2,Reform UK,#12B6CF,52,14357.199857,22.088000
1959,UNS 2025-01-15,2025-01-01,12,SDLP,#2AA82C,2,223.765468,0.344255
1959,UNS 2025-01-15,2025-01-01,8,Scottish National Party,#FFF95D,30,1773.240166,2.728062
1959,UNS 2025-01-15,2025-01-01,13,Sinn Féin,#326760,7,528.288985,0.812752
1959,UNS 2025-01-15,2025-01-01,11,Ulster Unionist Party,#48A5EE,1,229.851610,0.353618
1960,UNS 2025-01-16,2025-01-01,10,Alliance,#F6CB2F,1,295.139650,0.454061
1960,UNS 2025-01-16,2025-01-01,4,Conservative,#0087DC,182,15250.110975,23.461709
1960,UNS 2025-01-16,2025-01-01,9,Democratic Unionist Party,#D46A4C,6,436.075878,0.670886
1960,UNS 2025-01-16,2025-01-01,6,Green,#6AB023,4,5260.010804,8.092324
1960,UNS 2025-01-16,2025-01-01,1,Labour,#E4003B,280,16989.607896,26.137858
1960,UNS 2025-01-16,2025-01-01,5,Liberal Democrats,#FAA61A,69,7374.153003,11.344851
1960,UNS 2025-01-16,2025-01-01,7,Other,#808080,13,1799.978205,2.769197
1960,UNS 2025-01-16,2025-01-01,3,Plaid Cymru,#005B54,3,482.577503,0.742427
1960,UNS 2025-01-16,2025-01-01,2,Reform UK,#12B6CF,52,14357.199857,22.088000
1960,UNS 2025-01-16,2025-01-01,12,SDLP,#2AA82C,2,223.765468,0.344255
1960,UNS 2025-01-16,2025-01-01,8,Scottish National Party,#FFF95D,30,1773.240166,2.728062
1960,UNS 2025-01-16,2025-01-01,13,Sinn Féin,#326760,7,528.288985,0.812752
1960,UNS 2025-01-16,2025-01-01,11,Ulster Unionist Party,#48A5EE,1,229.851610,0.353618
1961,UNS 2025-01-17,2025-01-01,10,Alliance,#F6CB2F,1,295.139650,0.454061
1961,UNS 2025-01-17,2025-01-01,4,Conservative,#0087DC,182,15250.110975,23.461709
1961,UNS 2025-01-17,2025-01-01,9,Democratic Unionist Party,#D46A4C,6,436.075878,0.670886
1961,UNS 2025-01-17,2025-01-01,6,Green,#6AB023,4,5260.010804,8.092324
1961,UNS 2025-01-17,2025-01-01,1,Labour,#E4003B,280,16989.607896,26.137858
1961,UNS 2025-01-17,2025-01-01,5,Liberal Democrats,#FAA61A,69,7374.153003,11.344851
1961,UNS 2025-01-17,2025-01-01,7,Other,#808080,13,1799.978205,2.769197
1961,UNS 2025-01-17,2025-01-01,3,Plaid Cymru,#005B54,3,482.577503,0.742427
1961,UNS 2025-01-17,2025-01-01,2,Reform UK,#12B6CF,52,14357.199857,22.088000
1961,UNS 2025-01-17,2025-01-01,12,SDLP,#2AA82C,2,223.765468,0.344255
1961,UNS 2025-01-17,2025-01-01,8,Scottish National Party,#FFF95D,30,1773.240166,2.728062
1961,UNS 2025-01-17,2025-01-01,13,Sinn Féin,#326760,7,528.288985,0.812752
1961,UNS 2025-01-17,2025-01-01,11,Ulster Unionist Party,#48A5EE,1,229.851610,0.353618
1962,UNS 2025-01-18,2025-01-01,10,Alliance,#F6CB2F,1,295.139650,0.454061
1962,UNS 2025-01-18,2025-01-01,4,Conservative,#0087DC,182,15250.110975,23.461709
1962,UNS 2025-01-18,2025-01-01,9,Democratic Unionist Party,#D46A4C,6,436.075878,0.670886
1962,UNS 2025-01-18,2025-01-01,6,Green,#6AB023,4,5260.010804,8.092324
1962,UNS 2025-01-18,2025-01-01,1,Labour,#E4003B,280,16989.607896,26.137858
1962,UNS 2025-01-18,2025-01-01,5,Liberal Democrats,#FAA61A,69,7374.153003,11.344851
1962,UNS 2025-01-18,2025-01-01,7,Other,#808080,13,1799.978205,2.769197
1962,UNS 2025-01-18,2025-01-01,3,Plaid Cymru,#005B54,3,482.577503,0.742427
1962,UNS 2025-01-18,2025-01-01,2,Reform UK,#12B6CF,52,14357.199857,22.088000
1962,UNS 2025-01-18,2025-01-01,12,SDLP,#2AA82C,2,223.765468,0.344255
1962,UNS 2025-01-18,2025-01-01,8,Scottish National Party,#FFF95D,30,1773.240166,2.728062
1962,UNS 2025-01-18,2025-01-01,13,Sinn Féin,#326760,7,528.288985,0.812752
1962,UNS 2025-01-18,2025-01-01,11,Ulster Unionist Party,#48A5EE,1,229.851610,0.353618
1963,UNS 2025-01-19,2025-01-01,10,Alliance,#F6CB2F,1,295.139650,0.454061
1963,UNS 2025-01-19,2025-01-01,4,Conservative,#0087DC,182,15250.110975,23.461709
1963,UNS 2025-01-19,2025-01-01,9,Democratic Unionist Party,#D46A4C,6,436.075878,0.670886
1963,UNS 2025-01-19,2025-01-01,6,Green,#6AB023,4,5260.010804,8.092324
1963,UNS 2025-01-19,2025-01-01,1,Labour,#E4003B,280,16989.607896,26.137858
1963,UNS 2025-01-19,2025-01-01,5,Liberal Democrats,#FAA61A,69,7374.153003,11.344851
1963,UNS 2025-01-19,2025-01-01,7,Other,#808080,13,1799.978205,2.769197
1963,UNS 2025-01-19,2025-01-01,3,Plaid Cymru,#005B54,3,482.577503,0.742427
1963,UNS 2025-01-19,2025-01-01,2,Reform UK,#12B6CF,52,14357.199857,22.088000
1963,UNS 2025-01-19,2025-01-01,12,SDLP,#2AA82C,2,223.765468,0.344255
1963,UNS 2025-01-19,2025-01-01,8,Scottish National Party,#FFF95D,30,1773.240166,2.728062
1963,UNS 2025-01-19,2025-01-01,13,Sinn Féin,#326760,7,528.288985,0.812752
1963,UNS 2025-01-19,2025-01-01,11,Ulster Unionist Party,#48A5EE,1,229.851610,0.353618
1964,UNS 2025-01-20,2025-01-01,10,Alliance,#F6CB2F,1,295.139650,0.454061
1964,UNS 2025-01-20,2025-01-01,4,Conservative,#0087DC,176,14990.104025,23.061699
1964,UNS 2025-01-20,2025-01-01,9,Democratic Unionist Party,#D46A4C,6,436.075878,0.670886
1964,UNS 2025-01-20,2025-01-01,6,Green,#6AB023,4,5313.399689,8.174461
1964,UNS 2025-01-20,2025-01-01,1,Labour,#E4003B,276,16942.034613,26.064669
1964,UNS 2025-01-20,2025-01-01,5,Liberal Democrats,#FAA61A,69,7488.834614,11.521284
1964,UNS 2025-01-20,2025-01-01,7,Other,#808080,12,1774.100345,2.729385
1964,UNS 2025-01-20,2025-01-01,3,Plaid Cymru,#005B54,4,530.491632,0.816141
1964,UNS 2025-01-20,2025-01-01,2,Reform UK,#12B6CF,58,14436.581803,22.210126
1964,UNS 2025-01-20,2025-01-01,12,SDLP,#2AA82C,2,223.765468,0.344255
1964,UNS 2025-01-20,2025-01-01,8,Scottish National Party,#FFF95D,34,1811.331688,2.786664
1964,UNS 2025-01-20,2025-01-01,13,Sinn Féin,#326760,7,528.288985,0.812752
1964,UNS 2025-01-20,2025-01-01,11,Ulster Unionist Party,#48A5EE,1,229.851610,0.353618
1965,UNS 2025-01-21,2025-01-01,10,Alliance,#F6CB2F,1,295.139650,0.454061
1965,UNS 2025-01-21,2025-01-01,4,Conservative,#0087DC,176,14990.104025,23.061699
1965,UNS 2025-01-21,2025-01-01,9,Democratic Unionist Party,#D46A4C,6,436.075878,0.670886
1965,UNS 2025-01-21,2025-01-01,6,Green,#6AB023,4,5313.399689,8.174461
1965,UNS 2025-01-21,2025-01-01,1,Labour,#E4003B,276,16942.034613,26.064669
1965,UNS 2025-01-21,2025-01-01,5,Liberal Democrats,#FAA61A,69,7488.834614,11.521284
1965,UNS 2025-01-21,2025-01-01,7,Other,#808080,12,1774.100345,2.729385
1965,UNS 2025-01-21,2025-01-01,3,Plaid Cymru,#005B54,4,530.491632,0.816141
1965,UNS 2025-01-21,2025-01-01,2,Reform UK,#12B6CF,58,14436.581803,22.210126
1965,UNS 2025-01-21,2025-01-01,12,SDLP,#2AA82C,2,223.765468,0.344255
1965,UNS 2025-01-21,2025-01-01,8,Scottish National Party,#FFF95D,34,1811.331688,2.786664
1965,UNS 2025-01-21,2025-01-01,13,Sinn Féin,#326760,7,528.288985,0.812752
1965,UNS 2025-01-21,2025-01-01,11,Ulster Unionist Party,#48A5EE,1,229.851610,0.353618
1966,UNS 2025-01-22,2025-01-01,10,Alliance,#F6CB2F,1,295.139650,0.454061
1966,UNS 2025-01-22,2025-01-01,4,Conservative,#0087DC,177,14893.607256,22.913242
1966,UNS 2025-01-22,2025-01-01,9,Democratic Unionist Party,#D46A4C,6,436.075878,0.670886
1966,UNS 2025-01-22,2025-01-01,6,Green,#6AB023,4,5456.988318,8.395367
1966,UNS 2025-01-22,2025-01-01,1,Labour,#E4003B,263,16584.713070,25.514943
1966,UNS 2025-01-22,2025-01-01,5,Liberal Democrats,#FAA61A,69,7445.475185,11.454577
1966,UNS 2025-01-22,2025-01-01,7,Other,#808080,12,1811.356147,2.786702
1966,UNS 2025-01-22,2025-01-01,3,Plaid Cymru,#005B54,5,530.394238,0.815991
1966,UNS 2025-01-22,2025-01-01,2,Reform UK,#12B6CF,65,14723.176835,22.651041
1966,UNS 2025-01-22,2025-01-01,12,SDLP,#2AA82C,2,223.765468,0.344255
1966,UNS 2025-01-22,2025-01-01,8,Scottish National Party,#FFF95D,38,1841.167363,2.832565
1966,UNS 2025-01-22,2025-01-01,13,Sinn Féin,#326760,7,528.288985,0.812752
1966,UNS 2025-01-22,2025-01-01,11,Ulster Unionist Party,#48A5EE,1,229.851610,0.353618
1967,UNS 2025-01-23,2025-01-01,10,Alliance,#F6CB2F,1,295.139650,0.454061
1967,UNS 2025-01-23,2025-01-01,4,Conservative,#0087DC,177,14893.607256,22.913242
1967,UNS 2025-01-23,2025-01-01,9,Democratic Unionist Party,#D46A4C,6,436.075878,0.670886
1967,UNS 2025-01-23,2025-01-01,6,Green,#6AB023,4,5456.988318,8.395367
1967,UNS 2025-01-23,2025-01-01,1,Labour,#E4003B,263,16584.713070,25.514943
1967,UNS 2025-01-23,2025-01-01,5,Liberal Democrats,#FAA61A,69,7445.475185,11.454577
1967,UNS 2025-01-23,2025-01-01,7,Other,#808080,12,1811.356147,2.786702
1967,UNS 2025-01-23,2025-01-01,3,Plaid Cymru,#005B54,5,530.394238,0.815991
1967,UNS 2025-01-23,2025-01-01,2,Reform UK,#12B6CF,65,14723.176835,22.651041
1967,UNS 2025-01-23,2025-01-01,12,SDLP,#2AA82C,2,223.765468,0.344255
1967,UNS 2025-01-23,2025-01-01,8,Scottish National Party,#FFF95D,38,1841.167363,2.832565
1967,UNS 2025-01-23,2025-01-01,13,Sinn Féin,#326760,7,528.288985,0.812752
1967,UNS 2025-01-23,2025-01-01,11,Ulster Unionist Party,#48A5EE,1,229.851610,0.353618
1968,UNS 2025-01-24,2025-01-01,10,Alliance,#F6CB2F,1,295.139650,0.454061
1968,UNS 2025-01-24,2025-01-01,4,Conservative,#0087DC,173,14699.802692,22.615081
1968,UNS 2025-01-24,2025-01-01,9,Democratic Unionist Party,#D46A4C,6,436.075878,0.670886
1968,UNS 2025-01-24,2025-01-01,6,Green,#6AB023,4,5463.068851,8.404721
1968,UNS 2025-01-24,2025-01-01,1,Labour,#E4003B,279,16810.563259,25.862405
1968,UNS 2025-01-24,2025-01-01,5,Liberal Democrats,#FAA61A,69,7334.451092,11.283771
1968,UNS 2025-01-24,2025-01-01,7,Other,#808080,12,1804.272278,2.775804
1968,UNS 2025-01-24,2025-01-01,3,Plaid Cymru,#005B54,4,470.731768,0.724203
1968,UNS 2025-01-24,2025-01-01,2,Reform UK,#12B6CF,69,15032.632420,23.127127
1968,UNS 2025-01-24,2025-01-01,12,SDLP,#2AA82C,2,223.765468,0.344255
1968,UNS 2025-01-24,2025-01-01,8,Scottish National Party,#FFF95D,23,1671.356050,2.571317
1968,UNS 2025-01-24,2025-01-01,13,Sinn Féin,#326760,7,528.288985,0.812752
1968,UNS 2025-01-24,2025-01-01,11,Ulster Unionist Party,#48A5EE,1,229.851610,0.353618
1969,UNS 2025-01-25,2025-01-01,10,Alliance,#F6CB2F,1,295.139650,0.454061
1969,UNS 2025-01-25,2025-01-01,4,Conservative,#0087DC,173,14699.802692,22.615081
1969,UNS 2025-01-25,2025-01-01,9,Democratic Unionist Party,#D46A4C,6,436.075878,0.670886
1969,UNS 2025-01-25,2025-01-01,6,Green,#6AB023,4,5463.068851,8.404721
1969,UNS 2025-01-25,2025-01-01,1,Labour,#E4003B,279,16810.563259,25.862405
1969,UNS 2025-01-25,2025-01-01,5,Liberal Democrats,#FAA61A,69,7334.451092,11.283771
1969,UNS 2025-01-25,2025-01-01,7,Other,#808080,12,1804.272278,2.775804
1969,UNS 2025-01-25,2025-01-01,3,Plaid Cymru,#005B54,4,470.731768,0.724203
1969,UNS 2025-01-25,2025-01-01,2,Reform UK,#12B6CF,69,15032.632420,23.127127
1969,UNS 2025-01-25,2025-01-01,12,SDLP,#2AA82C,2,223.765468,0.344255
1969,UNS 2025-01-25,2025-01-01,8,Scottish National Party,#FFF95D,23,1671.356050,2.571317
1969,UNS 2025-01-25,2025-01-01,13,Sinn Féin,#326760,7,528.288985,0.812752
1969,UNS 2025-01-25,2025-01-01,11,Ulster Unionist Party,#48A5EE,1,229.851610,0.353618
1970,UNS 2025-01-26,2025-01-01,10,Alliance,#F6CB2F,1,295.139650,0.454061
1970,UNS 2025-01-26,2025-01-01,4,Conservative,#0087DC,173,14699.802692,22.615081
1970,UNS 2025-01-26,2025-01-01,9,Democratic Unionist Party,#D46A4C,6,436.075878,0.670886
1970,UNS 2025-01-26,2025-01-01,6,Green,#6AB023,4,5463.068851,8.404721
1970,UNS 2025-01-26,2025-01-01,1,Labour,#E4003B,279,16810.563259,25.862405
1970,UNS 2025-01-26,2025-01-01,5,Liberal Democrats,#FAA61A,69,7334.451092,11.283771
1970,UNS 2025-01-26,2025-01-01,7,Other,#808080,12,1804.272278,2.775804
1970,UNS 2025-01-26,2025-01-01,3,Plaid Cymru,#005B54,4,470.731768,0.724203
1970,UNS 2025-01-26,2025-01-01,2,Reform UK,#12B6CF,69,15032.632420,23.127127
1970,UNS 2025-01-26,2025-01-01,12,SDLP,#2AA82C,2,223.765468,0.344255
1970,UNS 2025-01-26,2025-01-01,8,Scottish National Party,#FFF95D,23,1671.356050,2.571317
1970,UNS 2025-01-26,2025-01-01,13,Sinn Féin,#326760,7,528.288985,0.812752
1970,UNS 2025-01-26,2025-01-01,11,Ulster Unionist Party,#48A5EE,1,229.851610,0.353618
1971,UNS 2025-01-27,2025-01-01,10,Alliance,#F6CB2F,1,295.139650,0.454061
1971,UNS 2025-01-27,2025-01-01,4,Conservative,#0087DC,168,14507.668610,22.319490
1971,UNS 2025-01-27,2025-01-01,9,Democratic Unionist Party,#D46A4C,6,436.075878,0.670886
1971,UNS 2025-01-27,2025-01-01,6,Green,#6AB023,4,5479.720841,8.430340
1971,UNS 2025-01-27,2025-01-01,1,Labour,#E4003B,279,16871.657851,25.956397
1971,UNS 2025-01-27,2025-01-01,5,Liberal Democrats,#FAA61A,69,7447.014605,11.456946
1971,UNS 2025-01-27,2025-01-01,7,Other,#808080,12,1800.859250,2.770553
1971,UNS 2025-01-27,2025-01-01,3,Plaid Cymru,#005B54,4,476.027508,0.732350
1971,UNS 2025-01-27,2025-01-01,2,Reform UK,#12B6CF,70,15001.907167,23.079857
1971,UNS 2025-01-27,2025-01-01,12,SDLP,#2AA82C,2,223.765468,0.344255
1971,UNS 2025-01-27,2025-01-01,8,Scottish National Party,#FFF95D,27,1702.022578,2.618496
1971,UNS 2025-01-27,2025-01-01,13,Sinn Féin,#326760,7,528.288985,0.812752
1971,UNS 2025-01-27,2025-01-01,11,Ulster Unionist Party,#48A5EE,1,229.851610,0.353618
1972,UNS 2025-01-28,2025-01-01,10,Alliance,#F6CB2F,1,295.139650,0.454061
1972,UNS 2025-01-28,2025-01-01,4,Conservative,#0087DC,168,14507.668610,22.319490
1972,UNS 2025-01-28,2025-01-01,9,Democratic Unionist Party,#D46A4C,6,436.075878,0.670886
1972,UNS 2025-01-28,2025-01-01,6,Green,#6AB023,4,5479.720841,8.430340
1972,UNS 2025-01-28,2025-01-01,1,Labour,#E4003B,279,16871.657851,25.956397
1972,UNS 2025-01-28,2025-01-01,5,Liberal Democrats,#FAA61A,69,7447.014605,11.456946
1972,UNS 2025-01-28,2025-01-01,7,Other,#808080,12,1800.859250,2.770553
1972,UNS 2025-01-28,2025-01-01,3,Plaid Cymru,#005B54,4,476.027508,0.732350
1972,UNS 2025-01-28,2025-01-01,2,Reform UK,#12B6CF,70,15001.907167,23.079857
1972,UNS 2025-01-28,2025-01-01,12,SDLP,#2AA82C,2,223.765468,0.344255
1972,UNS 2025-01-28,2025-01-01,8,Scottish National Party,#FFF95D,27,1702.022578,2.618496
1972,UNS 2025-01-28,2025-01-01,13,Sinn Féin,#326760,7,528.288985,0.812752
1972,UNS 2025-01-28,2025-01-01,11,Ulster Unionist Party,#48A5EE,1,229.851610,0.353618
1973,UNS 2025-01-29,2025-01-01,10,Alliance,#F6CB2F,1,295.139650,0.454061
1973,UNS 2025-01-29,2025-01-01,4,Conservative,#0087DC,161,14340.186485,22.061825
1973,UNS 2025-01-29,2025-01-01,9,Democratic Unionist Party,#D46A4C,6,436.075878,0.670886
1973,UNS 2025-01-29,2025-01-01,6,Green,#6AB023,4,5571.422036,8.571419
1973,UNS 2025-01-29,2025-01-01,1,Labour,#E4003B,261,16691.123786,25.678652
1973,UNS 2025-01-29,2025-01-01,5,Liberal Democrats,#FAA61A,69,7375.575079,11.347039
1973,UNS 2025-01-29,2025-01-01,7,Other,#808080,12,1821.751729,2.802695
1973,UNS 2025-01-29,2025-01-01,3,Plaid Cymru,#005B54,4,487.458414,0.749936
1973,UNS 2025-01-29,2025-01-01,2,Reform UK,#12B6CF,91,15278.620544,23.505570
1973,UNS 2025-01-29,2025-01-01,12,SDLP,#2AA82C,2,223.765468,0.344255
1973,UNS 2025-01-29,2025-01-01,8,Scottish National Party,#FFF95D,31,1720.740337,2.647293
1973,UNS 2025-01-29,2025-01-01,13,Sinn Féin,#326760,7,528.288985,0.812752
1973,UNS 2025-01-29,2025-01-01,11,Ulster Unionist Party,#48A5EE,1,229.851610,0.353618
1974,UNS 2025-01-30,2025-01-01,10,Alliance,#F6CB2F,1,295.139650,0.454061
1974,UNS 2025-01-30,2025-01-01,4,Conservative,#0087DC,161,14340.186485,22.061825
1974,UNS 2025-01-30,2025-01-01,9,Democratic Unionist Party,#D46A4C,6,436.075878,0.670886
1974,UNS 2025-01-30,2025-01-01,6,Green,#6AB023,4,5571.422036,8.571419
1974,UNS 2025-01-30,2025-01-01,1,Labour,#E4003B,261,16691.123786,25.678652
1974,UNS 2025-01-30,2025-01-01,5,Liberal Democrats,#FAA61A,69,7375.575079,11.347039
1974,UNS 2025-01-30,2025-01-01,7,Other,#808080,12,1821.751729,2.802695
1974,UNS 2025-01-30,2025-01-01,3,Plaid Cymru,#005B54,4,487.458414,0.749936
1974,UNS 2025-01-30,2025-01-01,2,Reform UK,#12B6CF,91,15278.620544,23.505570
1974,UNS 2025-01-30,2025-01-01,12,SDLP,#2AA82C,2,223.765468,0.344255
1974,UNS 2025-01-30,2025-01-01,8,Scottish National Party,#FFF95D,31,1720.740337,2.647293
1974,UNS 2025-01-30,2025-01-01,13,Sinn Féin,#326760,7,528.288985,0.812752
1974,UNS 2025-01-30,2025-01-01,11,Ulster Unionist Party,#48A5EE,1,229.851610,0.353618
1975,UNS 2025-01-31,2025-01-01,10,Alliance,#F6CB2F,1,295.139650,0.454061
1975,UNS 2025-01-31,2025-01-01,4,Conservative,#0087DC,161,14340.186485,22.061825
1975,UNS 2025-01-31,2025-01-01,9,Democratic Unionist Party,#D46A4C,6,436.075878,0.670886
1975,UNS 2025-01-31,2025-01-01,6,Green,#6AB023,4,5571.422036,8.571419
1975,UNS 2025-01-31,2025-01-01,1,Labour,#E4003B,261,16691.123786,25.678652
1975,UNS 2025-01-31,2025-01-01,5,Liberal Democrats,#FAA61A,69,7375.575079,11.347039
1975,UNS 2025-01-31,2025-01-01,7,Other,#808080,12,1821.751729,2.802695
1975,UNS 2025-01-31,2025-01-01,3,Plaid Cymru,#005B54,4,487.458414,0.749936
1975,UNS 2025-01-31,2025-01-01,2,Reform UK,#12B6CF,91,15278.620544,23.505570
1975,UNS 2025-01-31,2025-01-01,12,SDLP,#2AA82C,2,223.765468,0.344255
1975,UNS 2025-01-31,2025-01-01,8,Scottish National Party,#FFF95D,31,1720.740337,2.647293
1975,UNS 2025-01-31,2025-01-01,13,Sinn Féin,#326760,7,528.288985,0.812752
1975,UNS 2025-01-31,2025-01-01,11,Ulster Unionist Party,#48A5EE,1,229.851610,0.353618
1976,UNS 2025-02-01,2025-01-01,10,Alliance,#F6CB2F,1,295.139650,0.454061
1976,UNS 2025-02-01,2025-01-01,4,Conservative,#0087DC,161,14340.186485,22.061825
1976,UNS 2025-02-01,2025-01-01,9,Democratic Unionist Party,#D46A4C,6,436.075878,0.670886
1976,UNS 2025-02-01,2025-01-01,6,Green,#6AB023,4,5571.422036,8.571419
1976,UNS 2025-02-01,2025-01-01,1,Labour,#E4003B,261,16691.123786,25.678652
1976,UNS 2025-02-01,2025-01-01,5,Liberal Democrats,#FAA61A,69,7375.575079,11.347039
1976,UNS 2025-02-01,2025-01-01,7,Other,#808080,12,1821.751729,2.802695
1976,UNS 2025-02-01,2025-01-01,3,Plaid Cymru,#005B54,4,487.458414,0.749936
1976,UNS 2025-02-01,2025-01-01,2,Reform UK,#12B6CF,91,15278.620544,23.505570
1976,UNS 2025-02-01,2025-01-01,12,SDLP,#2AA82C,2,223.765468,0.344255
1976,UNS 2025-02-01,2025-01-01,8,Scottish National Party,#FFF95D,31,1720.740337,2.647293
1976,UNS 2025-02-01,2025-01-01,13,Sinn Féin,#326760,7,528.288985,0.812752
1976,UNS 2025-02-01,2025-01-01,11,Ulster Unionist Party,#48A5EE,1,229.851610,0.353618
1977,UNS 2025-02-02,2025-01-01,10,Alliance,#F6CB2F,1,295.139650,0.454061
1977,UNS 2025-02-02,2025-01-01,4,Conservative,#0087DC,161,14340.186485,22.061825
1977,UNS 2025-02-02,2025-01-01,9,Democratic Unionist Party,#D46A4C,6,436.075878,0.670886
1977,UNS 2025-02-02,2025-01-01,6,Green,#6AB023,4,5571.422036,8.571419
1977,UNS 2025-02-02,2025-01-01,1,Labour,#E4003B,261,16691.123786,25.678652
1977,UNS 2025-02-02,2025-01-01,5,Liberal Democrats,#FAA61A,69,7375.575079,11.347039
1977,UNS 2025-02-02,2025-01-01,7,Other,#808080,12,1821.751729,2.802695
1977,UNS 2025-02-02,2025-01-01,3,Plaid Cymru,#005B54,4,487.458414,0.749936
1977,UNS 2025-02-02,2025-01-01,2,Reform UK,#12B6CF,91,15278.620544,23.505570
1977,UNS 2025-02-02,2025-01-01,12,SDLP,#2AA82C,2,223.765468,0.344255
1977,UNS 2025-02-02,2025-01-01,8,Scottish National Party,#FFF95D,31,1720.740337,2.647293
1977,UNS 2025-02-02,2025-01-01,13,Sinn Féin,#326760,7,528.288985,0.812752
1977,UNS 2025-02-02,2025-01-01,11,Ulster Unionist Party,#48A5EE,1,229.851610,0.353618
1978,UNS 2025-02-03,2025-01-01,10,Alliance,#F6CB2F,1,295.139650,0.454061
1978,UNS 2025-02-03,2025-01-01,4,Conservative,#0087DC,155,14178.928519,21.813736
1978,UNS 2025-02-03,2025-01-01,9,Democratic Unionist Party,#D46A4C,6,436.075878,0.670886
1978,UNS 2025-02-03,2025-01-01,6,Green,#6AB023,4,5579.404475,8.583699
1978,UNS 2025-02-03,2025-01-01,1,Labour,#E4003B,256,16591.400589,25.525232
1978,UNS 2025-02-03,2025-01-01,5,Liberal Democrats,#FAA61A,71,7485.034302,11.515437
1978,UNS 2025-02-03,2025-01-01,7,Other,#808080,12,1849.075306,2.844731
1978,UNS 2025-02-03,2025-01-01,3,Plaid Cymru,#005B54,4,509.263136,0.783482
1978,UNS 2025-02-03,2025-01-01,2,Reform UK,#12B6CF,97,15353.130876,23.620201
1978,UNS 2025-02-03,2025-01-01,12,SDLP,#2AA82C,2,223.765468,0.344255
1978,UNS 2025-02-03,2025-01-01,8,Scottish National Party,#FFF95D,34,1740.641207,2.677910
1978,UNS 2025-02-03,2025-01-01,13,Sinn Féin,#326760,7,528.288985,0.812752
1978,UNS 2025-02-03,2025-01-01,11,Ulster Unionist Party,#48A5EE,1,229.851610,0.353618
1979,UNS 2025-02-04,2025-01-01,10,Alliance,#F6CB2F,1,295.139650,0.454061
1979,UNS 2025-02-04,2025-01-01,4,Conservative,#0087DC,155,14178.928519,21.813736
1979,UNS 2025-02-04,2025-01-01,9,Democratic Unionist Party,#D46A4C,6,436.075878,0.670886
1979,UNS 2025-02-04,2025-01-01,6,Green,#6AB023,4,5579.404475,8.583699
1979,UNS 2025-02-04,2025-01-01,1,Labour,#E4003B,256,16591.400589,25.525232
1979,UNS 2025-02-04,2025-01-01,5,Liberal Democrats,#FAA61A,71,7485.034302,11.515437
1979,UNS 2025-02-04,2025-01-01,7,Other,#808080,12,1849.075306,2.844731
1979,UNS 2025-02-04,2025-01-01,3,Plaid Cymru,#005B54,4,509.263136,0.783482
1979,UNS 2025-02-04,2025-01-01,2,Reform UK,#12B6CF,97,15353.130876,23.620201
1979,UNS 2025-02-04,2025-01-01,12,SDLP,#2AA82C,2,223.765468,0.344255
1979,UNS 2025-02-04,2025-01-01,8,Scottish National Party,#FFF95D,34,1740.641207,2.677910
1979,UNS 2025-02-04,2025-01-01,13,Sinn Féin,#326760,7,528.288985,0.812752
1979,UNS 2025-02-04,2025-01-01,11,Ulster Unionist Party,#48A5EE,1,229.851610,0.353618
1980,UNS 2025-02-05,2025-01-01,10,Alliance,#F6CB2F,1,295.139650,0.454061
1980,UNS 2025-02-05,2025-01-01,4,Conservative,#0087DC,144,13863.799854,21.328923
1980,UNS 2025-02-05,2025-01-01,9,Democratic Unionist Party,#D46A4C,6,436.075878,0.670886
1980,UNS 2025-02-05,2025-01-01,6,Green,#6AB023,4,5628.529706,8.659276
1980,UNS 2025-02-05,2025-01-01,1,Labour,#E4003B,253,16519.414578,25.414484
1980,UNS 2025-02-05,2025-01-01,5,Liberal Democrats,#FAA61A,71,7541.429221,11.602199
1980,UNS 2025-02-05,2025-01-01,7,Other,#808080,12,1864.519220,2.868491
1980,UNS 2025-02-05,2025-01-01,3,Plaid Cymru,#005B54,4,484.549595,0.745461
1980,UNS 2025-02-05,2025-01-01,2,Reform UK,#12B6CF,111,15652.744212,24.081145
1980,UNS 2025-02-05,2025-01-01,12,SDLP,#2AA82C,2,223.765468,0.344255
1980,UNS 2025-02-05,2025-01-01,8,Scottish National Party,#FFF95D,34,1731.892025,2.664449
1980,UNS 2025-02-05,2025-01-01,13,Sinn Féin,#326760,7,528.288985,0.812752
1980,UNS 2025-02-05,2025-01-01,11,Ulster Unionist Party,#48A5EE,1,229.851610,0.353618
1981,UNS 2025-02-06,2025-01-01,10,Alliance,#F6CB2F,1,295.139650,0.454061
1981,UNS 2025-02-06,2025-01-01,4,Conservative,#0087DC,144,13863.799854,21.328923
1981,UNS 2025-02-06,2025-01-01,9,Democratic Unionist Party,#D46A4C,6,436.075878,0.670886
1981,UNS 2025-02-06,2025-01-01,6,Green,#6AB023,4,5628.529706,8.659276
1981,UNS 2025-02-06,2025-01-01,1,Labour,#E4003B,253,16519.414578,25.414484
1981,UNS 2025-02-06,2025-01-01,5,Liberal Democrats,#FAA61A,71,7541.429221,11.602199
1981,UNS 2025-02-06,2025-01-01,7,Other,#808080,12,1864.519220,2.868491
1981,UNS 2025-02-06,2025-01-01,3,Plaid Cymru,#005B54,4,484.549595,0.745461
1981,UNS 2025-02-06,2025-01-01,2,Reform UK,#12B6CF,111,15652.744212,24.081145
1981,UNS 2025-02-06,2025-01-01,12,SDLP,#2AA82C,2,223.765468,0.344255
1981,UNS 2025-02-06,2025-01-01,8,Scottish National Party,#FFF95D,34,1731.892025,2.664449
1981,UNS 2025-02-06,2025-01-01,13,Sinn Féin,#326760,7,528.288985,0.812752
1981,UNS 2025-02-06,2025-01-01,11,Ulster Unionist Party,#48A5EE,1,229.851610,0.353618
1982,UNS 2025-02-07,2025-01-01,10,Alliance,#F6CB2F,1,295.139650,0.454061
1982,UNS 2025-02-07,2025-01-01,4,Conservative,#0087DC,144,13863.799854,21.328923
1982,UNS 2025-02-07,2025-01-01,9,Democratic Unionist Party,#D46A4C,6,436.075878,0.670886
1982,UNS 2025-02-07,2025-01-01,6,Green,#6AB023,4,5628.529706,8.659276
1982,UNS 2025-02-07,2025-01-01,1,Labour,#E4003B,253,16519.414578,25.414484
1982,UNS 2025-02-07,2025-01-01,5,Liberal Democrats,#FAA61A,71,7541.429221,11.602199
1982,UNS 2025-02-07,2025-01-01,7,Other,#808080,12,1864.519220,2.868491
1982,UNS 2025-02-07,2025-01-01,3,Plaid Cymru,#005B54,4,484.549595,0.745461
1982,UNS 2025-02-07,2025-01-01,2,Reform UK,#12B6CF,111,15652.744212,24.081145
1982,UNS 2025-02-07,2025-01-01,12,SDLP,#2AA82C,2,223.765468,0.344255
1982,UNS 2025-02-07,2025-01-01,8,Scottish National Party,#FFF95D,34,1731.892025,2.664449
1982,UNS 2025-02-07,2025-01-01,13,Sinn Féin,#326760,7,528.288985,0.812752
1982,UNS 2025-02-07,2025-01-01,11,Ulster Unionist Party,#48A5EE,1,229.851610,0.353618
1983,UNS 2025-02-08,2025-01-01,10,Alliance,#F6CB2F,1,295.139650,0.454061
1983,UNS 2025-02-08,2025-01-01,4,Conservative,#0087DC,144,13863.799854,21.328923
1983,UNS 2025-02-08,2025-01-01,9,Democratic Unionist Party,#D46A4C,6,436.075878,0.670886
1983,UNS 2025-02-08,2025-01-01,6,Green,#6AB023,4,5628.529706,8.659276
1983,UNS 2025-02-08,2025-01-01,1,Labour,#E4003B,253,16519.414578,25.414484
1983,UNS 2025-02-08,2025-01-01,5,Liberal Democrats,#FAA61A,71,7541.429221,11.602199
1983,UNS 2025-02-08,2025-01-01,7,Other,#808080,12,1864.519220,2.868491
1983,UNS 2025-02-08,2025-01-01,3,Plaid Cymru,#005B54,4,484.549595,0.745461
1983,UNS 2025-02-08,2025-01-01,2,Reform UK,#12B6CF,111,15652.744212,24.081145
1983,UNS 2025-02-08,2025-01-01,12,SDLP,#2AA82C,2,223.765468,0.344255
1983,UNS 2025-02-08,2025-01-01,8,Scottish National Party,#FFF95D,34,1731.892025,2.664449
1983,UNS 2025-02-08,2025-01-01,13,Sinn Féin,#326760,7,528.288985,0.812752
1983,UNS 2025-02-08,2025-01-01,11,Ulster Unionist Party,#48A5EE,1,229.851610,0.353618
1984,UNS 2025-02-09,2025-01-01,10,Alliance,#F6CB2F,1,295.139650,0.454061
1984,UNS 2025-02-09,2025-01-01,4,Conservative,#0087DC,144,13863.799854,21.328923
1984,UNS 2025-02-09,2025-01-01,9,Democratic Unionist Party,#D46A4C,6,436.075878,0.670886
1984,UNS 2025-02-09,2025-01-01,6,Green,#6AB023,4,5628.529706,8.659276
1984,UNS 2025-02-09,2025-01-01,1,Labour,#E4003B,253,16519.414578,25.414484
1984,UNS 2025-02-09,2025-01-01,5,Liberal Democrats,#FAA61A,71,7541.429221,11.602199
1984,UNS 2025-02-09,2025-01-01,7,Other,#808080,12,1864.519220,2.868491
1984,UNS 2025-02-09,2025-01-01,3,Plaid Cymru,#005B54,4,484.549595,0.745461
1984,UNS 2025-02-09,2025-01-01,2,Reform UK,#12B6CF,111,15652.744212,24.081145
1984,UNS 2025-02-09,2025-01-01,12,SDLP,#2AA82C,2,223.765468,0.344255
1984,UNS 2025-02-09,2025-01-01,8,Scottish National Party,#FFF95D,34,1731.892025,2.664449
1984,UNS 2025-02-09,2025-01-01,13,Sinn Féin,#326760,7,528.288985,0.812752
1984,UNS 2025-02-09,2025-01-01,11,Ulster Unionist Party,#48A5EE,1,229.851610,0.353618
1985,UNS 2025-02-10,2025-01-01,10,Alliance,#F6CB2F,1,295.139650,0.454061
1985,UNS 2025-02-10,2025-01-01,4,Conservative,#0087DC,144,13737.405422,21.134470
1985,UNS 2025-02-10,2025-01-01,9,Democratic Unionist Party,#D46A4C,6,436.075878,0.670886
1985,UNS 2025-02-10,2025-01-01,6,Green,#6AB023,4,5606.424646,8.625269
1985,UNS 2025-02-10,2025-01-01,1,Labour,#E4003B,252,16503.449724,25.389923
1985,UNS 2025-02-10,2025-01-01,5,Liberal Democrats,#FAA61A,71,7610.122636,11.707881
1985,UNS 2025-02-10,2025-01-01,7,Other,#808080,12,1831.265759,2.817332
1985,UNS 2025-02-10,2025-01-01,3,Plaid Cymru,#005B54,5,524.551455,0.807002
1985,UNS 2025-02-10,2025-01-01,2,Reform UK,#12B6CF,110,15698.432597,24.151435
1985,UNS 2025-02-10,2025-01-01,12,SDLP,#2AA82C,2,223.765468,0.344255
1985,UNS 2025-02-10,2025-01-01,8,Scottish National Party,#FFF95D,35,1775.226172,2.731117
1985,UNS 2025-02-10,2025-01-01,13,Sinn Féin,#326760,7,528.288985,0.812752
1985,UNS 2025-02-10,2025-01-01,11,Ulster Unionist Party,#48A5EE,1,229.851610,0.353618
1986,UNS 2025-02-11,2025-01-01,10,Alliance,#F6CB2F,1,295.139650,0.454061
1986,UNS 2025-02-11,2025-01-01,4,Conservative,#0087DC,144,13737.405422,21.134470
1986,UNS 2025-02-11,2025-01-01,9,Democratic Unionist Party,#D46A4C,6,436.075878,0.670886
1986,UNS 2025-02-11,2025-01-01,6,Green,#6AB023,4,5606.424646,8.625269
1986,UNS 2025-02-11,2025-01-01,1,Labour,#E4003B,252,16503.449724,25.389923
1986,UNS 2025-02-11,2025-01-01,5,Liberal Democrats,#FAA61A,71,7610.122636,11.707881
1986,UNS 2025-02-11,2025-01-01,7,Other,#808080,12,1831.265759,2.817332
1986,UNS 2025-02-11,2025-01-01,3,Plaid Cymru,#005B54,5,524.551455,0.807002
1986,UNS 2025-02-11,2025-01-01,2,Reform UK,#12B6CF,110,15698.432597,24.151435
1986,UNS 2025-02-11,2025-01-01,12,SDLP,#2AA82C,2,223.765468,0.344255
1986,UNS 2025-02-11,2025-01-01,8,Scottish National Party,#FFF95D,35,1775.226172,2.731117
1986,UNS 2025-02-11,2025-01-01,13,Sinn Féin,#326760,7,528.288985,0.812752
1986,UNS 2025-02-11,2025-01-01,11,Ulster Unionist Party,#48A5EE,1,229.851610,0.353618
1987,UNS 2025-02-12,2025-01-01,10,Alliance,#F6CB2F,1,295.139650,0.454061
1987,UNS 2025-02-12,2025-01-01,4,Conservative,#0087DC,144,13737.405422,21.134470
1987,UNS 2025-02-12,2025-01-01,9,Democratic Unionist Party,#D46A4C,6,436.075878,0.670886
1987,UNS 2025-02-12,2025-01-01,6,Green,#6AB023,4,5606.424646,8.625269
1987,UNS 2025-02-12,2025-01-01,1,Labour,#E4003B,252,16503.449724,25.389923
1987,UNS 2025-02-12,2025-01-01,5,Liberal Democrats,#FAA61A,71,7610.122636,11.707881
1987,UNS 2025-02-12,2025-01-01,7,Other,#808080,12,1831.265759,2.817332
1987,UNS 2025-02-12,2025-01-01,3,Plaid Cymru,#005B54,5,524.551455,0.807002
1987,UNS 2025-02-12,2025-01-01,2,Reform UK,#12B6CF,110,15698.432597,24.151435
1987,UNS 2025-02-12,2025-01-01,12,SDLP,#2AA82C,2,223.765468,0.344255
1987,UNS 2025-02-12,2025-01-01,8,Scottish National Party,#FFF95D,35,1775.226172,2.731117
1987,UNS 2025-02-12,2025-01-01,13,Sinn Féin,#326760,7,528.288985,0.812752
1987,UNS 2025-02-12,2025-01-01,11,Ulster Unionist Party,#48A5EE,1,229.851610,0.353618
1988,UNS 2025-02-13,2025-01-01,10,Alliance,#F6CB2F,1,295.139650,0.454061
1988,UNS 2025-02-13,2025-01-01,4,Conservative,#0087DC,144,13737.405422,21.134470
1988,UNS 2025-02-13,2025-01-01,9,Democratic Unionist Party,#D46A4C,6,436.075878,0.670886
1988,UNS 2025-02-13,2025-01-01,6,Green,#6AB023,4,5606.424646,8.625269
1988,UNS 2025-02-13,2025-01-01,1,Labour,#E4003B,252,16503.449724,25.389923
1988,UNS 2025-02-13,2025-01-01,5,Liberal Democrats,#FAA61A,71,7610.122636,11.707881
1988,UNS 2025-02-13,2025-01-01,7,Other,#808080,12,1831.265759,2.817332
1988,UNS 2025-02-13,2025-01-01,3,Plaid Cymru,#005B54,5,524.551455,0.807002
1988,UNS 2025-02-13,2025-01-01,2,Reform UK,#12B6CF,110,15698.432597,24.151435
1988,UNS 2025-02-13,2025-01-01,12,SDLP,#2AA82C,2,223.765468,0.344255
1988,UNS 2025-02-13,2025-01-01,8,Scottish National Party,#FFF95D,35,1775.226172,2.731117
1988,UNS 2025-02-13,2025-01-01,13,Sinn Féin,#326760,7,528.288985,0.812752
1988,UNS 2025-02-13,2025-01-01,11,Ulster Unionist Party,#48A5EE,1,229.851610,0.353618
1989,UNS 2025-02-14,2025-01-01,10,Alliance,#F6CB2F,1,295.139650,0.454061
1989,UNS 2025-02-14,2025-01-01,4,Conservative,#0087DC,144,13737.405422,21.134470
1989,UNS 2025-02-14,2025-01-01,9,Democratic Unionist Party,#D46A4C,6,436.075878,0.670886
1989,UNS 2025-02-14,2025-01-01,6,Green,#6AB023,4,5606.424646,8.625269
1989,UNS 2025-02-14,2025-01-01,1,Labour,#E4003B,252,16503.449724,25.389923
1989,UNS 2025-02-14,2025-01-01,5,Liberal Democrats,#FAA61A,71,7610.122636,11.707881
1989,UNS 2025-02-14,2025-01-01,7,Other,#808080,12,1831.265759,2.817332
1989,UNS 2025-02-14,2025-01-01,3,Plaid Cymru,#005B54,5,524.551455,0.807002
1989,UNS 2025-02-14,2025-01-01,2,Reform UK,#12B6CF,110,15698.432597,24.151435
1989,UNS 2025-02-14,2025-01-01,12,SDLP,#2AA82C,2,223.765468,0.344255
1989,UNS 2025-02-14,2025-01-01,8,Scottish National Party,#FFF95D,35,1775.226172,2.731117
1989,UNS 2025-02-14,2025-01-01,13,Sinn Féin,#326760,7,528.288985,0.812752
1989,UNS 2025-02-14,2025-01-01,11,Ulster Unionist Party,#48A5EE,1,229.851610,0.353618
1990,UNS 2025-02-15,2025-01-01,10,Alliance,#F6CB2F,1,295.139650,0.454061
1990,UNS 2025-02-15,2025-01-01,4,Conservative,#0087DC,144,13737.405422,21.134470
1990,UNS 2025-02-15,2025-01-01,9,Democratic Unionist Party,#D46A4C,6,436.075878,0.670886
1990,UNS 2025-02-15,2025-01-01,6,Green,#6AB023,4,5606.424646,8.625269
1990,UNS 2025-02-15,2025-01-01,1,Labour,#E4003B,252,16503.449724,25.389923
1990,UNS 2025-02-15,2025-01-01,5,Liberal Democrats,#FAA61A,71,7610.122636,11.707881
1990,UNS 2025-02-15,2025-01-01,7,Other,#808080,12,1831.265759,2.817332
1990,UNS 2025-02-15,2025-01-01,3,Plaid Cymru,#005B54,5,524.551455,0.807002
1990,UNS 2025-02-15,2025-01-01,2,Reform UK,#12B6CF,110,15698.432597,24.151435
1990,UNS 2025-02-15,2025-01-01,12,SDLP,#2AA82C,2,223.765468,0.344255
1990,UNS 2025-02-15,2025-01-01,8,Scottish National Party,#FFF95D,35,1775.226172,2.731117
1990,UNS 2025-02-15,2025-01-01,13,Sinn Féin,#326760,7,528.288985,0.812752
1990,UNS 2025-02-15,2025-01-01,11,Ulster Unionist Party,#48A5EE,1,229.851610,0.353618
1991,UNS 2025-02-16,2025-01-01,10,Alliance,#F6CB2F,1,295.139650,0.454061
1991,UNS 2025-02-16,2025-01-01,4,Conservative,#0087DC,144,13737.405422,21.134470
1991,UNS 2025-02-16,2025-01-01,9,Democratic Unionist Party,#D46A4C,6,436.075878,0.670886
1991,UNS 2025-02-16,2025-01-01,6,Green,#6AB023,4,5606.424646,8.625269
1991,UNS 2025-02-16,2025-01-01,1,Labour,#E4003B,252,16503.449724,25.389923
1991,UNS 2025-02-16,2025-01-01,5,Liberal Democrats,#FAA61A,71,7610.122636,11.707881
1991,UNS 2025-02-16,2025-01-01,7,Other,#808080,12,1831.265759,2.817332
1991,UNS 2025-02-16,2025-01-01,3,Plaid Cymru,#005B54,5,524.551455,0.807002
1991,UNS 2025-02-16,2025-01-01,2,Reform UK,#12B6CF,110,15698.432597,24.151435
1991,UNS 2025-02-16,2025-01-01,12,SDLP,#2AA82C,2,223.765468,0.344255
1991,UNS 2025-02-16,2025-01-01,8,Scottish National Party,#FFF95D,35,1775.226172,2.731117
1991,UNS 2025-02-16,2025-01-01,13,Sinn Féin,#326760,7,528.288985,0.812752
1991,UNS 2025-02-16,2025-01-01,11,Ulster Unionist Party,#48A5EE,1,229.851610,0.353618
1992,UNS 2025-02-17,2025-01-01,10,Alliance,#F6CB2F,1,295.139650,0.454061
1992,UNS 2025-02-17,2025-01-01,4,Conservative,#0087DC,143,13605.919683,20.932184
1992,UNS 2025-02-17,2025-01-01,9,Democratic Unionist Party,#D46A4C,6,436.075878,0.670886
1992,UNS 2025-02-17,2025-01-01,6,Green,#6AB023,4,5594.895153,8.607531
1992,UNS 2025-02-17,2025-01-01,1,Labour,#E4003B,251,16443.984806,25.298438
1992,UNS 2025-02-17,2025-01-01,5,Liberal Democrats,#FAA61A,71,7692.810004,11.835092
1992,UNS 2025-02-17,2025-01-01,7,Other,#808080,12,1792.475358,2.757654
1992,UNS 2025-02-17,2025-01-01,3,Plaid Cymru,#005B54,5,530.562040,0.816249
1992,UNS 2025-02-17,2025-01-01,2,Reform UK,#12B6CF,112,15832.078976,24.357045
1992,UNS 2025-02-17,2025-01-01,12,SDLP,#2AA82C,2,223.765468,0.344255
1992,UNS 2025-02-17,2025-01-01,8,Scottish National Party,#FFF95D,35,1794.152390,2.760234
1992,UNS 2025-02-17,2025-01-01,13,Sinn Féin,#326760,7,528.288985,0.812752
1992,UNS 2025-02-17,2025-01-01,11,Ulster Unionist Party,#48A5EE,1,229.851610,0.353618
1993,UNS 2025-02-18,2025-01-01,10,Alliance,#F6CB2F,1,295.139650,0.454061
1993,UNS 2025-02-18,2025-01-01,4,Conservative,#0087DC,143,13605.919683,20.932184
1993,UNS 2025-02-18,2025-01-01,9,Democratic Unionist Party,#D46A4C,6,436.075878,0.670886
1993,UNS 2025-02-18,2025-01-01,6,Green,#6AB023,4,5594.895153,8.607531
1993,UNS 2025-02-18,2025-01-01,1,Labour,#E4003B,251,16443.984806,25.298438
1993,UNS 2025-02-18,2025-01-01,5,Liberal Democrats,#FAA61A,71,7692.810004,11.835092
1993,UNS 2025-02-18,2025-01-01,7,Other,#808080,12,1792.475358,2.757654
1993,UNS 2025-02-18,2025-01-01,3,Plaid Cymru,#005B54,5,530.562040,0.816249
1993,UNS 2025-02-18,2025-01-01,2,Reform UK,#12B6CF,112,15832.078976,24.357045
1993,UNS 2025-02-18,2025-01-01,12,SDLP,#2AA82C,2,223.765468,0.344255
1993,UNS 2025-02-18,2025-01-01,8,Scottish National Party,#FFF95D,35,1794.152390,2.760234
1993,UNS 2025-02-18,2025-01-01,13,Sinn Féin,#326760,7,528.288985,0.812752
1993,UNS 2025-02-18,2025-01-01,11,Ulster Unionist Party,#48A5EE,1,229.851610,0.353618
1994,UNS 2025-02-19,2025-01-01,10,Alliance,#F6CB2F,1,295.139650,0.454061
1994,UNS 2025-02-19,2025-01-01,4,Conservative,#0087DC,129,13426.400623,20.656001
1994,UNS 2025-02-19,2025-01-01,9,Democratic Unionist Party,#D46A4C,6,436.075878,0.670886
1994,UNS 2025-02-19,2025-01-01,6,Green,#6AB023,4,5708.061533,8.781633
1994,UNS 2025-02-19,2025-01-01,1,Labour,#E4003B,245,16362.227050,25.172657
1994,UNS 2025-02-19,2025-01-01,5,Liberal Democrats,#FAA61A,72,7634.038943,11.744675
1994,UNS 2025-02-19,2025-01-01,7,Other,#808080,12,1815.213265,2.792636
1994,UNS 2025-02-19,2025-01-01,3,Plaid Cymru,#005B54,5,523.481119,0.805356
1994,UNS 2025-02-19,2025-01-01,2,Reform UK,#12B6CF,132,16033.475835,24.666886
1994,UNS 2025-02-19,2025-01-01,12,SDLP,#2AA82C,2,223.765468,0.344255
1994,UNS 2025-02-19,2025-01-01,8,Scottish National Party,#FFF95D,34,1783.980043,2.744585
1994,UNS 2025-02-19,2025-01-01,13,Sinn Féin,#326760,7,528.288985,0.812752
1994,UNS 2025-02-19,2025-01-01,11,Ulster Unionist Party,#48A5EE,1,229.851610,0.353618
1995,UNS 2025-02-20,2025-01-01,10,Alliance,#F6CB2F,1,295.139650,0.454061
1995,UNS 2025-02-20,2025-01-01,4,Conservative,#0087DC,129,13426.400623,20.656001
1995,UNS 2025-02-20,2025-01-01,9,Democratic Unionist Party,#D46A4C,6,436.075878,0.670886
1995,UNS 2025-02-20,2025-01-01,6,Green,#6AB023,4,5708.061533,8.781633
1995,UNS 2025-02-20,2025-01-01,1,Labour,#E4003B,245,16362.227050,25.172657
1995,UNS 2025-02-20,2025-01-01,5,Liberal Democrats,#FAA61A,72,7634.038943,11.744675
1995,UNS 2025-02-20,2025-01-01,7,Other,#808080,12,1815.213265,2.792636
1995,UNS 2025-02-20,2025-01-01,3,Plaid Cymru,#005B54,5,523.481119,0.805356
1995,UNS 2025-02-20,2025-01-01,2,Reform UK,#12B6CF,132,16033.475835,24.666886
1995,UNS 2025-02-20,2025-01-01,12,SDLP,#2AA82C,2,223.765468,0.344255
1995,UNS 2025-02-20,2025-01-01,8,Scottish National Party,#FFF95D,34,1783.980043,2.744585
1995,UNS 2025-02-20,2025-01-01,13,Sinn Féin,#326760,7,528.288985,0.812752
1995,UNS 2025-02-20,2025-01-01,11,Ulster Unionist Party,#48A5EE,1,229.851610,0.353618
1996,UNS 2025-02-21,2025-01-01,10,Alliance,#F6CB2F,1,295.139650,0.454061
1996,UNS 2025-02-21,2025-01-01,4,Conservative,#0087DC,129,13426.400623,20.656001
1996,UNS 2025-02-21,2025-01-01,9,Democratic Unionist Party,#D46A4C,6,436.075878,0.670886
1996,UNS 2025-02-21,2025-01-01,6,Green,#6AB023,4,5708.061533,8.781633
1996,UNS 2025-02-21,2025-01-01,1,Labour,#E4003B,245,16362.227050,25.172657
1996,UNS 2025-02-21,2025-01-01,5,Liberal Democrats,#FAA61A,72,7634.038943,11.744675
1996,UNS 2025-02-21,2025-01-01,7,Other,#808080,12,1815.213265,2.792636
1996,UNS 2025-02-21,2025-01-01,3,Plaid Cymru,#005B54,5,523.481119,0.805356
1996,UNS 2025-02-21,2025-01-01,2,Reform UK,#12B6CF,132,16033.475835,24.666886
1996,UNS 2025-02-21,2025-01-01,12,SDLP,#2AA82C,2,223.765468,0.344255
1996,UNS 2025-02-21,2025-01-01,8,Scottish National Party,#FFF95D,34,1783.980043,2.744585
1996,UNS 2025-02-21,2025-01-01,13,Sinn Féin,#326760,7,528.288985,0.812752
1996,UNS 2025-02-21,2025-01-01,11,Ulster Unionist Party,#48A5EE,1,229.851610,0.353618
1997,UNS 2025-02-22,2025-01-01,10,Alliance,#F6CB2F,1,295.139650,0.454061
1997,UNS 2025-02-22,2025-01-01,4,Conservative,#0087DC,129,13426.400623,20.656001
1997,UNS 2025-02-22,2025-01-01,9,Democratic Unionist Party,#D46A4C,6,436.075878,0.670886
1997,UNS 2025-02-22,2025-01-01,6,Green,#6AB023,4,5708.061533,8.781633
1997,UNS 2025-02-22,2025-01-01,1,Labour,#E4003B,245,16362.227050,25.172657
1997,UNS 2025-02-22,2025-01-01,5,Liberal Democrats,#FAA61A,72,7634.038943,11.744675
1997,UNS 2025-02-22,2025-01-01,7,Other,#808080,12,1815.213265,2.792636
1997,UNS 2025-02-22,2025-01-01,3,Plaid Cymru,#005B54,5,523.481119,0.805356
1997,UNS 2025-02-22,2025-01-01,2,Reform UK,#12B6CF,132,16033.475835,24.666886
1997,UNS 2025-02-22,2025-01-01,12,SDLP,#2AA82C,2,223.765468,0.344255
1997,UNS 2025-02-22,2025-01-01,8,Scottish National Party,#FFF95D,34,1783.980043,2.744585
1997,UNS 2025-02-22,2025-01-01,13,Sinn Féin,#326760,7,528.288985,0.812752
1997,UNS 2025-02-22,2025-01-01,11,Ulster Unionist Party,#48A5EE,1,229.851610,0.353618
1998,UNS 2025-02-23,2025-01-01,10,Alliance,#F6CB2F,1,295.139650,0.454061
1998,UNS 2025-02-23,2025-01-01,4,Conservative,#0087DC,129,13426.400623,20.656001
1998,UNS 2025-02-23,2025-01-01,9,Democratic Unionist Party,#D46A4C,6,436.075878,0.670886
1998,UNS 2025-02-23,2025-01-01,6,Green,#6AB023,4,5708.061533,8.781633
1998,UNS 2025-02-23,2025-01-01,1,Labour,#E4003B,245,16362.227050,25.172657
1998,UNS 2025-02-23,2025-01-01,5,Liberal Democrats,#FAA61A,72,7634.038943,11.744675
1998,UNS 2025-02-23,2025-01-01,7,Other,#808080,12,1815.213265,2.792636
1998,UNS 2025-02-23,2025-01-01,3,Plaid Cymru,#005B54,5,523.481119,0.805356
1998,UNS 2025-02-23,2025-01-01,2,Reform UK,#12B6CF,132,16033.475835,24.666886
1998,UNS 2025-02-23,2025-01-01,12,SDLP,#2AA82C,2,223.765468,0.344255
1998,UNS 2025-02-23,2025-01-01,8,Scottish National Party,#FFF95D,34,1783.980043,2.744585
1998,UNS 2025-02-23,2025-01-01,13,Sinn Féin,#326760,7,528.288985,0.812752
1998,UNS 2025-02-23,2025-01-01,11,Ulster Unionist Party,#48A5EE,1,229.851610,0.353618
1999,UNS 2025-02-24,2025-01-01,10,Alliance,#F6CB2F,1,295.139650,0.454061
1999,UNS 2025-02-24,2025-01-01,4,Conservative,#0087DC,131,13385.965134,20.593793
1999,UNS 2025-02-24,2025-01-01,9,Democratic Unionist Party,#D46A4C,6,436.075878,0.670886
1999,UNS 2025-02-24,2025-01-01,6,Green,#6AB023,4,5666.360563,8.717478
1999,UNS 2025-02-24,2025-01-01,1,Labour,#E4003B,238,16257.697271,25.011842
1999,UNS 2025-02-24,2025-01-01,5,Liberal Democrats,#FAA61A,72,7817.598223,12.027074
1999,UNS 2025-02-24,2025-01-01,7,Other,#808080,12,1807.776573,2.781195
1999,UNS 2025-02-24,2025-01-01,3,Plaid Cymru,#005B54,5,522.900456,0.804462
1999,UNS 2025-02-24,2025-01-01,2,Reform UK,#12B6CF,133,16001.351393,24.617464
1999,UNS 2025-02-24,2025-01-01,12,SDLP,#2AA82C,2,223.765468,0.344255
1999,UNS 2025-02-24,2025-01-01,8,Scottish National Party,#FFF95D,38,1827.228797,2.811121
1999,UNS 2025-02-24,2025-01-01,13,Sinn Féin,#326760,7,528.288985,0.812752
1999,UNS 2025-02-24,2025-01-01,11,Ulster Unionist Party,#48A5EE,1,229.851610,0.353618
2000,UNS 2025-02-25,2025-01-01,10,Alliance,#F6CB2F,1,295.139650,0.454061
2000,UNS 2025-02-25,2025-01-01,4,Conservative,#0087DC,131,13385.965134,20.593793
2000,UNS 2025-02-25,2025-01-01,9,Democratic Unionist Party,#D46A4C,6,436.075878,0.670886
2000,UNS 2025-02-25,2025-01-01,6,Green,#6AB023,4,5666.360563,8.717478
2000,UNS 2025-02-25,2025-01-01,1,Labour,#E4003B,238,16257.697271,25.011842
2000,UNS 2025-02-25,2025-01-01,5,Liberal Democrats,#FAA61A,72,7817.598223,12.027074
2000,UNS 2025-02-25,2025-01-01,7,Other,#808080,12,1807.776573,2.781195
2000,UNS 2025-02-25,2025-01-01,3,Plaid Cymru,#005B54,5,522.900456,0.804462
2000,UNS 2025-02-25,2025-01-01,2,Reform UK,#12B6CF,133,16001.351393,24.617464
2000,UNS 2025-02-25,2025-01-01,12,SDLP,#2AA82C,2,223.765468,0.344255
2000,UNS 2025-02-25,2025-01-01,8,Scottish National Party,#FFF95D,38,1827.228797,2.811121
2000,UNS 2025-02-25,2025-01-01,13,Sinn Féin,#326760,7,528.288985,0.812752
2000,UNS 2025-02-25,2025-01-01,11,Ulster Unionist Party,#48A5EE,1,229.851610,0.353618
2001,UNS 2025-02-26,2025-01-01,10,Alliance,#F6CB2F,1,295.139650,0.454061
2001,UNS 2025-02-26,2025-01-01,4,Conservative,#0087DC,129,13370.454189,20.569930
2001,UNS 2025-02-26,2025-01-01,9,Democratic Unionist Party,#D46A4C,6,436.075878,0.670886
2001,UNS 2025-02-26,2025-01-01,6,Green,#6AB023,4,5666.871623,8.718264
2001,UNS 2025-02-26,2025-01-01,1,Labour,#E4003B,230,16176.858028,24.887474
2001,UNS 2025-02-26,2025-01-01,5,Liberal Democrats,#FAA61A,72,7740.563563,11.908559
2001,UNS 2025-02-26,2025-01-01,7,Other,#808080,12,1767.205712,2.718778
2001,UNS 2025-02-26,2025-01-01,3,Plaid Cymru,#005B54,4,499.285188,0.768131
2001,UNS 2025-02-26,2025-01-01,2,Reform UK,#12B6CF,147,16249.700765,24.999540
2001,UNS 2025-02-26,2025-01-01,12,SDLP,#2AA82C,2,223.765468,0.344255
2001,UNS 2025-02-26,2025-01-01,8,Scottish National Party,#FFF95D,35,1815.939341,2.793753
2001,UNS 2025-02-26,2025-01-01,13,Sinn Féin,#326760,7,528.288985,0.812752
2001,UNS 2025-02-26,2025-01-01,11,Ulster Unionist Party,#48A5EE,1,229.851610,0.353618
2002,UNS 2025-02-27,2025-01-01,10,Alliance,#F6CB2F,1,295.139650,0.454061
2002,UNS 2025-02-27,2025-01-01,4,Conservative,#0087DC,129,13370.454189,20.569930
2002,UNS 2025-02-27,2025-01-01,9,Democratic Unionist Party,#D46A4C,6,436.075878,0.670886
2002,UNS 2025-02-27,2025-01-01,6,Green,#6AB023,4,5666.871623,8.718264
2002,UNS 2025-02-27,2025-01-01,1,Labour,#E4003B,230,16176.858028,24.887474
2002,UNS 2025-02-27,2025-01-01,5,Liberal Democrats,#FAA61A,72,7740.563563,11.908559
2002,UNS 2025-02-27,2025-01-01,7,Other,#808080,12,1767.205712,2.718778
2002,UNS 2025-02-27,2025-01-01,3,Plaid Cymru,#005B54,4,499.285188,0.768131
2002,UNS 2025-02-27,2025-01-01,2,Reform UK,#12B6CF,147,16249.700765,24.999540
2002,UNS 2025-02-27,2025-01-01,12,SDLP,#2AA82C,2,223.765468,0.344255
2002,UNS 2025-02-27,2025-01-01,8,Scottish National Party,#FFF95D,35,1815.939341,2.793753
2002,UNS 2025-02-27,2025-01-01,13,Sinn Féin,#326760,7,528.288985,0.812752
2002,UNS 2025-02-27,2025-01-01,11,Ulster Unionist Party,#48A5EE,1,229.851610,0.353618
2003,UNS 2025-02-28,2025-01-01,10,Alliance,#F6CB2F,1,295.139650,0.454061
2003,UNS 2025-02-28,2025-01-01,4,Conservative,#0087DC,128,13303.885917,20.467517
2003,UNS 2025-02-28,2025-01-01,9,Democratic Unionist Party,#D46A4C,6,436.075878,0.670886
2003,UNS 2025-02-28,2025-01-01,6,Green,#6AB023,5,5654.718095,8.699566
2003,UNS 2025-02-28,2025-01-01,1,Labour,#E4003B,230,16255.339909,25.008215
2003,UNS 2025-02-28,2025-01-01,5,Liberal Democrats,#FAA61A,74,7694.605153,11.837854
2003,UNS 2025-02-28,2025-01-01,7,Other,#808080,13,1858.087147,2.858596
2003,UNS 2025-02-28,2025-01-01,3,Plaid Cymru,#005B54,5,498.180375,0.766431
2003,UNS 2025-02-28,2025-01-01,2,Reform UK,#12B6CF,144,16212.462925,24.942251
2003,UNS 2025-02-28,2025-01-01,12,SDLP,#2AA82C,2,223.765468,0.344255
2003,UNS 2025-02-28,2025-01-01,8,Scottish National Party,#FFF95D,34,1809.598888,2.783998
2003,UNS 2025-02-28,2025-01-01,13,Sinn Féin,#326760,7,528.288985,0.812752
2003,UNS 2025-02-28,2025-01-01,11,Ulster Unionist Party,#48A5EE,1,229.851610,0.353618
2004,UNS 2025-03-01,2025-01-01,10,Alliance,#F6CB2F,1,295.139650,0.454061
2004,UNS 2025-03-01,2025-01-01,4,Conservative,#0087DC,128,13303.885917,20.467517
2004,UNS 2025-03-01,2025-01-01,9,Democratic Unionist Party,#D46A4C,6,436.075878,0.670886
2004,UNS 2025-03-01,2025-01-01,6,Green,#6AB023,5,5654.718095,8.699566
2004,UNS 2025-03-01,2025-01-01,1,Labour,#E4003B,230,16255.339909,25.008215
2004,UNS 2025-03-01,2025-01-01,5,Liberal Democrats,#FAA61A,74,7694.605153,11.837854
2004,UNS 2025-03-01,2025-01-01,7,Other,#808080,13,1858.087147,2.858596
2004,UNS 2025-03-01,2025-01-01,3,Plaid Cymru,#005B54,5,498.180375,0.766431
2004,UNS 2025-03-01,2025-01-01,2,Reform UK,#12B6CF,144,16212.462925,24.942251
2004,UNS 2025-03-01,2025-01-01,12,SDLP,#2AA82C,2,223.765468,0.344255
2004,UNS 2025-03-01,2025-01-01,8,Scottish National Party,#FFF95D,34,1809.598888,2.783998
2004,UNS 2025-03-01,2025-01-01,13,Sinn Féin,#326760,7,528.288985,0.812752
2004,UNS 2025-03-01,2025-01-01,11,Ulster Unionist Party,#48A5EE,1,229.851610,0.353618
2005,UNS 2025-03-02,2025-01-01,10,Alliance,#F6CB2F,1,295.139650,0.454061
2005,UNS 2025-03-02,2025-01-01,4,Conservative,#0087DC,128,13303.885917,20.467517
2005,UNS 2025-03-02,2025-01-01,9,Democratic Unionist Party,#D46A4C,6,436.075878,0.670886
2005,UNS 2025-03-02,2025-01-01,6,Green,#6AB023,5,5654.718095,8.699566
2005,UNS 2025-03-02,2025-01-01,1,Labour,#E4003B,230,16255.339909,25.008215
2005,UNS 2025-03-02,2025-01-01,5,Liberal Democrats,#FAA61A,74,7694.605153,11.837854
2005,UNS 2025-03-02,2025-01-01,7,Other,#808080,13,1858.087147,2.858596
2005,UNS 2025-03-02,2025-01-01,3,Plaid Cymru,#005B54,5,498.180375,0.766431
2005,UNS 2025-03-02,2025-01-01,2,Reform UK,#12B6CF,144,16212.462925,24.942251
2005,UNS 2025-03-02,2025-01-01,12,SDLP,#2AA82C,2,223.765468,0.344255
2005,UNS 2025-03-02,2025-01-01,8,Scottish National Party,#FFF95D,34,1809.598888,2.783998
2005,UNS 2025-03-02,2025-01-01,13,Sinn Féin,#326760,7,528.288985,0.812752
2005,UNS 2025-03-02,2025-01-01,11,Ulster Unionist Party,#48A5EE,1,229.851610,0.353618
2006,UNS 2025-03-03,2025-01-01,10,Alliance,#F6CB2F,1,295.139650,0.454061
2006,UNS 2025-03-03,2025-01-01,4,Conservative,#0087DC,128,13258.042381,20.396988
2006,UNS 2025-03-03,2025-01-01,9,Democratic Unionist Party,#D46A4C,6,436.075878,0.670886
2006,UNS 2025-03-03,2025-01-01,6,Green,#6AB023,5,5651.818770,8.695106
2006,UNS 2025-03-03,2025-01-01,1,Labour,#E4003B,232,16296.572303,25.071650
2006,UNS 2025-03-03,2025-01-01,5,Liberal Democrats,#FAA61A,74,7720.838743,11.878213
2006,UNS 2025-03-03,2025-01-01,7,Other,#808080,12,1847.468648,2.842259
2006,UNS 2025-03-03,2025-01-01,3,Plaid Cymru,#005B54,5,509.118536,0.783259
2006,UNS 2025-03-03,2025-01-01,2,Reform UK,#12B6CF,143,16191.778853,24.910429
2006,UNS 2025-03-03,2025-01-01,12,SDLP,#2AA82C,2,223.765468,0.344255
2006,UNS 2025-03-03,2025-01-01,8,Scottish National Party,#FFF95D,34,1811.240175,2.786523
2006,UNS 2025-03-03,2025-01-01,13,Sinn Féin,#326760,7,528.288985,0.812752
2006,UNS 2025-03-03,2025-01-01,11,Ulster Unionist Party,#48A5EE,1,229.851610,0.353618
2007,UNS 2025-03-04,2025-01-01,10,Alliance,#F6CB2F,1,295.139650,0.454061
2007,UNS 2025-03-04,2025-01-01,4,Conservative,#0087DC,128,13258.042381,20.396988
2007,UNS 2025-03-04,2025-01-01,9,Democratic Unionist Party,#D46A4C,6,436.075878,0.670886
2007,UNS 2025-03-04,2025-01-01,6,Green,#6AB023,5,5651.818770,8.695106
2007,UNS 2025-03-04,2025-01-01,1,Labour,#E4003B,232,16296.572303,25.071650
2007,UNS 2025-03-04,2025-01-01,5,Liberal Democrats,#FAA61A,74,7720.838743,11.878213
2007,UNS 2025-03-04,2025-01-01,7,Other,#808080,12,1847.468648,2.842259
2007,UNS 2025-03-04,2025-01-01,3,Plaid Cymru,#005B54,5,509.118536,0.783259
2007,UNS 2025-03-04,2025-01-01,2,Reform UK,#12B6CF,143,16191.778853,24.910429
2007,UNS 2025-03-04,2025-01-01,12,SDLP,#2AA82C,2,223.765468,0.344255
2007,UNS 2025-03-04,2025-01-01,8,Scottish National Party,#FFF95D,34,1811.240175,2.786523
2007,UNS 2025-03-04,2025-01-01,13,Sinn Féin,#326760,7,528.288985,0.812752
2007,UNS 2025-03-04,2025-01-01,11,Ulster Unionist Party,#48A5EE,1,229.851610,0.353618
2008,UNS 2025-03-05,2025-01-01,10,Alliance,#F6CB2F,1,295.139650,0.454061
2008,UNS 2025-03-05,2025-01-01,4,Conservative,#0087DC,123,13249.117953,20.383258
2008,UNS 2025-03-05,2025-01-01,9,Democratic Unionist Party,#D46A4C,6,436.075878,0.670886
2008,UNS 2025-03-05,2025-01-01,6,Green,#6AB023,5,5701.361613,8.771326
2008,UNS 2025-03-05,2025-01-01,1,Labour,#E4003B,231,16234.168147,24.975643
2008,UNS 2025-03-05,2025-01-01,5,Liberal Democrats,#FAA61A,75,7706.915796,11.856794
2008,UNS 2025-03-05,2025-01-01,7,Other,#808080,13,1830.317137,2.815873
2008,UNS 2025-03-05,2025-01-01,3,Plaid Cymru,#005B54,5,512.390415,0.788293
2008,UNS 2025-03-05,2025-01-01,2,Reform UK,#12B6CF,148,16247.564812,24.996254
2008,UNS 2025-03-05,2025-01-01,12,SDLP,#2AA82C,2,223.765468,0.344255
2008,UNS 2025-03-05,2025-01-01,8,Scottish National Party,#FFF95D,33,1805.042538,2.776989
2008,UNS 2025-03-05,2025-01-01,13,Sinn Féin,#326760,7,528.288985,0.812752
2008,UNS 2025-03-05,2025-01-01,11,Ulster Unionist Party,#48A5EE,1,229.851610,0.353618
2009,UNS 2025-03-06,2025-01-01,10,Alliance,#F6CB2F,1,295.139650,0.454061
2009,UNS 2025-03-06,2025-01-01,4,Conservative,#0087DC,123,13249.117953,20.383258
2009,UNS 2025-03-06,2025-01-01,9,Democratic Unionist Party,#D46A4C,6,436.075878,0.670886
2009,UNS 2025-03-06,2025-01-01,6,Green,#6AB023,5,5701.361613,8.771326
2009,UNS 2025-03-06,2025-01-01,1,Labour,#E4003B,231,16234.168147,24.975643
2009,UNS 2025-03-06,2025-01-01,5,Liberal Democrats,#FAA61A,75,7706.915796,11.856794
2009,UNS 2025-03-06,2025-01-01,7,Other,#808080,13,1830.317137,2.815873
2009,UNS 2025-03-06,2025-01-01,3,Plaid Cymru,#005B54,5,512.390415,0.788293
2009,UNS 2025-03-06,2025-01-01,2,Reform UK,#12B6CF,148,16247.564812,24.996254
2009,UNS 2025-03-06,2025-01-01,12,SDLP,#2AA82C,2,223.765468,0.344255
2009,UNS 2025-03-06,2025-01-01,8,Scottish National Party,#FFF95D,33,1805.042538,2.776989
2009,UNS 2025-03-06,2025-01-01,13,Sinn Féin,#326760,7,528.288985,0.812752
2009,UNS 2025-03-06,2025-01-01,11,Ulster Unionist Party,#48A5EE,1,229.851610,0.353618
2010,UNS 2025-03-07,2025-01-01,10,Alliance,#F6CB2F,1,295.139650,0.454061
2010,UNS 2025-03-07,2025-01-01,4,Conservative,#0087DC,123,13249.117953,20.383258
2010,UNS 2025-03-07,2025-01-01,9,Democratic Unionist Party,#D46A4C,6,436.075878,0.670886
2010,UNS 2025-03-07,2025-01-01,6,Green,#6AB023,5,5701.361613,8.771326
2010,UNS 2025-03-07,2025-01-01,1,Labour,#E4003B,231,16234.168147,24.975643
2010,UNS 2025-03-07,2025-01-01,5,Liberal Democrats,#FAA61A,75,7706.915796,11.856794
2010,UNS 2025-03-07,2025-01-01,7,Other,#808080,13,1830.317137,2.815873
2010,UNS 2025-03-07,2025-01-01,3,Plaid Cymru,#005B54,5,512.390415,0.788293
2010,UNS 2025-03-07,2025-01-01,2,Reform UK,#12B6CF,148,16247.564812,24.996254
2010,UNS 2025-03-07,2025-01-01,12,SDLP,#2AA82C,2,223.765468,0.344255
2010,UNS 2025-03-07,2025-01-01,8,Scottish National Party,#FFF95D,33,1805.042538,2.776989
2010,UNS 2025-03-07,2025-01-01,13,Sinn Féin,#326760,7,528.288985,0.812752
2010,UNS 2025-03-07,2025-01-01,11,Ulster Unionist Party,#48A5EE,1,229.851610,0.353618
2011,UNS 2025-03-08,2025-01-01,10,Alliance,#F6CB2F,1,295.139650,0.454061
2011,UNS 2025-03-08,2025-01-01,4,Conservative,#0087DC,123,13249.117953,20.383258
2011,UNS 2025-03-08,2025-01-01,9,Democratic Unionist Party,#D46A4C,6,436.075878,0.670886
2011,UNS 2025-03-08,2025-01-01,6,Green,#6AB023,5,5701.361613,8.771326
2011,UNS 2025-03-08,2025-01-01,1,Labour,#E4003B,231,16234.168147,24.975643
2011,UNS 2025-03-08,2025-01-01,5,Liberal Democrats,#FAA61A,75,7706.915796,11.856794
2011,UNS 2025-03-08,2025-01-01,7,Other,#808080,13,1830.317137,2.815873
2011,UNS 2025-03-08,2025-01-01,3,Plaid Cymru,#005B54,5,512.390415,0.788293
2011,UNS 2025-03-08,2025-01-01,2,Reform UK,#12B6CF,148,16247.564812,24.996254
2011,UNS 2025-03-08,2025-01-01,12,SDLP,#2AA82C,2,223.765468,0.344255
2011,UNS 2025-03-08,2025-01-01,8,Scottish National Party,#FFF95D,33,1805.042538,2.776989
2011,UNS 2025-03-08,2025-01-01,13,Sinn Féin,#326760,7,528.288985,0.812752
2011,UNS 2025-03-08,2025-01-01,11,Ulster Unionist Party,#48A5EE,1,229.851610,0.353618
2012,UNS 2025-03-09,2025-01-01,10,Alliance,#F6CB2F,1,295.139650,0.454061
2012,UNS 2025-03-09,2025-01-01,4,Conservative,#0087DC,123,13249.117953,20.383258
2012,UNS 2025-03-09,2025-01-01,9,Democratic Unionist Party,#D46A4C,6,436.075878,0.670886
2012,UNS 2025-03-09,2025-01-01,6,Green,#6AB023,5,5701.361613,8.771326
2012,UNS 2025-03-09,2025-01-01,1,Labour,#E4003B,231,16234.168147,24.975643
2012,UNS 2025-03-09,2025-01-01,5,Liberal Democrats,#FAA61A,75,7706.915796,11.856794
2012,UNS 2025-03-09,2025-01-01,7,Other,#808080,13,1830.317137,2.815873
2012,UNS 2025-03-09,2025-01-01,3,Plaid Cymru,#005B54,5,512.390415,0.788293
2012,UNS 2025-03-09,2025-01-01,2,Reform UK,#12B6CF,148,16247.564812,24.996254
2012,UNS 2025-03-09,2025-01-01,12,SDLP,#2AA82C,2,223.765468,0.344255
2012,UNS 2025-03-09,2025-01-01,8,Scottish National Party,#FFF95D,33,1805.042538,2.776989
2012,UNS 2025-03-09,2025-01-01,13,Sinn Féin,#326760,7,528.288985,0.812752
2012,UNS 2025-03-09,2025-01-01,11,Ulster Unionist Party,#48A5EE,1,229.851610,0.353618
2013,UNS 2025-03-10,2025-01-01,10,Alliance,#F6CB2F,1,295.139650,0.454061
2013,UNS 2025-03-10,2025-01-01,4,Conservative,#0087DC,122,13344.906681,20.530626
2013,UNS 2025-03-10,2025-01-01,9,Democratic Unionist Party,#D46A4C,6,436.075878,0.670886
2013,UNS 2025-03-10,2025-01-01,6,Green,#6AB023,5,5638.829824,8.675123
2013,UNS 2025-03-10,2025-01-01,1,Labour,#E4003B,233,16184.212035,24.898788
2013,UNS 2025-03-10,2025-01-01,5,Liberal Democrats,#FAA61A,75,7877.549570,12.119307
2013,UNS 2025-03-10,2025-01-01,7,Other,#808080,12,1857.279366,2.857353
2013,UNS 2025-03-10,2025-01-01,3,Plaid Cymru,#005B54,5,517.094281,0.795530
2013,UNS 2025-03-10,2025-01-01,2,Reform UK,#12B6CF,151,16095.456371,24.762241
2013,UNS 2025-03-10,2025-01-01,12,SDLP,#2AA82C,2,223.765468,0.344255
2013,UNS 2025-03-10,2025-01-01,8,Scottish National Party,#FFF95D,30,1771.550281,2.725462
2013,UNS 2025-03-10,2025-01-01,13,Sinn Féin,#326760,7,528.288985,0.812752
2013,UNS 2025-03-10,2025-01-01,11,Ulster Unionist Party,#48A5EE,1,229.851610,0.353618
2014,UNS 2025-03-11,2025-01-01,10,Alliance,#F6CB2F,1,295.139650,0.454061
2014,UNS 2025-03-11,2025-01-01,4,Conservative,#0087DC,122,13344.906681,20.530626
2014,UNS 2025-03-11,2025-01-01,9,Democratic Unionist Party,#D46A4C,6,436.075878,0.670886
2014,UNS 2025-03-11,2025-01-01,6,Green,#6AB023,5,5638.829824,8.675123
2014,UNS 2025-03-11,2025-01-01,1,Labour,#E4003B,233,16184.212035,24.898788
2014,UNS 2025-03-11,2025-01-01,5,Liberal Democrats,#FAA61A,75,7877.549570,12.119307
2014,UNS 2025-03-11,2025-01-01,7,Other,#808080,12,1857.279366,2.857353
2014,UNS 2025-03-11,2025-01-01,3,Plaid Cymru,#005B54,5,517.094281,0.795530
2014,UNS 2025-03-11,2025-01-01,2,Reform UK,#12B6CF,151,16095.456371,24.762241
2014,UNS 2025-03-11,2025-01-01,12,SDLP,#2AA82C,2,223.765468,0.344255
2014,UNS 2025-03-11,2025-01-01,8,Scottish National Party,#FFF95D,30,1771.550281,2.725462
2014,UNS 2025-03-11,2025-01-01,13,Sinn Féin,#326760,7,528.288985,0.812752
2014,UNS 2025-03-11,2025-01-01,11,Ulster Unionist Party,#48A5EE,1,229.851610,0.353618
2015,UNS 2025-03-12,2025-01-01,10,Alliance,#F6CB2F,1,295.139650,0.454061
2015,UNS 2025-03-12,2025-01-01,4,Conservative,#0087DC,122,13298.561777,20.459326
2015,UNS 2025-03-12,2025-01-01,9,Democratic Unionist Party,#D46A4C,6,436.075878,0.670886
2015,UNS 2025-03-12,2025-01-01,6,Green,#6AB023,5,5717.770068,8.796569
2015,UNS 2025-03-12,2025-01-01,1,Labour,#E4003B,233,16127.639410,24.811753
2015,UNS 2025-03-12,2025-01-01,5,Liberal Democrats,#FAA61A,75,7804.386097,12.006748
2015,UNS 2025-03-12,2025-01-01,7,Other,#808080,13,1867.352832,2.872851
2015,UNS 2025-03-12,2025-01-01,3,Plaid Cymru,#005B54,5,528.586078,0.813209
2015,UNS 2025-03-12,2025-01-01,2,Reform UK,#12B6CF,149,16164.060838,24.867786
2015,UNS 2025-03-12,2025-01-01,12,SDLP,#2AA82C,2,223.765468,0.344255
2015,UNS 2025-03-12,2025-01-01,8,Scottish National Party,#FFF95D,31,1778.521309,2.736187
2015,UNS 2025-03-12,2025-01-01,13,Sinn Féin,#326760,7,528.288985,0.812752
2015,UNS 2025-03-12,2025-01-01,11,Ulster Unionist Party,#48A5EE,1,229.851610,0.353618
2016,UNS 2025-03-13,2025-01-01,10,Alliance,#F6CB2F,1,295.139650,0.454061
2016,UNS 2025-03-13,2025-01-01,4,Conservative,#0087DC,122,13298.561777,20.459326
2016,UNS 2025-03-13,2025-01-01,9,Democratic Unionist Party,#D46A4C,6,436.075878,0.670886
2016,UNS 2025-03-13,2025-01-01,6,Green,#6AB023,5,5717.770068,8.796569
2016,UNS 2025-03-13,2025-01-01,1,Labour,#E4003B,233,16127.639410,24.811753
2016,UNS 2025-03-13,2025-01-01,5,Liberal Democrats,#FAA61A,75,7804.386097,12.006748
2016,UNS 2025-03-13,2025-01-01,7,Other,#808080,13,1867.352832,2.872851
2016,UNS 2025-03-13,2025-01-01,3,Plaid Cymru,#005B54,5,528.586078,0.813209
2016,UNS 2025-03-13,2025-01-01,2,Reform UK,#12B6CF,149,16164.060838,24.867786
2016,UNS 2025-03-13,2025-01-01,12,SDLP,#2AA82C,2,223.765468,0.344255
2016,UNS 2025-03-13,2025-01-01,8,Scottish National Party,#FFF95D,31,1778.521309,2.736187
2016,UNS 2025-03-13,2025-01-01,13,Sinn Féin,#326760,7,528.288985,0.812752
2016,UNS 2025-03-13,2025-01-01,11,Ulster Unionist Party,#48A5EE,1,229.851610,0.353618
2017,UNS 2025-03-14,2025-01-01,10,Alliance,#F6CB2F,1,295.139650,0.454061
2017,UNS 2025-03-14,2025-01-01,4,Conservative,#0087DC,122,13298.561777,20.459326
2017,UNS 2025-03-14,2025-01-01,9,Democratic Unionist Party,#D46A4C,6,436.075878,0.670886
2017,UNS 2025-03-14,2025-01-01,6,Green,#6AB023,5,5717.770068,8.796569
2017,UNS 2025-03-14,2025-01-01,1,Labour,#E4003B,233,16127.639410,24.811753
2017,UNS 2025-03-14,2025-01-01,5,Liberal Democrats,#FAA61A,75,7804.386097,12.006748
2017,UNS 2025-03-14,2025-01-01,7,Other,#808080,13,1867.352832,2.872851
2017,UNS 2025-03-14,2025-01-01,3,Plaid Cymru,#005B54,5,528.586078,0.813209
2017,UNS 2025-03-14,2025-01-01,2,Reform UK,#12B6CF,149,16164.060838,24.867786
2017,UNS 2025-03-14,2025-01-01,12,SDLP,#2AA82C,2,223.765468,0.344255
2017,UNS 2025-03-14,2025-01-01,8,Scottish National Party,#FFF95D,31,1778.521309,2.736187
2017,UNS 2025-03-14,2025-01-01,13,Sinn Féin,#326760,7,528.288985,0.812752
2017,UNS 2025-03-14,2025-01-01,11,Ulster Unionist Party,#48A5EE,1,229.851610,0.353618
2018,UNS 2025-03-15,2025-01-01,10,Alliance,#F6CB2F,1,295.139650,0.454061
2018,UNS 2025-03-15,2025-01-01,4,Conservative,#0087DC,122,13298.561777,20.459326
2018,UNS 2025-03-15,2025-01-01,9,Democratic Unionist Party,#D46A4C,6,436.075878,0.670886
2018,UNS 2025-03-15,2025-01-01,6,Green,#6AB023,5,5717.770068,8.796569
2018,UNS 2025-03-15,2025-01-01,1,Labour,#E4003B,233,16127.639410,24.811753
2018,UNS 2025-03-15,2025-01-01,5,Liberal Democrats,#FAA61A,75,7804.386097,12.006748
2018,UNS 2025-03-15,2025-01-01,7,Other,#808080,13,1867.352832,2.872851
2018,UNS 2025-03-15,2025-01-01,3,Plaid Cymru,#005B54,5,528.586078,0.813209
2018,UNS 2025-03-15,2025-01-01,2,Reform UK,#12B6CF,149,16164.060838,24.867786
2018,UNS 2025-03-15,2025-01-01,12,SDLP,#2AA82C,2,223.765468,0.344255
2018,UNS 2025-03-15,2025-01-01,8,Scottish National Party,#FFF95D,31,1778.521309,2.736187
2018,UNS 2025-03-15,2025-01-01,13,Sinn Féin,#326760,7,528.288985,0.812752
2018,UNS 2025-03-15,2025-01-01,11,Ulster Unionist Party,#48A5EE,1,229.851610,0.353618
2019,UNS 2025-03-16,2025-01-01,10,Alliance,#F6CB2F,1,295.139650,0.454061
2019,UNS 2025-03-16,2025-01-01,4,Conservative,#0087DC,122,13298.561777,20.459326
2019,UNS 2025-03-16,2025-01-01,9,Democratic Unionist Party,#D46A4C,6,436.075878,0.670886
2019,UNS 2025-03-16,2025-01-01,6,Green,#6AB023,5,5717.770068,8.796569
2019,UNS 2025-03-16,2025-01-01,1,Labour,#E4003B,233,16127.639410,24.811753
2019,UNS 2025-03-16,2025-01-01,5,Liberal Democrats,#FAA61A,75,7804.386097,12.006748
2019,UNS 2025-03-16,2025-01-01,7,Other,#808080,13,1867.352832,2.872851
2019,UNS 2025-03-16,2025-01-01,3,Plaid Cymru,#005B54,5,528.586078,0.813209
2019,UNS 2025-03-16,2025-01-01,2,Reform UK,#12B6CF,149,16164.060838,24.867786
2019,UNS 2025-03-16,2025-01-01,12,SDLP,#2AA82C,2,223.765468,0.344255
2019,UNS 2025-03-16,2025-01-01,8,Scottish National Party,#FFF95D,31,1778.521309,2.736187
2019,UNS 2025-03-16,2025-01-01,13,Sinn Féin,#326760,7,528.288985,0.812752
2019,UNS 2025-03-16,2025-01-01,11,Ulster Unionist Party,#48A5EE,1,229.851610,0.353618
2020,UNS 2025-03-17,2025-01-01,10,Alliance,#F6CB2F,1,295.139650,0.454061
2020,UNS 2025-03-17,2025-01-01,4,Conservative,#0087DC,120,13265.063355,20.407790
2020,UNS 2025-03-17,2025-01-01,9,Democratic Unionist Party,#D46A4C,6,436.075878,0.670886
2020,UNS 2025-03-17,2025-01-01,6,Green,#6AB023,5,5731.142300,8.817142
2020,UNS 2025-03-17,2025-01-01,1,Labour,#E4003B,233,16182.750526,24.896539
2020,UNS 2025-03-17,2025-01-01,5,Liberal Democrats,#FAA61A,75,7837.452487,12.057619
2020,UNS 2025-03-17,2025-01-01,7,Other,#808080,12,1863.966034,2.867640
2020,UNS 2025-03-17,2025-01-01,3,Plaid Cymru,#005B54,5,530.692916,0.816451
2020,UNS 2025-03-17,2025-01-01,2,Reform UK,#12B6CF,153,16103.326748,24.774349
2020,UNS 2025-03-17,2025-01-01,12,SDLP,#2AA82C,2,223.765468,0.344255
2020,UNS 2025-03-17,2025-01-01,8,Scottish National Party,#FFF95D,30,1772.484045,2.726899
2020,UNS 2025-03-17,2025-01-01,13,Sinn Féin,#326760,7,528.288985,0.812752
2020,UNS 2025-03-17,2025-01-01,11,Ulster Unionist Party,#48A5EE,1,229.851610,0.353618
2021,UNS 2025-03-18,2025-01-01,10,Alliance,#F6CB2F,1,295.139650,0.454061
2021,UNS 2025-03-18,2025-01-01,4,Conservative,#0087DC,120,13265.063355,20.407790
2021,UNS 2025-03-18,2025-01-01,9,Democratic Unionist Party,#D46A4C,6,436.075878,0.670886
2021,UNS 2025-03-18,2025-01-01,6,Green,#6AB023,5,5731.142300,8.817142
2021,UNS 2025-03-18,2025-01-01,1,Labour,#E4003B,233,16182.750526,24.896539
2021,UNS 2025-03-18,2025-01-01,5,Liberal Democrats,#FAA61A,75,7837.452487,12.057619
2021,UNS 2025-03-18,2025-01-01,7,Other,#808080,12,1863.966034,2.867640
2021,UNS 2025-03-18,2025-01-01,3,Plaid Cymru,#005B54,5,530.692916,0.816451
2021,UNS 2025-03-18,2025-01-01,2,Reform UK,#12B6CF,153,16103.326748,24.774349
2021,UNS 2025-03-18,2025-01-01,12,SDLP,#2AA82C,2,223.765468,0.344255
2021,UNS 2025-03-18,2025-01-01,8,Scottish National Party,#FFF95D,30,1772.484045,2.726899
2021,UNS 2025-03-18,2025-01-01,13,Sinn Féin,#326760,7,528.288985,0.812752
2021,UNS 2025-03-18,2025-01-01,11,Ulster Unionist Party,#48A5EE,1,229.851610,0.353618
2022,UNS 2025-03-19,2025-01-01,10,Alliance,#F6CB2F,1,295.139650,0.454061
2022,UNS 2025-03-19,2025-01-01,4,Conservative,#0087DC,123,13250.185371,20.384901
2022,UNS 2025-03-19,2025-01-01,9,Democratic Unionist Party,#D46A4C,6,436.075878,0.670886
2022,UNS 2025-03-19,2025-01-01,6,Green,#6AB023,4,5808.005844,8.935394
2022,UNS 2025-03-19,2025-01-01,1,Labour,#E4003B,228,16019.807784,24.645858
2022,UNS 2025-03-19,2025-01-01,5,Liberal Democrats,#FAA61A,75,7858.003196,12.089236
2022,UNS 2025-03-19,2025-01-01,7,Other,#808080,12,1865.705946,2.870317
2022,UNS 2025-03-19,2025-01-01,3,Plaid Cymru,#005B54,5,525.348758,0.808229
2022,UNS 2025-03-19,2025-01-01,2,Reform UK,#12B6CF,155,16203.324593,24.928192
2022,UNS 2025-03-19,2025-01-01,12,SDLP,#2AA82C,2,223.765468,0.344255
2022,UNS 2025-03-19,2025-01-01,8,Scottish National Party,#FFF95D,31,1756.496918,2.702303
2022,UNS 2025-03-19,2025-01-01,13,Sinn Féin,#326760,7,528.288985,0.812752
2022,UNS 2025-03-19,2025-01-01,11,Ulster Unionist Party,#48A5EE,1,229.851610,0.353618
2023,UNS 2025-03-20,2025-01-01,10,Alliance,#F6CB2F,1,295.139650,0.454061
2023,UNS 2025-03-20,2025-01-01,4,Conservative,#0087DC,123,13250.185371,20.384901
2023,UNS 2025-03-20,2025-01-01,9,Democratic Unionist Party,#D46A4C,6,436.075878,0.670886
2023,UNS 2025-03-20,2025-01-01,6,Green,#6AB023,4,5808.005844,8.935394
2023,UNS 2025-03-20,2025-01-01,1,Labour,#E4003B,228,16019.807784,24.645858
2023,UNS 2025-03-20,2025-01-01,5,Liberal Democrats,#FAA61A,75,7858.003196,12.089236
2023,UNS 2025-03-20,2025-01-01,7,Other,#808080,12,1865.705946,2.870317
2023,UNS 2025-03-20,2025-01-01,3,Plaid Cymru,#005B54,5,525.348758,0.808229
2023,UNS 2025-03-20,2025-01-01,2,Reform UK,#12B6CF,155,16203.324593,24.928192
2023,UNS 2025-03-20,2025-01-01,12,SDLP,#2AA82C,2,223.765468,0.344255
2023,UNS 2025-03-20,2025-01-01,8,Scottish National Party,#FFF95D,31,1756.496918,2.702303
2023,UNS 2025-03-20,2025-01-01,13,Sinn Féin,#326760,7,528.288985,0.812752
2023,UNS 2025-03-20,2025-01-01,11,Ulster Unionist Party,#48A5EE,1,229.851610,0.353618
2024,UNS 2025-03-21,2025-01-01,10,Alliance,#F6CB2F,1,295.139650,0.454061
2024,UNS 2025-03-21,2025-01-01,4,Conservative,#0087DC,123,13250.185371,20.384901
2024,UNS 2025-03-21,2025-01-01,9,Democratic Unionist Party,#D46A4C,6,436.075878,0.670886
2024,UNS 2025-03-21,2025-01-01,6,Green,#6AB023,4,5808.005844,8.935394
2024,UNS 2025-03-21,2025-01-01,1,Labour,#E4003B,228,16019.807784,24.645858
2024,UNS 2025-03-21,2025-01-01,5,Liberal Democrats,#FAA61A,75,7858.003196,12.089236
2024,UNS 2025-03-21,2025-01-01,7,Other,#808080,12,1865.705946,2.870317
2024,UNS 2025-03-21,2025-01-01,3,Plaid Cymru,#005B54,5,525.348758,0.808229
2024,UNS 2025-03-21,2025-01-01,2,Reform UK,#12B6CF,155,16203.324593,24.928192
2024,UNS 2025-03-21,2025-01-01,12,SDLP,#2AA82C,2,223.765468,0.344255
2024,UNS 2025-03-21,2025-01-01,8,Scottish National Party,#FFF95D,31,1756.496918,2.702303
2024,UNS 2025-03-21,2025-01-01,13,Sinn Féin,#326760,7,528.288985,0.812752
2024,UNS 2025-03-21,2025-01-01,11,Ulster Unionist Party,#48A5EE,1,229.851610,0.353618
2025,UNS 2025-03-22,2025-01-01,10,Alliance,#F6CB2F,1,295.139650,0.454061
2025,UNS 2025-03-22,2025-01-01,4,Conservative,#0087DC,123,13250.185371,20.384901
2025,UNS 2025-03-22,2025-01-01,9,Democratic Unionist Party,#D46A4C,6,436.075878,0.670886
2025,UNS 2025-03-22,2025-01-01,6,Green,#6AB023,4,5808.005844,8.935394
2025,UNS 2025-03-22,2025-01-01,1,Labour,#E4003B,228,16019.807784,24.645858
2025,UNS 2025-03-22,2025-01-01,5,Liberal Democrats,#FAA61A,75,7858.003196,12.089236
2025,UNS 2025-03-22,2025-01-01,7,Other,#808080,12,1865.705946,2.870317
2025,UNS 2025-03-22,2025-01-01,3,Plaid Cymru,#005B54,5,525.348758,0.808229
2025,UNS 2025-03-22,2025-01-01,2,Reform UK,#12B6CF,155,16203.324593,24.928192
2025,UNS 2025-03-22,2025-01-01,12,SDLP,#2AA82C,2,223.765468,0.344255
2025,UNS 2025-03-22,2025-01-01,8,Scottish National Party,#FFF95D,31,1756.496918,2.702303
2025,UNS 2025-03-22,2025-01-01,13,Sinn Féin,#326760,7,528.288985,0.812752
2025,UNS 2025-03-22,2025-01-01,11,Ulster Unionist Party,#48A5EE,1,229.851610,0.353618
2026,UNS 2025-03-23,2025-01-01,10,Alliance,#F6CB2F,1,295.139650,0.454061
2026,UNS 2025-03-23,2025-01-01,4,Conservative,#0087DC,123,13250.185371,20.384901
2026,UNS 2025-03-23,2025-01-01,9,Democratic Unionist Party,#D46A4C,6,436.075878,0.670886
2026,UNS 2025-03-23,2025-01-01,6,Green,#6AB023,4,5808.005844,8.935394
2026,UNS 2025-03-23,2025-01-01,1,Labour,#E4003B,228,16019.807784,24.645858
2026,UNS 2025-03-23,2025-01-01,5,Liberal Democrats,#FAA61A,75,7858.003196,12.089236
2026,UNS 2025-03-23,2025-01-01,7,Other,#808080,12,1865.705946,2.870317
2026,UNS 2025-03-23,2025-01-01,3,Plaid Cymru,#005B54,5,525.348758,0.808229
2026,UNS 2025-03-23,2025-01-01,2,Reform UK,#12B6CF,155,16203.324593,24.928192
2026,UNS 2025-03-23,2025-01-01,12,SDLP,#2AA82C,2,223.765468,0.344255
2026,UNS 2025-03-23,2025-01-01,8,Scottish National Party,#FFF95D,31,1756.496918,2.702303
2026,UNS 2025-03-23,2025-01-01,13,Sinn Féin,#326760,7,528.288985,0.812752
2026,UNS 2025-03-23,2025-01-01,11,Ulster Unionist Party,#48A5EE,1,229.851610,0.353618
2027,UNS 2025-03-24,2025-01-01,10,Alliance,#F6CB2F,1,295.139650,0.454061
2027,UNS 2025-03-24,2025-01-01,4,Conservative,#0087DC,126,13249.421428,20.383725
2027,UNS 2025-03-24,2025-01-01,9,Democratic Unionist Party,#D46A4C,6,436.075878,0.670886
2027,UNS 2025-03-24,2025-01-01,6,Green,#6AB023,5,5875.180603,9.038739
2027,UNS 2025-03-24,2025-01-01,1,Labour,#E4003B,225,15924.202062,24.498772
2027,UNS 2025-03-24,2025-01-01,5,Liberal Democrats,#FAA61A,75,7994.233571,12.298821
2027,UNS 2025-03-24,2025-01-01,7,Other,#808080,13,1886.618265,2.902490
2027,UNS 2025-03-24,2025-01-01,3,Plaid Cymru,#005B54,5,545.037071,0.838519
2027,UNS 2025-03-24,2025-01-01,2,Reform UK,#12B6CF,150,16052.384992,24.695977
2027,UNS 2025-03-24,2025-01-01,12,SDLP,#2AA82C,2,223.765468,0.344255
2027,UNS 2025-03-24,2025-01-01,8,Scottish National Party,#FFF95D,34,1759.800418,2.707385
2027,UNS 2025-03-24,2025-01-01,13,Sinn Féin,#326760,7,528.288985,0.812752
2027,UNS 2025-03-24,2025-01-01,11,Ulster Unionist Party,#48A5EE,1,229.851610,0.353618
2028,UNS 2025-03-25,2025-01-01,10,Alliance,#F6CB2F,1,295.139650,0.454061
2028,UNS 2025-03-25,2025-01-01,4,Conservative,#0087DC,126,13249.421428,20.383725
2028,UNS 2025-03-25,2025-01-01,9,Democratic Unionist Party,#D46A4C,6,436.075878,0.670886
2028,UNS 2025-03-25,2025-01-01,6,Green,#6AB023,5,5875.180603,9.038739
2028,UNS 2025-03-25,2025-01-01,1,Labour,#E4003B,225,15924.202062,24.498772
2028,UNS 2025-03-25,2025-01-01,5,Liberal Democrats,#FAA61A,75,7994.233571,12.298821
2028,UNS 2025-03-25,2025-01-01,7,Other,#808080,13,1886.618265,2.902490
2028,UNS 2025-03-25,2025-01-01,3,Plaid Cymru,#005B54,5,545.037071,0.838519
2028,UNS 2025-03-25,2025-01-01,2,Reform UK,#12B6CF,150,16052.384992,24.695977
2028,UNS 2025-03-25,2025-01-01,12,SDLP,#2AA82C,2,223.765468,0.344255
2028,UNS 2025-03-25,2025-01-01,8,Scottish National Party,#FFF95D,34,1759.800418,2.707385
2028,UNS 2025-03-25,2025-01-01,13,Sinn Féin,#326760,7,528.288985,0.812752
2028,UNS 2025-03-25,2025-01-01,11,Ulster Unionist Party,#48A5EE,1,229.851610,0.353618
2029,UNS 2025-03-26,2025-01-01,10,Alliance,#F6CB2F,1,295.139650,0.454061
2029,UNS 2025-03-26,2025-01-01,4,Conservative,#0087DC,121,13144.723030,20.222651
2029,UNS 2025-03-26,2025-01-01,9,Democratic Unionist Party,#D46A4C,6,436.075878,0.670886
2029,UNS 2025-03-26,2025-01-01,6,Green,#6AB023,4,5924.921181,9.115263
2029,UNS 2025-03-26,2025-01-01,1,Labour,#E4003B,218,15719.897133,24.184457
2029,UNS 2025-03-26,2025-01-01,5,Liberal Democrats,#FAA61A,76,7953.583151,12.236282
2029,UNS 2025-03-26,2025-01-01,7,Other,#808080,13,1926.467213,2.963796
2029,UNS 2025-03-26,2025-01-01,3,Plaid Cymru,#005B54,5,529.786095,0.815056
2029,UNS 2025-03-26,2025-01-01,2,Reform UK,#12B6CF,162,16344.677751,25.145658
2029,UNS 2025-03-26,2025-01-01,12,SDLP,#2AA82C,2,223.765468,0.344255
2029,UNS 2025-03-26,2025-01-01,8,Scottish National Party,#FFF95D,34,1742.822858,2.681266
2029,UNS 2025-03-26,2025-01-01,13,Sinn Féin,#326760,7,528.288985,0.812752
2029,UNS 2025-03-26,2025-01-01,11,Ulster Unionist Party,#48A5EE,1,229.851610,0.353618
2030,UNS 2025-03-27,2025-01-01,10,Alliance,#F6CB2F,1,295.139650,0.454061
2030,UNS 2025-03-27,2025-01-01,4,Conservative,#0087DC,125,13262.451107,20.403771
2030,UNS 2025-03-27,2025-01-01,9,Democratic Unionist Party,#D46A4C,6,436.075878,0.670886
2030,UNS 2025-03-27,2025-01-01,6,Green,#6AB023,4,5880.569607,9.047030
2030,UNS 2025-03-27,2025-01-01,1,Labour,#E4003B,219,15755.983771,24.239975
2030,UNS 2025-03-27,2025-01-01,5,Liberal Democrats,#FAA61A,76,8003.987900,12.313828
2030,UNS 2025-03-27,2025-01-01,7,Other,#808080,13,1895.523210,2.916190
2030,UNS 2025-03-27,2025-01-01,3,Plaid Cymru,#005B54,5,519.986027,0.799979
2030,UNS 2025-03-27,2025-01-01,2,Reform UK,#12B6CF,157,16203.527519,24.928504
2030,UNS 2025-03-27,2025-01-01,12,SDLP,#2AA82C,2,223.765468,0.344255
2030,UNS 2025-03-27,2025-01-01,8,Scottish National Party,#FFF95D,34,1764.849269,2.715153
2030,UNS 2025-03-27,2025-01-01,13,Sinn Féin,#326760,7,528.288985,0.812752
2030,UNS 2025-03-27,2025-01-01,11,Ulster Unionist Party,#48A5EE,1,229.851610,0.353618
2031,UNS 2025-03-28,2025-01-01,10,Alliance,#F6CB2F,1,295.139650,0.454061
2031,UNS 2025-03-28,2025-01-01,4,Conservative,#0087DC,125,13262.451107,20.403771
2031,UNS 2025-03-28,2025-01-01,9,Democratic Unionist Party,#D46A4C,6,436.075878,0.670886
2031,UNS 2025-03-28,2025-01-01,6,Green,#6AB023,4,5880.569607,9.047030
2031,UNS 2025-03-28,2025-01-01,1,Labour,#E4003B,219,15755.983771,24.239975
2031,UNS 2025-03-28,2025-01-01,5,Liberal Democrats,#FAA61A,76,8003.987900,12.313828
2031,UNS 2025-03-28,2025-01-01,7,Other,#808080,13,1895.523210,2.916190
2031,UNS 2025-03-28,2025-01-01,3,Plaid Cymru,#005B54,5,519.986027,0.799979
2031,UNS 2025-03-28,2025-01-01,2,Reform UK,#12B6CF,157,16203.527519,24.928504
2031,UNS 2025-03-28,2025-01-01,12,SDLP,#2AA82C,2,223.765468,0.344255
2031,UNS 2025-03-28,2025-01-01,8,Scottish National Party,#FFF95D,34,1764.849269,2.715153
2031,UNS 2025-03-28,2025-01-01,13,Sinn Féin,#326760,7,528.288985,0.812752
2031,UNS 2025-03-28,2025-01-01,11,Ulster Unionist Party,#48A5EE,1,229.851610,0.353618
2032,UNS 2025-03-29,2025-01-01,10,Alliance,#F6CB2F,1,295.139650,0.454061
2032,UNS 2025-03-29,2025-01-01,4,Conservative,#0087DC,125,13262.451107,20.403771
2032,UNS 2025-03-29,2025-01-01,9,Democratic Unionist Party,#D46A4C,6,436.075878,0.670886
2032,UNS 2025-03-29,2025-01-01,6,Green,#6AB023,4,5880.569607,9.047030
2032,UNS 2025-03-29,2025-01-01,1,Labour,#E4003B,219,15755.983771,24.239975
2032,UNS 2025-03-29,2025-01-01,5,Liberal Democrats,#FAA61A,76,8003.987900,12.313828
2032,UNS 2025-03-29,2025-01-01,7,Other,#808080,13,1895.523210,2.916190
2032,UNS 2025-03-29,2025-01-01,3,Plaid Cymru,#005B54,5,519.986027,0.799979
2032,UNS 2025-03-29,2025-01-01,2,Reform UK,#12B6CF,157,16203.527519,24.928504
2032,UNS 2025-03-29,2025-01-01,12,SDLP,#2AA82C,2,223.765468,0.344255
2032,UNS 2025-03-29,2025-01-01,8,Scottish National Party,#FFF95D,34,1764.849269,2.715153
2032,UNS 2025-03-29,2025-01-01,13,Sinn Féin,#326760,7,528.288985,0.812752
2032,UNS 2025-03-29,2025-01-01,11,Ulster Unionist Party,#48A5EE,1,229.851610,0.353618
2033,UNS 2025-03-30,2025-01-01,10,Alliance,#F6CB2F,1,295.139650,0.454061
2033,UNS 2025-03-30,2025-01-01,4,Conservative,#0087DC,125,13262.451107,20.403771
2033,UNS 2025-03-30,2025-01-01,9,Democratic Unionist Party,#D46A4C,6,436.075878,0.670886
2033,UNS 2025-03-30,2025-01-01,6,Green,#6AB023,4,5880.569607,9.047030
2033,UNS 2025-03-30,2025-01-01,1,Labour,#E4003B,219,15755.983771,24.239975
2033,UNS 2025-03-30,2025-01-01,5,Liberal Democrats,#FAA61A,76,8003.987900,12.313828
2033,UNS 2025-03-30,2025-01-01,7,Other,#808080,13,1895.523210,2.916190
2033,UNS 2025-03-30,2025-01-01,3,Plaid Cymru,#005B54,5,519.986027,0.799979
2033,UNS 2025-03-30,2025-01-01,2,Reform UK,#12B6CF,157,16203.527519,24.928504
2033,UNS 2025-03-30,2025-01-01,12,SDLP,#2AA82C,2,223.765468,0.344255
2033,UNS 2025-03-30,2025-01-01,8,Scottish National Party,#FFF95D,34,1764.849269,2.715153
2033,UNS 2025-03-30,2025-01-01,13,Sinn Féin,#326760,7,528.288985,0.812752
2033,UNS 2025-03-30,2025-01-01,11,Ulster Unionist Party,#48A5EE,1,229.851610,0.353618
2034,UNS 2025-03-31,2025-01-01,10,Alliance,#F6CB2F,1,295.139650,0.454061
2034,UNS 2025-03-31,2025-01-01,4,Conservative,#0087DC,135,13447.925362,20.689116
2034,UNS 2025-03-31,2025-01-01,9,Democratic Unionist Party,#D46A4C,6,436.075878,0.670886
2034,UNS 2025-03-31,2025-01-01,6,Green,#6AB023,4,5866.063943,9.024714
2034,UNS 2025-03-31,2025-01-01,1,Labour,#E4003B,219,15633.430007,24.051431
2034,UNS 2025-03-31,2025-01-01,5,Liberal Democrats,#FAA61A,74,8020.297322,12.338919
2034,UNS 2025-03-31,2025-01-01,7,Other,#808080,13,1956.693837,3.010298
2034,UNS 2025-03-31,2025-01-01,3,Plaid Cymru,#005B54,5,525.770306,0.808877
2034,UNS 2025-03-31,2025-01-01,2,Reform UK,#12B6CF,149,16106.331378,24.778971
2034,UNS 2025-03-31,2025-01-01,12,SDLP,#2AA82C,2,223.765468,0.344255
2034,UNS 2025-03-31,2025-01-01,8,Scottish National Party,#FFF95D,34,1730.366257,2.662102
2034,UNS 2025-03-31,2025-01-01,13,Sinn Féin,#326760,7,528.288985,0.812752
2034,UNS 2025-03-31,2025-01-01,11,Ulster Unionist Party,#48A5EE,1,229.851610,0.353618
2035,UNS 2025-04-01,2025-01-01,10,Alliance,#F6CB2F,1,295.139650,0.454061
2035,UNS 2025-04-01,2025-01-01,4,Conservative,#0087DC,135,13447.925362,20.689116
2035,UNS 2025-04-01,2025-01-01,9,Democratic Unionist Party,#D46A4C,6,436.075878,0.670886
2035,UNS 2025-04-01,2025-01-01,6,Green,#6AB023,4,5866.063943,9.024714
2035,UNS 2025-04-01,2025-01-01,1,Labour,#E4003B,219,15633.430007,24.051431
2035,UNS 2025-04-01,2025-01-01,5,Liberal Democrats,#FAA61A,74,8020.297322,12.338919
2035,UNS 2025-04-01,2025-01-01,7,Other,#808080,13,1956.693837,3.010298
2035,UNS 2025-04-01,2025-01-01,3,Plaid Cymru,#005B54,5,525.770306,0.808877
2035,UNS 2025-04-01,2025-01-01,2,Reform UK,#12B6CF,149,16106.331378,24.778971
2035,UNS 2025-04-01,2025-01-01,12,SDLP,#2AA82C,2,223.765468,0.344255
2035,UNS 2025-04-01,2025-01-01,8,Scottish National Party,#FFF95D,34,1730.366257,2.662102
2035,UNS 2025-04-01,2025-01-01,13,Sinn Féin,#326760,7,528.288985,0.812752
2035,UNS 2025-04-01,2025-01-01,11,Ulster Unionist Party,#48A5EE,1,229.851610,0.353618
2036,UNS 2025-04-02,2025-01-01,10,Alliance,#F6CB2F,1,295.139650,0.454061
2036,UNS 2025-04-02,2025-01-01,4,Conservative,#0087DC,129,13363.234208,20.558822
2036,UNS 2025-04-02,2025-01-01,9,Democratic Unionist Party,#D46A4C,6,436.075878,0.670886
2036,UNS 2025-04-02,2025-01-01,6,Green,#6AB023,4,5920.631921,9.108664
2036,UNS 2025-04-02,2025-01-01,1,Labour,#E4003B,214,15528.241549,23.889602
2036,UNS 2025-04-02,2025-01-01,5,Liberal Democrats,#FAA61A,74,8012.714649,12.327253
2036,UNS 2025-04-02,2025-01-01,7,Other,#808080,13,1969.815157,3.030485
2036,UNS 2025-04-02,2025-01-01,3,Plaid Cymru,#005B54,5,529.039256,0.813907
2036,UNS 2025-04-02,2025-01-01,2,Reform UK,#12B6CF,160,16204.828725,24.930506
2036,UNS 2025-04-02,2025-01-01,12,SDLP,#2AA82C,2,223.765468,0.344255
2036,UNS 2025-04-02,2025-01-01,8,Scottish National Party,#FFF95D,34,1758.372945,2.705189
2036,UNS 2025-04-02,2025-01-01,13,Sinn Féin,#326760,7,528.288985,0.812752
2036,UNS 2025-04-02,2025-01-01,11,Ulster Unionist Party,#48A5EE,1,229.851610,0.353618
2037,UNS 2025-04-03,2025-01-01,10,Alliance,#F6CB2F,1,295.139650,0.454061
2037,UNS 2025-04-03,2025-01-01,4,Conservative,#0087DC,129,13363.234208,20.558822
2037,UNS 2025-04-03,2025-01-01,9,Democratic Unionist Party,#D46A4C,6,436.075878,0.670886
2037,UNS 2025-04-03,2025-01-01,6,Green,#6AB023,4,5920.631921,9.108664
2037,UNS 2025-04-03,2025-01-01,1,Labour,#E4003B,214,15528.241549,23.889602
2037,UNS 2025-04-03,2025-01-01,5,Liberal Democrats,#FAA61A,74,8012.714649,12.327253
2037,UNS 2025-04-03,2025-01-01,7,Other,#808080,13,1969.815157,3.030485
2037,UNS 2025-04-03,2025-01-01,3,Plaid Cymru,#005B54,5,529.039256,0.813907
2037,UNS 2025-04-03,2025-01-01,2,Reform UK,#12B6CF,160,16204.828725,24.930506
2037,UNS 2025-04-03,2025-01-01,12,SDLP,#2AA82C,2,223.765468,0.344255
2037,UNS 2025-04-03,2025-01-01,8,Scottish National Party,#FFF95D,34,1758.372945,2.705189
2037,UNS 2025-04-03,2025-01-01,13,Sinn Féin,#326760,7,528.288985,0.812752
2037,UNS 2025-04-03,2025-01-01,11,Ulster Unionist Party,#48A5EE,1,229.851610,0.353618
2038,UNS 2025-04-04,2025-01-01,10,Alliance,#F6CB2F,1,295.139650,0.454061
2038,UNS 2025-04-04,2025-01-01,4,Conservative,#0087DC,129,13363.234208,20.558822
2038,UNS 2025-04-04,2025-01-01,9,Democratic Unionist Party,#D46A4C,6,436.075878,0.670886
2038,UNS 2025-04-04,2025-01-01,6,Green,#6AB023,4,5920.631921,9.108664
2038,UNS 2025-04-04,2025-01-01,1,Labour,#E4003B,214,15528.241549,23.889602
2038,UNS 2025-04-04,2025-01-01,5,Liberal Democrats,#FAA61A,74,8012.714649,12.327253
2038,UNS 2025-04-04,2025-01-01,7,Other,#808080,13,1969.815157,3.030485
2038,UNS 2025-04-04,2025-01-01,3,Plaid Cymru,#005B54,5,529.039256,0.813907
2038,UNS 2025-04-04,2025-01-01,2,Reform UK,#12B6CF,160,16204.828725,24.930506
2038,UNS 2025-04-04,2025-01-01,12,SDLP,#2AA82C,2,223.765468,0.344255
2038,UNS 2025-04-04,2025-01-01,8,Scottish National Party,#FFF95D,34,1758.372945,2.705189
2038,UNS 2025-04-04,2025-01-01,13,Sinn Féin,#326760,7,528.288985,0.812752
2038,UNS 2025-04-04,2025-01-01,11,Ulster Unionist Party,#48A5EE,1,229.851610,0.353618
2039,UNS 2025-04-05,2025-01-01,10,Alliance,#F6CB2F,1,295.139650,0.454061
2039,UNS 2025-04-05,2025-01-01,4,Conservative,#0087DC,129,13363.234208,20.558822
2039,UNS 2025-04-05,2025-01-01,9,Democratic Unionist Party,#D46A4C,6,436.075878,0.670886
2039,UNS 2025-04-05,2025-01-01,6,Green,#6AB023,4,5920.631921,9.108664
2039,UNS 2025-04-05,2025-01-01,1,Labour,#E4003B,214,15528.241549,23.889602
2039,UNS 2025-04-05,2025-01-01,5,Liberal Democrats,#FAA61A,74,8012.714649,12.327253
2039,UNS 2025-04-05,2025-01-01,7,Other,#808080,13,1969.815157,3.030485
2039,UNS 2025-04-05,2025-01-01,3,Plaid Cymru,#005B54,5,529.039256,0.813907
2039,UNS 2025-04-05,2025-01-01,2,Reform UK,#12B6CF,160,16204.828725,24.930506
2039,UNS 2025-04-05,2025-01-01,12,SDLP,#2AA82C,2,223.765468,0.344255
2039,UNS 2025-04-05,2025-01-01,8,Scottish National Party,#FFF95D,34,1758.372945,2.705189
2039,UNS 2025-04-05,2025-01-01,13,Sinn Féin,#326760,7,528.288985,0.812752
2039,UNS 2025-04-05,2025-01-01,11,Ulster Unionist Party,#48A5EE,1,229.851610,0.353618
2040,UNS 2025-04-06,2025-01-01,10,Alliance,#F6CB2F,1,295.139650,0.454061
2040,UNS 2025-04-06,2025-01-01,4,Conservative,#0087DC,129,13363.234208,20.558822
2040,UNS 2025-04-06,2025-01-01,9,Democratic Unionist Party,#D46A4C,6,436.075878,0.670886
2040,UNS 2025-04-06,2025-01-01,6,Green,#6AB023,4,5920.631921,9.108664
2040,UNS 2025-04-06,2025-01-01,1,Labour,#E4003B,214,15528.241549,23.889602
2040,UNS 2025-04-06,2025-01-01,5,Liberal Democrats,#FAA61A,74,8012.714649,12.327253
2040,UNS 2025-04-06,2025-01-01,7,Other,#808080,13,1969.815157,3.030485
2040,UNS 2025-04-06,2025-01-01,3,Plaid Cymru,#005B54,5,529.039256,0.813907
2040,UNS 2025-04-06,2025-01-01,2,Reform UK,#12B6CF,160,16204.828725,24.930506
2040,UNS 2025-04-06,2025-01-01,12,SDLP,#2AA82C,2,223.765468,0.344255
2040,UNS 2025-04-06,2025-01-01,8,Scottish National Party,#FFF95D,34,1758.372945,2.705189
2040,UNS 2025-04-06,2025-01-01,13,Sinn Féin,#326760,7,528.288985,0.812752
2040,UNS 2025-04-06,2025-01-01,11,Ulster Unionist Party,#48A5EE,1,229.851610,0.353618
2041,UNS 2025-04-07,2025-01-01,10,Alliance,#F6CB2F,1,295.139650,0.454061
2041,UNS 2025-04-07,2025-01-01,4,Conservative,#0087DC,133,13394.411334,20.606787
2041,UNS 2025-04-07,2025-01-01,9,Democratic Unionist Party,#D46A4C,6,436.075878,0.670886
2041,UNS 2025-04-07,2025-01-01,6,Green,#6AB023,4,5824.895689,8.961378
2041,UNS 2025-04-07,2025-01-01,1,Labour,#E4003B,217,15514.679220,23.868737
2041,UNS 2025-04-07,2025-01-01,5,Liberal Democrats,#FAA61A,74,8281.688360,12.741059
2041,UNS 2025-04-07,2025-01-01,7,Other,#808080,13,1946.207174,2.994165
2041,UNS 2025-04-07,2025-01-01,3,Plaid Cymru,#005B54,5,523.299392,0.805076
2041,UNS 2025-04-07,2025-01-01,2,Reform UK,#12B6CF,153,16073.008607,24.727706
2041,UNS 2025-04-07,2025-01-01,12,SDLP,#2AA82C,2,223.765468,0.344255
2041,UNS 2025-04-07,2025-01-01,8,Scottish National Party,#FFF95D,34,1728.688634,2.659521
2041,UNS 2025-04-07,2025-01-01,13,Sinn Féin,#326760,7,528.288985,0.812752
2041,UNS 2025-04-07,2025-01-01,11,Ulster Unionist Party,#48A5EE,1,229.851610,0.353618
2042,UNS 2025-04-08,2025-01-01,10,Alliance,#F6CB2F,1,295.139650,0.454061
2042,UNS 2025-04-08,2025-01-01,4,Conservative,#0087DC,133,13394.411334,20.606787
2042,UNS 2025-04-08,2025-01-01,9,Democratic Unionist Party,#D46A4C,6,436.075878,0.670886
2042,UNS 2025-04-08,2025-01-01,6,Green,#6AB023,4,5824.895689,8.961378
2042,UNS 2025-04-08,2025-01-01,1,Labour,#E4003B,217,15514.679220,23.868737
2042,UNS 2025-04-08,2025-01-01,5,Liberal Democrats,#FAA61A,74,8281.688360,12.741059
2042,UNS 2025-04-08,2025-01-01,7,Other,#808080,13,1946.207174,2.994165
2042,UNS 2025-04-08,2025-01-01,3,Plaid Cymru,#005B54,5,523.299392,0.805076
2042,UNS 2025-04-08,2025-01-01,2,Reform UK,#12B6CF,153,16073.008607,24.727706
2042,UNS 2025-04-08,2025-01-01,12,SDLP,#2AA82C,2,223.765468,0.344255
2042,UNS 2025-04-08,2025-01-01,8,Scottish National Party,#FFF95D,34,1728.688634,2.659521
2042,UNS 2025-04-08,2025-01-01,13,Sinn Féin,#326760,7,528.288985,0.812752
2042,UNS 2025-04-08,2025-01-01,11,Ulster Unionist Party,#48A5EE,1,229.851610,0.353618
2043,UNS 2025-04-09,2025-01-01,10,Alliance,#F6CB2F,1,295.139650,0.454061
2043,UNS 2025-04-09,2025-01-01,4,Conservative,#0087DC,127,13353.726416,20.544194
2043,UNS 2025-04-09,2025-01-01,9,Democratic Unionist Party,#D46A4C,6,436.075878,0.670886
2043,UNS 2025-04-09,2025-01-01,6,Green,#6AB023,4,5884.066564,9.052410
2043,UNS 2025-04-09,2025-01-01,1,Labour,#E4003B,215,15433.886951,23.744441
2043,UNS 2025-04-09,2025-01-01,5,Liberal Democrats,#FAA61A,76,8285.556074,12.747009
2043,UNS 2025-04-09,2025-01-01,7,Other,#808080,13,1957.223768,3.011113
2043,UNS 2025-04-09,2025-01-01,3,Plaid Cymru,#005B54,5,532.713298,0.819559
2043,UNS 2025-04-09,2025-01-01,2,Reform UK,#12B6CF,160,16127.683667,24.811821
2043,UNS 2025-04-09,2025-01-01,12,SDLP,#2AA82C,2,223.765468,0.344255
2043,UNS 2025-04-09,2025-01-01,8,Scottish National Party,#FFF95D,33,1712.021673,2.633879
2043,UNS 2025-04-09,2025-01-01,13,Sinn Féin,#326760,7,528.288985,0.812752
2043,UNS 2025-04-09,2025-01-01,11,Ulster Unionist Party,#48A5EE,1,229.851610,0.353618
2044,UNS 2025-04-10,2025-01-01,10,Alliance,#F6CB2F,1,295.139650,0.454061
2044,UNS 2025-04-10,2025-01-01,4,Conservative,#0087DC,127,13353.726416,20.544194
2044,UNS 2025-04-10,2025-01-01,9,Democratic Unionist Party,#D46A4C,6,436.075878,0.670886
2044,UNS 2025-04-10,2025-01-01,6,Green,#6AB023,4,5884.066564,9.052410
2044,UNS 2025-04-10,2025-01-01,1,Labour,#E4003B,215,15433.886951,23.744441
2044,UNS 2025-04-10,2025-01-01,5,Liberal Democrats,#FAA61A,76,8285.556074,12.747009
2044,UNS 2025-04-10,2025-01-01,7,Other,#808080,13,1957.223768,3.011113
2044,UNS 2025-04-10,2025-01-01,3,Plaid Cymru,#005B54,5,532.713298,0.819559
2044,UNS 2025-04-10,2025-01-01,2,Reform UK,#12B6CF,160,16127.683667,24.811821
2044,UNS 2025-04-10,2025-01-01,12,SDLP,#2AA82C,2,223.765468,0.344255
2044,UNS 2025-04-10,2025-01-01,8,Scottish National Party,#FFF95D,33,1712.021673,2.633879
2044,UNS 2025-04-10,2025-01-01,13,Sinn Féin,#326760,7,528.288985,0.812752
2044,UNS 2025-04-10,2025-01-01,11,Ulster Unionist Party,#48A5EE,1,229.851610,0.353618
2045,UNS 2025-04-11,2025-01-01,10,Alliance,#F6CB2F,1,295.139650,0.454061
2045,UNS 2025-04-11,2025-01-01,4,Conservative,#0087DC,127,13353.726416,20.544194
2045,UNS 2025-04-11,2025-01-01,9,Democratic Unionist Party,#D46A4C,6,436.075878,0.670886
2045,UNS 2025-04-11,2025-01-01,6,Green,#6AB023,4,5884.066564,9.052410
2045,UNS 2025-04-11,2025-01-01,1,Labour,#E4003B,215,15433.886951,23.744441
2045,UNS 2025-04-11,2025-01-01,5,Liberal Democrats,#FAA61A,76,8285.556074,12.747009
2045,UNS 2025-04-11,2025-01-01,7,Other,#808080,13,1957.223768,3.011113
2045,UNS 2025-04-11,2025-01-01,3,Plaid Cymru,#005B54,5,532.713298,0.819559
2045,UNS 2025-04-11,2025-01-01,2,Reform UK,#12B6CF,160,16127.683667,24.811821
2045,UNS 2025-04-11,2025-01-01,12,SDLP,#2AA82C,2,223.765468,0.344255
2045,UNS 2025-04-11,2025-01-01,8,Scottish National Party,#FFF95D,33,1712.021673,2.633879
2045,UNS 2025-04-11,2025-01-01,13,Sinn Féin,#326760,7,528.288985,0.812752
2045,UNS 2025-04-11,2025-01-01,11,Ulster Unionist Party,#48A5EE,1,229.851610,0.353618
2046,UNS 2025-04-12,2025-01-01,10,Alliance,#F6CB2F,1,295.139650,0.454061
2046,UNS 2025-04-12,2025-01-01,4,Conservative,#0087DC,127,13353.726416,20.544194
2046,UNS 2025-04-12,2025-01-01,9,Democratic Unionist Party,#D46A4C,6,436.075878,0.670886
2046,UNS 2025-04-12,2025-01-01,6,Green,#6AB023,4,5884.066564,9.052410
2046,UNS 2025-04-12,2025-01-01,1,Labour,#E4003B,215,15433.886951,23.744441
2046,UNS 2025-04-12,2025-01-01,5,Liberal Democrats,#FAA61A,76,8285.556074,12.747009
2046,UNS 2025-04-12,2025-01-01,7,Other,#808080,13,1957.223768,3.011113
2046,UNS 2025-04-12,2025-01-01,3,Plaid Cymru,#005B54,5,532.713298,0.819559
2046,UNS 2025-04-12,2025-01-01,2,Reform UK,#12B6CF,160,16127.683667,24.811821
2046,UNS 2025-04-12,2025-01-01,12,SDLP,#2AA82C,2,223.765468,0.344255
2046,UNS 2025-04-12,2025-01-01,8,Scottish National Party,#FFF95D,33,1712.021673,2.633879
2046,UNS 2025-04-12,2025-01-01,13,Sinn Féin,#326760,7,528.288985,0.812752
2046,UNS 2025-04-12,2025-01-01,11,Ulster Unionist Party,#48A5EE,1,229.851610,0.353618
2047,UNS 2025-04-13,2025-01-01,10,Alliance,#F6CB2F,1,295.139650,0.454061
2047,UNS 2025-04-13,2025-01-01,4,Conservative,#0087DC,127,13353.726416,20.544194
2047,UNS 2025-04-13,2025-01-01,9,Democratic Unionist Party,#D46A4C,6,436.075878,0.670886
2047,UNS 2025-04-13,2025-01-01,6,Green,#6AB023,4,5884.066564,9.052410
2047,UNS 2025-04-13,2025-01-01,1,Labour,#E4003B,215,15433.886951,23.744441
2047,UNS 2025-04-13,2025-01-01,5,Liberal Democrats,#FAA61A,76,8285.556074,12.747009
2047,UNS 2025-04-13,2025-01-01,7,Other,#808080,13,1957.223768,3.011113
2047,UNS 2025-04-13,2025-01-01,3,Plaid Cymru,#005B54,5,532.713298,0.819559
2047,UNS 2025-04-13,2025-01-01,2,Reform UK,#12B6CF,160,16127.683667,24.811821
2047,UNS 2025-04-13,2025-01-01,12,SDLP,#2AA82C,2,223.765468,0.344255
2047,UNS 2025-04-13,2025-01-01,8,Scottish National Party,#FFF95D,33,1712.021673,2.633879
2047,UNS 2025-04-13,2025-01-01,13,Sinn Féin,#326760,7,528.288985,0.812752
2047,UNS 2025-04-13,2025-01-01,11,Ulster Unionist Party,#48A5EE,1,229.851610,0.353618
2048,UNS 2025-04-14,2025-01-01,10,Alliance,#F6CB2F,1,295.139650,0.454061
2048,UNS 2025-04-14,2025-01-01,4,Conservative,#0087DC,132,13335.238973,20.515752
2048,UNS 2025-04-14,2025-01-01,9,Democratic Unionist Party,#D46A4C,6,436.075878,0.670886
2048,UNS 2025-04-14,2025-01-01,6,Green,#6AB023,5,5889.872485,9.061342
2048,UNS 2025-04-14,2025-01-01,1,Labour,#E4003B,221,15515.833800,23.870514
2048,UNS 2025-04-14,2025-01-01,5,Liberal Democrats,#FAA61A,77,8277.043720,12.733913
2048,UNS 2025-04-14,2025-01-01,7,Other,#808080,13,2052.563185,3.157790
2048,UNS 2025-04-14,2025-01-01,3,Plaid Cymru,#005B54,5,538.119039,0.827875
2048,UNS 2025-04-14,2025-01-01,2,Reform UK,#12B6CF,151,15965.911211,24.562940
2048,UNS 2025-04-14,2025-01-01,12,SDLP,#2AA82C,2,223.765468,0.344255
2048,UNS 2025-04-14,2025-01-01,8,Scottish National Party,#FFF95D,29,1712.295997,2.634302
2048,UNS 2025-04-14,2025-01-01,13,Sinn Féin,#326760,7,528.288985,0.812752
2048,UNS 2025-04-14,2025-01-01,11,Ulster Unionist Party,#48A5EE,1,229.851610,0.353618
2049,UNS 2025-04-15,2025-01-01,10,Alliance,#F6CB2F,1,295.139650,0.454061
2049,UNS 2025-04-15,2025-01-01,4,Conservative,#0087DC,132,13335.238973,20.515752
2049,UNS 2025-04-15,2025-01-01,9,Democratic Unionist Party,#D46A4C,6,436.075878,0.670886
2049,UNS 2025-04-15,2025-01-01,6,Green,#6AB023,5,5889.872485,9.061342
2049,UNS 2025-04-15,2025-01-01,1,Labour,#E4003B,221,15515.833800,23.870514
2049,UNS 2025-04-15,2025-01-01,5,Liberal Democrats,#FAA61A,77,8277.043720,12.733913
2049,UNS 2025-04-15,2025-01-01,7,Other,#808080,13,2052.563185,3.157790
2049,UNS 2025-04-15,2025-01-01,3,Plaid Cymru,#005B54,5,538.119039,0.827875
2049,UNS 2025-04-15,2025-01-01,2,Reform UK,#12B6CF,151,15965.911211,24.562940
2049,UNS 2025-04-15,2025-01-01,12,SDLP,#2AA82C,2,223.765468,0.344255
2049,UNS 2025-04-15,2025-01-01,8,Scottish National Party,#FFF95D,29,1712.295997,2.634302
2049,UNS 2025-04-15,2025-01-01,13,Sinn Féin,#326760,7,528.288985,0.812752
2049,UNS 2025-04-15,2025-01-01,11,Ulster Unionist Party,#48A5EE,1,229.851610,0.353618
2050,UNS 2025-04-16,2025-01-01,10,Alliance,#F6CB2F,1,295.139650,0.454061
2050,UNS 2025-04-16,2025-01-01,4,Conservative,#0087DC,127,13267.500438,20.411539
2050,UNS 2025-04-16,2025-01-01,9,Democratic Unionist Party,#D46A4C,6,436.075878,0.670886
2050,UNS 2025-04-16,2025-01-01,6,Green,#6AB023,5,5919.136927,9.106365
2050,UNS 2025-04-16,2025-01-01,1,Labour,#E4003B,219,15435.176908,23.746426
2050,UNS 2025-04-16,2025-01-01,5,Liberal Democrats,#FAA61A,77,8296.957134,12.764549
2050,UNS 2025-04-16,2025-01-01,7,Other,#808080,13,2047.955006,3.150700
2050,UNS 2025-04-16,2025-01-01,3,Plaid Cymru,#005B54,5,534.724286,0.822653
2050,UNS 2025-04-16,2025-01-01,2,Reform UK,#12B6CF,157,16063.442353,24.712988
2050,UNS 2025-04-16,2025-01-01,12,SDLP,#2AA82C,2,223.765468,0.344255
2050,UNS 2025-04-16,2025-01-01,8,Scottish National Party,#FFF95D,30,1721.985360,2.649208
2050,UNS 2025-04-16,2025-01-01,13,Sinn Féin,#326760,7,528.288985,0.812752
2050,UNS 2025-04-16,2025-01-01,11,Ulster Unionist Party,#48A5EE,1,229.851610,0.353618
2051,UNS 2025-04-17,2025-01-01,10,Alliance,#F6CB2F,1,295.139650,0.454061
2051,UNS 2025-04-17,2025-01-01,4,Conservative,#0087DC,127,13267.500438,20.411539
2051,UNS 2025-04-17,2025-01-01,9,Democratic Unionist Party,#D46A4C,6,436.075878,0.670886
2051,UNS 2025-04-17,2025-01-01,6,Green,#6AB023,5,5919.136927,9.106365
2051,UNS 2025-04-17,2025-01-01,1,Labour,#E4003B,219,15435.176908,23.746426
2051,UNS 2025-04-17,2025-01-01,5,Liberal Democrats,#FAA61A,77,8296.957134,12.764549
2051,UNS 2025-04-17,2025-01-01,7,Other,#808080,13,2047.955006,3.150700
2051,UNS 2025-04-17,2025-01-01,3,Plaid Cymru,#005B54,5,534.724286,0.822653
2051,UNS 2025-04-17,2025-01-01,2,Reform UK,#12B6CF,157,16063.442353,24.712988
2051,UNS 2025-04-17,2025-01-01,12,SDLP,#2AA82C,2,223.765468,0.344255
2051,UNS 2025-04-17,2025-01-01,8,Scottish National Party,#FFF95D,30,1721.985360,2.649208
2051,UNS 2025-04-17,2025-01-01,13,Sinn Féin,#326760,7,528.288985,0.812752
2051,UNS 2025-04-17,2025-01-01,11,Ulster Unionist Party,#48A5EE,1,229.851610,0.353618
2052,UNS 2025-04-18,2025-01-01,10,Alliance,#F6CB2F,1,295.139650,0.454061
2052,UNS 2025-04-18,2025-01-01,4,Conservative,#0087DC,127,13267.500438,20.411539
2052,UNS 2025-04-18,2025-01-01,9,Democratic Unionist Party,#D46A4C,6,436.075878,0.670886
2052,UNS 2025-04-18,2025-01-01,6,Green,#6AB023,5,5919.136927,9.106365
2052,UNS 2025-04-18,2025-01-01,1,Labour,#E4003B,219,15435.176908,23.746426
2052,UNS 2025-04-18,2025-01-01,5,Liberal Democrats,#FAA61A,77,8296.957134,12.764549
2052,UNS 2025-04-18,2025-01-01,7,Other,#808080,13,2047.955006,3.150700
2052,UNS 2025-04-18,2025-01-01,3,Plaid Cymru,#005B54,5,534.724286,0.822653
2052,UNS 2025-04-18,2025-01-01,2,Reform UK,#12B6CF,157,16063.442353,24.712988
2052,UNS 2025-04-18,2025-01-01,12,SDLP,#2AA82C,2,223.765468,0.344255
2052,UNS 2025-04-18,2025-01-01,8,Scottish National Party,#FFF95D,30,1721.985360,2.649208
2052,UNS 2025-04-18,2025-01-01,13,Sinn Féin,#326760,7,528.288985,0.812752
2052,UNS 2025-04-18,2025-01-01,11,Ulster Unionist Party,#48A5EE,1,229.851610,0.353618
2053,UNS 2025-04-19,2025-01-01,10,Alliance,#F6CB2F,1,295.139650,0.454061
2053,UNS 2025-04-19,2025-01-01,4,Conservative,#0087DC,127,13267.500438,20.411539
2053,UNS 2025-04-19,2025-01-01,9,Democratic Unionist Party,#D46A4C,6,436.075878,0.670886
2053,UNS 2025-04-19,2025-01-01,6,Green,#6AB023,5,5919.136927,9.106365
2053,UNS 2025-04-19,2025-01-01,1,Labour,#E4003B,219,15435.176908,23.746426
2053,UNS 2025-04-19,2025-01-01,5,Liberal Democrats,#FAA61A,77,8296.957134,12.764549
2053,UNS 2025-04-19,2025-01-01,7,Other,#808080,13,2047.955006,3.150700
2053,UNS 2025-04-19,2025-01-01,3,Plaid Cymru,#005B54,5,534.724286,0.822653
2053,UNS 2025-04-19,2025-01-01,2,Reform UK,#12B6CF,157,16063.442353,24.712988
2053,UNS 2025-04-19,2025-01-01,12,SDLP,#2AA82C,2,223.765468,0.344255
2053,UNS 2025-04-19,2025-01-01,8,Scottish National Party,#FFF95D,30,1721.985360,2.649208
2053,UNS 2025-04-19,2025-01-01,13,Sinn Féin,#326760,7,528.288985,0.812752
2053,UNS 2025-04-19,2025-01-01,11,Ulster Unionist Party,#48A5EE,1,229.851610,0.353618
2054,UNS 2025-04-20,2025-01-01,10,Alliance,#F6CB2F,1,295.139650,0.454061
2054,UNS 2025-04-20,2025-01-01,4,Conservative,#0087DC,127,13267.500438,20.411539
2054,UNS 2025-04-20,2025-01-01,9,Democratic Unionist Party,#D46A4C,6,436.075878,0.670886
2054,UNS 2025-04-20,2025-01-01,6,Green,#6AB023,5,5919.136927,9.106365
2054,UNS 2025-04-20,2025-01-01,1,Labour,#E4003B,219,15435.176908,23.746426
2054,UNS 2025-04-20,2025-01-01,5,Liberal Democrats,#FAA61A,77,8296.957134,12.764549
2054,UNS 2025-04-20,2025-01-01,7,Other,#808080,13,2047.955006,3.150700
2054,UNS 2025-04-20,2025-01-01,3,Plaid Cymru,#005B54,5,534.724286,0.822653
2054,UNS 2025-04-20,2025-01-01,2,Reform UK,#12B6CF,157,16063.442353,24.712988
2054,UNS 2025-04-20,2025-01-01,12,SDLP,#2AA82C,2,223.765468,0.344255
2054,UNS 2025-04-20,2025-01-01,8,Scottish National Party,#FFF95D,30,1721.985360,2.649208
2054,UNS 2025-04-20,2025-01-01,13,Sinn Féin,#326760,7,528.288985,0.812752
2054,UNS 2025-04-20,2025-01-01,11,Ulster Unionist Party,#48A5EE,1,229.851610,0.353618
2055,UNS 2025-04-21,2025-01-01,10,Alliance,#F6CB2F,1,295.139650,0.454061
2055,UNS 2025-04-21,2025-01-01,4,Conservative,#0087DC,130,13310.864391,20.478253
2055,UNS 2025-04-21,2025-01-01,9,Democratic Unionist Party,#D46A4C,6,436.075878,0.670886
2055,UNS 2025-04-21,2025-01-01,6,Green,#6AB023,5,5868.963063,9.029174
2055,UNS 2025-04-21,2025-01-01,1,Labour,#E4003B,218,15407.667150,23.704103
2055,UNS 2025-04-21,2025-01-01,5,Liberal Democrats,#FAA61A,74,8291.511736,12.756172
2055,UNS 2025-04-21,2025-01-01,7,Other,#808080,13,2112.260154,3.249631
2055,UNS 2025-04-21,2025-01-01,3,Plaid Cymru,#005B54,5,533.858617,0.821321
2055,UNS 2025-04-21,2025-01-01,2,Reform UK,#12B6CF,160,16052.231702,24.695741
2055,UNS 2025-04-21,2025-01-01,12,SDLP,#2AA82C,2,223.765468,0.344255
2055,UNS 2025-04-21,2025-01-01,8,Scottish National Party,#FFF95D,28,1709.521596,2.630033
2055,UNS 2025-04-21,2025-01-01,13,Sinn Féin,#326760,7,528.288985,0.812752
2055,UNS 2025-04-21,2025-01-01,11,Ulster Unionist Party,#48A5EE,1,229.851610,0.353618
2056,UNS 2025-04-22,2025-01-01,10,Alliance,#F6CB2F,1,295.139650,0.454061
2056,UNS 2025-04-22,2025-01-01,4,Conservative,#0087DC,128,13251.580806,20.387047
2056,UNS 2025-04-22,2025-01-01,9,Democratic Unionist Party,#D46A4C,6,436.075878,0.670886
2056,UNS 2025-04-22,2025-01-01,6,Green,#6AB023,5,5896.704527,9.071853
2056,UNS 2025-04-22,2025-01-01,1,Labour,#E4003B,215,15390.336259,23.677440
2056,UNS 2025-04-22,2025-01-01,5,Liberal Democrats,#FAA61A,76,8368.019804,12.873877
2056,UNS 2025-04-22,2025-01-01,7,Other,#808080,13,2110.992420,3.247681
2056,UNS 2025-04-22,2025-01-01,3,Plaid Cymru,#005B54,5,544.273296,0.837344
2056,UNS 2025-04-22,2025-01-01,2,Reform UK,#12B6CF,160,16011.316285,24.632794
2056,UNS 2025-04-22,2025-01-01,12,SDLP,#2AA82C,2,223.765468,0.344255
2056,UNS 2025-04-22,2025-01-01,8,Scottish National Party,#FFF95D,31,1713.655013,2.636392
2056,UNS 2025-04-22,2025-01-01,13,Sinn Féin,#326760,7,528.288985,0.812752
2056,UNS 2025-04-22,2025-01-01,11,Ulster Unionist Party,#48A5EE,1,229.851610,0.353618
2057,UNS 2025-04-23,2025-01-01,10,Alliance,#F6CB2F,1,295.139650,0.454061
2057,UNS 2025-04-23,2025-01-01,4,Conservative,#0087DC,122,13185.366373,20.285179
2057,UNS 2025-04-23,2025-01-01,9,Democratic Unionist Party,#D46A4C,6,436.075878,0.670886
2057,UNS 2025-04-23,2025-01-01,6,Green,#6AB023,5,6017.473918,9.257652
2057,UNS 2025-04-23,2025-01-01,1,Labour,#E4003B,209,15235.803327,23.439697
2057,UNS 2025-04-23,2025-01-01,5,Liberal Democrats,#FAA61A,76,8377.689455,12.888753
2057,UNS 2025-04-23,2025-01-01,7,Other,#808080,13,2102.071010,3.233955
2057,UNS 2025-04-23,2025-01-01,3,Plaid Cymru,#005B54,5,530.992975,0.816912
2057,UNS 2025-04-23,2025-01-01,2,Reform UK,#12B6CF,171,16115.479081,24.793045
2057,UNS 2025-04-23,2025-01-01,12,SDLP,#2AA82C,2,223.765468,0.344255
2057,UNS 2025-04-23,2025-01-01,8,Scottish National Party,#FFF95D,32,1722.002272,2.649234
2057,UNS 2025-04-23,2025-01-01,13,Sinn Féin,#326760,7,528.288985,0.812752
2057,UNS 2025-04-23,2025-01-01,11,Ulster Unionist Party,#48A5EE,1,229.851610,0.353618
2058,UNS 2025-04-24,2025-01-01,10,Alliance,#F6CB2F,1,295.139650,0.454061
2058,UNS 2025-04-24,2025-01-01,4,Conservative,#0087DC,122,13185.366373,20.285179
2058,UNS 2025-04-24,2025-01-01,9,Democratic Unionist Party,#D46A4C,6,436.075878,0.670886
2058,UNS 2025-04-24,2025-01-01,6,Green,#6AB023,5,6017.473918,9.257652
2058,UNS 2025-04-24,2025-01-01,1,Labour,#E4003B,209,15235.803327,23.439697
2058,UNS 2025-04-24,2025-01-01,5,Liberal Democrats,#FAA61A,76,8377.689455,12.888753
2058,UNS 2025-04-24,2025-01-01,7,Other,#808080,13,2102.071010,3.233955
2058,UNS 2025-04-24,2025-01-01,3,Plaid Cymru,#005B54,5,530.992975,0.816912
2058,UNS 2025-04-24,2025-01-01,2,Reform UK,#12B6CF,171,16115.479081,24.793045
2058,UNS 2025-04-24,2025-01-01,12,SDLP,#2AA82C,2,223.765468,0.344255
2058,UNS 2025-04-24,2025-01-01,8,Scottish National Party,#FFF95D,32,1722.002272,2.649234
2058,UNS 2025-04-24,2025-01-01,13,Sinn Féin,#326760,7,528.288985,0.812752
2058,UNS 2025-04-24,2025-01-01,11,Ulster Unionist Party,#48A5EE,1,229.851610,0.353618
2059,UNS 2025-04-25,2025-01-01,10,Alliance,#F6CB2F,1,295.139650,0.454061
2059,UNS 2025-04-25,2025-01-01,4,Conservative,#0087DC,122,13185.366373,20.285179
2059,UNS 2025-04-25,2025-01-01,9,Democratic Unionist Party,#D46A4C,6,436.075878,0.670886
2059,UNS 2025-04-25,2025-01-01,6,Green,#6AB023,5,6017.473918,9.257652
2059,UNS 2025-04-25,2025-01-01,1,Labour,#E4003B,209,15235.803327,23.439697
2059,UNS 2025-04-25,2025-01-01,5,Liberal Democrats,#FAA61A,76,8377.689455,12.888753
2059,UNS 2025-04-25,2025-01-01,7,Other,#808080,13,2102.071010,3.233955
2059,UNS 2025-04-25,2025-01-01,3,Plaid Cymru,#005B54,5,530.992975,0.816912
2059,UNS 2025-04-25,2025-01-01,2,Reform UK,#12B6CF,171,16115.479081,24.793045
2059,UNS 2025-04-25,2025-01-01,12,SDLP,#2AA82C,2,223.765468,0.344255
2059,UNS 2025-04-25,2025-01-01,8,Scottish National Party,#FFF95D,32,1722.002272,2.649234
2059,UNS 2025-04-25,2025-01-01,13,Sinn Féin,#326760,7,528.288985,0.812752
2059,UNS 2025-04-25,2025-01-01,11,Ulster Unionist Party,#48A5EE,1,229.851610,0.353618
2060,UNS 2025-04-26,2025-01-01,10,Alliance,#F6CB2F,1,295.139650,0.454061
2060,UNS 2025-04-26,2025-01-01,4,Conservative,#0087DC,122,13185.366373,20.285179
2060,UNS 2025-04-26,2025-01-01,9,Democratic Unionist Party,#D46A4C,6,436.075878,0.670886
2060,UNS 2025-04-26,2025-01-01,6,Green,#6AB023,5,6017.473918,9.257652
2060,UNS 2025-04-26,2025-01-01,1,Labour,#E4003B,209,15235.803327,23.439697
2060,UNS 2025-04-26,2025-01-01,5,Liberal Democrats,#FAA61A,76,8377.689455,12.888753
2060,UNS 2025-04-26,2025-01-01,7,Other,#808080,13,2102.071010,3.233955
2060,UNS 2025-04-26,2025-01-01,3,Plaid Cymru,#005B54,5,530.992975,0.816912
2060,UNS 2025-04-26,2025-01-01,2,Reform UK,#12B6CF,171,16115.479081,24.793045
2060,UNS 2025-04-26,2025-01-01,12,SDLP,#2AA82C,2,223.765468,0.344255
2060,UNS 2025-04-26,2025-01-01,8,Scottish National Party,#FFF95D,32,1722.002272,2.649234
2060,UNS 2025-04-26,2025-01-01,13,Sinn Féin,#326760,7,528.288985,0.812752
2060,UNS 2025-04-26,2025-01-01,11,Ulster Unionist Party,#48A5EE,1,229.851610,0.353618
2061,UNS 2025-04-27,2025-01-01,10,Alliance,#F6CB2F,1,295.139650,0.454061
2061,UNS 2025-04-27,2025-01-01,4,Conservative,#0087DC,122,13244.218600,20.375721
2061,UNS 2025-04-27,2025-01-01,9,Democratic Unionist Party,#D46A4C,6,436.075878,0.670886
2061,UNS 2025-04-27,2025-01-01,6,Green,#6AB023,5,5958.082032,9.166280
2061,UNS 2025-04-27,2025-01-01,1,Labour,#E4003B,211,15260.073523,23.477036
2061,UNS 2025-04-27,2025-01-01,5,Liberal Democrats,#FAA61A,76,8421.991458,12.956910
2061,UNS 2025-04-27,2025-01-01,7,Other,#808080,13,2125.801882,3.270464
2061,UNS 2025-04-27,2025-01-01,3,Plaid Cymru,#005B54,5,521.860820,0.802863
2061,UNS 2025-04-27,2025-01-01,2,Reform UK,#12B6CF,170,16050.329882,24.692815
2061,UNS 2025-04-27,2025-01-01,12,SDLP,#2AA82C,2,223.765468,0.344255
2061,UNS 2025-04-27,2025-01-01,8,Scottish National Party,#FFF95D,31,1704.520214,2.622339
2061,UNS 2025-04-27,2025-01-01,13,Sinn Féin,#326760,7,528.288985,0.812752
2061,UNS 2025-04-27,2025-01-01,11,Ulster Unionist Party,#48A5EE,1,229.851610,0.353618
2062,UNS 2025-04-28,2025-01-01,10,Alliance,#F6CB2F,1,295.139650,0.454061
2062,UNS 2025-04-28,2025-01-01,4,Conservative,#0087DC,122,13163.785077,20.251977
2062,UNS 2025-04-28,2025-01-01,9,Democratic Unionist Party,#D46A4C,6,436.075878,0.670886
2062,UNS 2025-04-28,2025-01-01,6,Green,#6AB023,5,5956.775288,9.164270
2062,UNS 2025-04-28,2025-01-01,1,Labour,#E4003B,209,15265.469006,23.485337
2062,UNS 2025-04-28,2025-01-01,5,Liberal Democrats,#FAA61A,76,8463.605219,13.020931
2062,UNS 2025-04-28,2025-01-01,7,Other,#808080,13,2105.566539,3.239333
2062,UNS 2025-04-28,2025-01-01,3,Plaid Cymru,#005B54,6,541.932579,0.833742
2062,UNS 2025-04-28,2025-01-01,2,Reform UK,#12B6CF,170,16070.177963,24.723351
2062,UNS 2025-04-28,2025-01-01,12,SDLP,#2AA82C,2,223.765468,0.344255
2062,UNS 2025-04-28,2025-01-01,8,Scottish National Party,#FFF95D,32,1719.566739,2.645487
2062,UNS 2025-04-28,2025-01-01,13,Sinn Féin,#326760,7,528.288985,0.812752
2062,UNS 2025-04-28,2025-01-01,11,Ulster Unionist Party,#48A5EE,1,229.851610,0.353618
2063,UNS 2025-04-29,2025-01-01,10,Alliance,#F6CB2F,1,295.139650,0.454061
2063,UNS 2025-04-29,2025-01-01,4,Conservative,#0087DC,122,13163.785077,20.251977
2063,UNS 2025-04-29,2025-01-01,9,Democratic Unionist Party,#D46A4C,6,436.075878,0.670886
2063,UNS 2025-04-29,2025-01-01,6,Green,#6AB023,5,5956.775288,9.164270
2063,UNS 2025-04-29,2025-01-01,1,Labour,#E4003B,209,15265.469006,23.485337
2063,UNS 2025-04-29,2025-01-01,5,Liberal Democrats,#FAA61A,76,8463.605219,13.020931
2063,UNS 2025-04-29,2025-01-01,7,Other,#808080,13,2105.566539,3.239333
2063,UNS 2025-04-29,2025-01-01,3,Plaid Cymru,#005B54,6,541.932579,0.833742
2063,UNS 2025-04-29,2025-01-01,2,Reform UK,#12B6CF,170,16070.177963,24.723351
2063,UNS 2025-04-29,2025-01-01,12,SDLP,#2AA82C,2,223.765468,0.344255
2063,UNS 2025-04-29,2025-01-01,8,Scottish National Party,#FFF95D,32,1719.566739,2.645487
2063,UNS 2025-04-29,2025-01-01,13,Sinn Féin,#326760,7,528.288985,0.812752
2063,UNS 2025-04-29,2025-01-01,11,Ulster Unionist Party,#48A5EE,1,229.851610,0.353618
2064,UNS 2025-04-30,2025-01-01,10,Alliance,#F6CB2F,1,295.139650,0.454061
2064,UNS 2025-04-30,2025-01-01,4,Conservative,#0087DC,122,13163.785077,20.251977
2064,UNS 2025-04-30,2025-01-01,9,Democratic Unionist Party,#D46A4C,6,436.075878,0.670886
2064,UNS 2025-04-30,2025-01-01,6,Green,#6AB023,5,5956.775288,9.164270
2064,UNS 2025-04-30,2025-01-01,1,Labour,#E4003B,209,15265.469006,23.485337
2064,UNS 2025-04-30,2025-01-01,5,Liberal Democrats,#FAA61A,76,8463.605219,13.020931
2064,UNS 2025-04-30,2025-01-01,7,Other,#808080,13,2105.566539,3.239333
2064,UNS 2025-04-30,2025-01-01,3,Plaid Cymru,#005B54,6,541.932579,0.833742
2064,UNS 2025-04-30,2025-01-01,2,Reform UK,#12B6CF,170,16070.177963,24.723351
2064,UNS 2025-04-30,2025-01-01,12,SDLP,#2AA82C,2,223.765468,0.344255
2064,UNS 2025-04-30,2025-01-01,8,Scottish National Party,#FFF95D,32,1719.566739,2.645487
2064,UNS 2025-04-30,2025-01-01,13,Sinn Féin,#326760,7,528.288985,0.812752
2064,UNS 2025-04-30,2025-01-01,11,Ulster Unionist Party,#48A5EE,1,229.851610,0.353618
2065,UNS 2025-05-01,2025-01-01,10,Alliance,#F6CB2F,1,295.139650,0.454061
2065,UNS 2025-05-01,2025-01-01,4,Conservative,#0087DC,122,13163.785077,20.251977
2065,UNS 2025-05-01,2025-01-01,9,Democratic Unionist Party,#D46A4C,6,436.075878,0.670886
2065,UNS 2025-05-01,2025-01-01,6,Green,#6AB023,5,5956.775288,9.164270
2065,UNS 2025-05-01,2025-01-01,1,Labour,#E4003B,209,15265.469006,23.485337
2065,UNS 2025-05-01,2025-01-01,5,Liberal Democrats,#FAA61A,76,8463.605219,13.020931
2065,UNS 2025-05-01,2025-01-01,7,Other,#808080,13,2105.566539,3.239333
2065,UNS 2025-05-01,2025-01-01,3,Plaid Cymru,#005B54,6,541.932579,0.833742
2065,UNS 2025-05-01,2025-01-01,2,Reform UK,#12B6CF,170,16070.177963,24.723351
2065,UNS 2025-05-01,2025-01-01,12,SDLP,#2AA82C,2,223.765468,0.344255
2065,UNS 2025-05-01,2025-01-01,8,Scottish National Party,#FFF95D,32,1719.566739,2.645487
2065,UNS 2025-05-01,2025-01-01,13,Sinn Féin,#326760,7,528.288985,0.812752
2065,UNS 2025-05-01,2025-01-01,11,Ulster Unionist Party,#48A5EE,1,229.851610,0.353618
2066,UNS 2025-05-02,2025-01-01,10,Alliance,#F6CB2F,1,295.139650,0.454061
2066,UNS 2025-05-02,2025-01-01,4,Conservative,#0087DC,122,13163.785077,20.251977
2066,UNS 2025-05-02,2025-01-01,9,Democratic Unionist Party,#D46A4C,6,436.075878,0.670886
2066,UNS 2025-05-02,2025-01-01,6,Green,#6AB023,5,5956.775288,9.164270
2066,UNS 2025-05-02,2025-01-01,1,Labour,#E4003B,209,15265.469006,23.485337
2066,UNS 2025-05-02,2025-01-01,5,Liberal Democrats,#FAA61A,76,8463.605219,13.020931
2066,UNS 2025-05-02,2025-01-01,7,Other,#808080,13,2105.566539,3.239333
2066,UNS 2025-05-02,2025-01-01,3,Plaid Cymru,#005B54,6,541.932579,0.833742
2066,UNS 2025-05-02,2025-01-01,2,Reform UK,#12B6CF,170,16070.177963,24.723351
2066,UNS 2025-05-02,2025-01-01,12,SDLP,#2AA82C,2,223.765468,0.344255
2066,UNS 2025-05-02,2025-01-01,8,Scottish National Party,#FFF95D,32,1719.566739,2.645487
2066,UNS 2025-05-02,2025-01-01,13,Sinn Féin,#326760,7,528.288985,0.812752
2066,UNS 2025-05-02,2025-01-01,11,Ulster Unionist Party,#48A5EE,1,229.851610,0.353618
2067,UNS 2025-05-03,2025-01-01,10,Alliance,#F6CB2F,1,295.139650,0.454061
2067,UNS 2025-05-03,2025-01-01,4,Conservative,#0087DC,122,13163.785077,20.251977
2067,UNS 2025-05-03,2025-01-01,9,Democratic Unionist Party,#D46A4C,6,436.075878,0.670886
2067,UNS 2025-05-03,2025-01-01,6,Green,#6AB023,5,5956.775288,9.164270
2067,UNS 2025-05-03,2025-01-01,1,Labour,#E4003B,209,15265.469006,23.485337
2067,UNS 2025-05-03,2025-01-01,5,Liberal Democrats,#FAA61A,76,8463.605219,13.020931
2067,UNS 2025-05-03,2025-01-01,7,Other,#808080,13,2105.566539,3.239333
2067,UNS 2025-05-03,2025-01-01,3,Plaid Cymru,#005B54,6,541.932579,0.833742
2067,UNS 2025-05-03,2025-01-01,2,Reform UK,#12B6CF,170,16070.177963,24.723351
2067,UNS 2025-05-03,2025-01-01,12,SDLP,#2AA82C,2,223.765468,0.344255
2067,UNS 2025-05-03,2025-01-01,8,Scottish National Party,#FFF95D,32,1719.566739,2.645487
2067,UNS 2025-05-03,2025-01-01,13,Sinn Féin,#326760,7,528.288985,0.812752
2067,UNS 2025-05-03,2025-01-01,11,Ulster Unionist Party,#48A5EE,1,229.851610,0.353618
2068,UNS 2025-05-04,2025-01-01,10,Alliance,#F6CB2F,1,295.139650,0.454061
2068,UNS 2025-05-04,2025-01-01,4,Conservative,#0087DC,118,13138.137674,20.212519
2068,UNS 2025-05-04,2025-01-01,9,Democratic Unionist Party,#D46A4C,6,436.075878,0.670886
2068,UNS 2025-05-04,2025-01-01,6,Green,#6AB023,5,5914.681968,9.099511
2068,UNS 2025-05-04,2025-01-01,1,Labour,#E4003B,205,15222.145161,23.418685
2068,UNS 2025-05-04,2025-01-01,5,Liberal Democrats,#FAA61A,76,8502.655875,13.081009
2068,UNS 2025-05-04,2025-01-01,7,Other,#808080,13,2137.367760,3.288258
2068,UNS 2025-05-04,2025-01-01,3,Plaid Cymru,#005B54,6,529.926998,0.815272
2068,UNS 2025-05-04,2025-01-01,2,Reform UK,#12B6CF,178,16128.875603,24.813655
2068,UNS 2025-05-04,2025-01-01,12,SDLP,#2AA82C,2,223.765468,0.344255
2068,UNS 2025-05-04,2025-01-01,8,Scottish National Party,#FFF95D,32,1713.087371,2.635519
2068,UNS 2025-05-04,2025-01-01,13,Sinn Féin,#326760,7,528.288985,0.812752
2068,UNS 2025-05-04,2025-01-01,11,Ulster Unionist Party,#48A5EE,1,229.851610,0.353618
2069,UNS 2025-05-05,2025-01-01,10,Alliance,#F6CB2F,1,295.139650,0.454061
2069,UNS 2025-05-05,2025-01-01,4,Conservative,#0087DC,112,13033.903405,20.052159
2069,UNS 2025-05-05,2025-01-01,9,Democratic Unionist Party,#D46A4C,6,436.075878,0.670886
2069,UNS 2025-05-05,2025-01-01,6,Green,#6AB023,4,5851.535870,9.002363
2069,UNS 2025-05-05,2025-01-01,1,Labour,#E4003B,204,15284.986862,23.515364
2069,UNS 2025-05-05,2025-01-01,5,Liberal Democrats,#FAA61A,76,8465.061515,13.023172
2069,UNS 2025-05-05,2025-01-01,7,Other,#808080,13,2070.856422,3.185933
2069,UNS 2025-05-05,2025-01-01,3,Plaid Cymru,#005B54,6,523.532105,0.805434
2069,UNS 2025-05-05,2025-01-01,2,Reform UK,#12B6CF,186,16327.547146,25.119303
2069,UNS 2025-05-05,2025-01-01,12,SDLP,#2AA82C,2,223.765468,0.344255
2069,UNS 2025-05-05,2025-01-01,8,Scottish National Party,#FFF95D,32,1729.455085,2.660700
2069,UNS 2025-05-05,2025-01-01,13,Sinn Féin,#326760,7,528.288985,0.812752
2069,UNS 2025-05-05,2025-01-01,11,Ulster Unionist Party,#48A5EE,1,229.851610,0.353618
2070,UNS 2025-05-06,2025-01-01,10,Alliance,#F6CB2F,1,295.139650,0.454061
2070,UNS 2025-05-06,2025-01-01,4,Conservative,#0087DC,102,12864.939961,19.792215
2070,UNS 2025-05-06,2025-01-01,9,Democratic Unionist Party,#D46A4C,6,436.075878,0.670886
2070,UNS 2025-05-06,2025-01-01,6,Green,#6AB023,4,5877.501669,9.042310
2070,UNS 2025-05-06,2025-01-01,1,Labour,#E4003B,201,15249.710008,23.461092
2070,UNS 2025-05-06,2025-01-01,5,Liberal Democrats,#FAA61A,77,8535.479155,13.131506
2070,UNS 2025-05-06,2025-01-01,7,Other,#808080,13,2037.087841,3.133981
2070,UNS 2025-05-06,2025-01-01,3,Plaid Cymru,#005B54,5,532.611475,0.819402
2070,UNS 2025-05-06,2025-01-01,2,Reform UK,#12B6CF,197,16447.306469,25.303548
2070,UNS 2025-05-06,2025-01-01,12,SDLP,#2AA82C,2,223.765468,0.344255
2070,UNS 2025-05-06,2025-01-01,8,Scottish National Party,#FFF95D,34,1742.241832,2.680372
2070,UNS 2025-05-06,2025-01-01,13,Sinn Féin,#326760,7,528.288985,0.812752
2070,UNS 2025-05-06,2025-01-01,11,Ulster Unionist Party,#48A5EE,1,229.851610,0.353618
2071,UNS 2025-05-07,2025-01-01,10,Alliance,#F6CB2F,1,295.139650,0.454061
2071,UNS 2025-05-07,2025-01-01,4,Conservative,#0087DC,95,12682.941976,19.512218
2071,UNS 2025-05-07,2025-01-01,9,Democratic Unionist Party,#D46A4C,6,436.075878,0.670886
2071,UNS 2025-05-07,2025-01-01,6,Green,#6AB023,4,5939.845947,9.138225
2071,UNS 2025-05-07,2025-01-01,1,Labour,#E4003B,194,15130.501889,23.277695
2071,UNS 2025-05-07,2025-01-01,5,Liberal Democrats,#FAA61A,78,8570.590063,13.185523
2071,UNS 2025-05-07,2025-01-01,7,Other,#808080,13,2006.704814,3.087238
2071,UNS 2025-05-07,2025-01-01,3,Plaid Cymru,#005B54,4,526.742523,0.810373
2071,UNS 2025-05-07,2025-01-01,2,Reform UK,#12B6CF,210,16679.854047,25.661314
2071,UNS 2025-05-07,2025-01-01,12,SDLP,#2AA82C,2,223.765468,0.344255
2071,UNS 2025-05-07,2025-01-01,8,Scottish National Party,#FFF95D,35,1749.697150,2.691842
2071,UNS 2025-05-07,2025-01-01,13,Sinn Féin,#326760,7,528.288985,0.812752
2071,UNS 2025-05-07,2025-01-01,11,Ulster Unionist Party,#48A5EE,1,229.851610,0.353618
2072,UNS 2025-05-08,2025-01-01,10,Alliance,#F6CB2F,1,295.139650,0.454061
2072,UNS 2025-05-08,2025-01-01,4,Conservative,#0087DC,86,12604.602433,19.391696
2072,UNS 2025-05-08,2025-01-01,9,Democratic Unionist Party,#D46A4C,6,436.075878,0.670886
2072,UNS 2025-05-08,2025-01-01,6,Green,#6AB023,4,5930.832994,9.124358
2072,UNS 2025-05-08,2025-01-01,1,Labour,#E4003B,187,15072.223112,23.188036
2072,UNS 2025-05-08,2025-01-01,5,Liberal Democrats,#FAA61A,78,8535.322024,13.131265
2072,UNS 2025-05-08,2025-01-01,7,Other,#808080,13,1994.536992,3.068518
2072,UNS 2025-05-08,2025-01-01,3,Plaid Cymru,#005B54,4,520.975305,0.801500
2072,UNS 2025-05-08,2025-01-01,2,Reform UK,#12B6CF,226,16856.656516,25.933318
2072,UNS 2025-05-08,2025-01-01,12,SDLP,#2AA82C,2,223.765468,0.344255
2072,UNS 2025-05-08,2025-01-01,8,Scottish National Party,#FFF95D,35,1771.729034,2.725737
2072,UNS 2025-05-08,2025-01-01,13,Sinn Féin,#326760,7,528.288985,0.812752
2072,UNS 2025-05-08,2025-01-01,11,Ulster Unionist Party,#48A5EE,1,229.851610,0.353618
2073,UNS 2025-05-09,2025-01-01,10,Alliance,#F6CB2F,1,295.139650,0.454061
2073,UNS 2025-05-09,2025-01-01,4,Conservative,#0087DC,86,12604.602433,19.391696
2073,UNS 2025-05-09,2025-01-01,9,Democratic Unionist Party,#D46A4C,6,436.075878,0.670886
2073,UNS 2025-05-09,2025-01-01,6,Green,#6AB023,4,5930.832994,9.124358
2073,UNS 2025-05-09,2025-01-01,1,Labour,#E4003B,187,15072.223112,23.188036
2073,UNS 2025-05-09,2025-01-01,5,Liberal Democrats,#FAA61A,78,8535.322024,13.131265
2073,UNS 2025-05-09,2025-01-01,7,Other,#808080,13,1994.536992,3.068518
2073,UNS 2025-05-09,2025-01-01,3,Plaid Cymru,#005B54,4,520.975305,0.801500
2073,UNS 2025-05-09,2025-01-01,2,Reform UK,#12B6CF,226,16856.656516,25.933318
2073,UNS 2025-05-09,2025-01-01,12,SDLP,#2AA82C,2,223.765468,0.344255
2073,UNS 2025-05-09,2025-01-01,8,Scottish National Party,#FFF95D,35,1771.729034,2.725737
2073,UNS 2025-05-09,2025-01-01,13,Sinn Féin,#326760,7,528.288985,0.812752
2073,UNS 2025-05-09,2025-01-01,11,Ulster Unionist Party,#48A5EE,1,229.851610,0.353618
2074,UNS 2025-05-10,2025-01-01,10,Alliance,#F6CB2F,1,295.139650,0.454061
2074,UNS 2025-05-10,2025-01-01,4,Conservative,#0087DC,86,12604.602433,19.391696
2074,UNS 2025-05-10,2025-01-01,9,Democratic Unionist Party,#D46A4C,6,436.075878,0.670886
2074,UNS 2025-05-10,2025-01-01,6,Green,#6AB023,4,5930.832994,9.124358
2074,UNS 2025-05-10,2025-01-01,1,Labour,#E4003B,187,15072.223112,23.188036
2074,UNS 2025-05-10,2025-01-01,5,Liberal Democrats,#FAA61A,78,8535.322024,13.131265
2074,UNS 2025-05-10,2025-01-01,7,Other,#808080,13,1994.536992,3.068518
2074,UNS 2025-05-10,2025-01-01,3,Plaid Cymru,#005B54,4,520.975305,0.801500
2074,UNS 2025-05-10,2025-01-01,2,Reform UK,#12B6CF,226,16856.656516,25.933318
2074,UNS 2025-05-10,2025-01-01,12,SDLP,#2AA82C,2,223.765468,0.344255
2074,UNS 2025-05-10,2025-01-01,8,Scottish National Party,#FFF95D,35,1771.729034,2.725737
2074,UNS 2025-05-10,2025-01-01,13,Sinn Féin,#326760,7,528.288985,0.812752
2074,UNS 2025-05-10,2025-01-01,11,Ulster Unionist Party,#48A5EE,1,229.851610,0.353618
2075,UNS 2025-05-11,2025-01-01,10,Alliance,#F6CB2F,1,295.139650,0.454061
2075,UNS 2025-05-11,2025-01-01,4,Conservative,#0087DC,86,12604.602433,19.391696
2075,UNS 2025-05-11,2025-01-01,9,Democratic Unionist Party,#D46A4C,6,436.075878,0.670886
2075,UNS 2025-05-11,2025-01-01,6,Green,#6AB023,4,5930.832994,9.124358
2075,UNS 2025-05-11,2025-01-01,1,Labour,#E4003B,187,15072.223112,23.188036
2075,UNS 2025-05-11,2025-01-01,5,Liberal Democrats,#FAA61A,78,8535.322024,13.131265
2075,UNS 2025-05-11,2025-01-01,7,Other,#808080,13,1994.536992,3.068518
2075,UNS 2025-05-11,2025-01-01,3,Plaid Cymru,#005B54,4,520.975305,0.801500
2075,UNS 2025-05-11,2025-01-01,2,Reform UK,#12B6CF,226,16856.656516,25.933318
2075,UNS 2025-05-11,2025-01-01,12,SDLP,#2AA82C,2,223.765468,0.344255
2075,UNS 2025-05-11,2025-01-01,8,Scottish National Party,#FFF95D,35,1771.729034,2.725737
2075,UNS 2025-05-11,2025-01-01,13,Sinn Féin,#326760,7,528.288985,0.812752
2075,UNS 2025-05-11,2025-01-01,11,Ulster Unionist Party,#48A5EE,1,229.851610,0.353618
2076,UNS 2025-05-12,2025-01-01,10,Alliance,#F6CB2F,1,295.139650,0.454061
2076,UNS 2025-05-12,2025-01-01,4,Conservative,#0087DC,82,12491.679556,19.217969
2076,UNS 2025-05-12,2025-01-01,9,Democratic Unionist Party,#D46A4C,6,436.075878,0.670886
2076,UNS 2025-05-12,2025-01-01,6,Green,#6AB023,4,5881.632808,9.048666
2076,UNS 2025-05-12,2025-01-01,1,Labour,#E4003B,184,15104.249285,23.237307
2076,UNS 2025-05-12,2025-01-01,5,Liberal Democrats,#FAA61A,78,8564.738627,13.176521
2076,UNS 2025-05-12,2025-01-01,7,Other,#808080,13,1975.225376,3.038808
2076,UNS 2025-05-12,2025-01-01,3,Plaid Cymru,#005B54,5,523.600282,0.805539
2076,UNS 2025-05-12,2025-01-01,2,Reform UK,#12B6CF,231,16958.927325,26.090657
2076,UNS 2025-05-12,2025-01-01,12,SDLP,#2AA82C,2,223.765468,0.344255
2076,UNS 2025-05-12,2025-01-01,8,Scottish National Party,#FFF95D,36,1786.825151,2.748962
2076,UNS 2025-05-12,2025-01-01,13,Sinn Féin,#326760,7,528.288985,0.812752
2076,UNS 2025-05-12,2025-01-01,11,Ulster Unionist Party,#48A5EE,1,229.851610,0.353618
2077,UNS 2025-05-13,2025-01-01,10,Alliance,#F6CB2F,1,295.139650,0.454061
2077,UNS 2025-05-13,2025-01-01,4,Conservative,#0087DC,82,12491.679556,19.217969
2077,UNS 2025-05-13,2025-01-01,9,Democratic Unionist Party,#D46A4C,6,436.075878,0.670886
2077,UNS 2025-05-13,2025-01-01,6,Green,#6AB023,4,5881.632808,9.048666
2077,UNS 2025-05-13,2025-01-01,1,Labour,#E4003B,184,15104.249285,23.237307
2077,UNS 2025-05-13,2025-01-01,5,Liberal Democrats,#FAA61A,78,8564.738627,13.176521
2077,UNS 2025-05-13,2025-01-01,7,Other,#808080,13,1975.225376,3.038808
2077,UNS 2025-05-13,2025-01-01,3,Plaid Cymru,#005B54,5,523.600282,0.805539
2077,UNS 2025-05-13,2025-01-01,2,Reform UK,#12B6CF,231,16958.927325,26.090657
2077,UNS 2025-05-13,2025-01-01,12,SDLP,#2AA82C,2,223.765468,0.344255
2077,UNS 2025-05-13,2025-01-01,8,Scottish National Party,#FFF95D,36,1786.825151,2.748962
2077,UNS 2025-05-13,2025-01-01,13,Sinn Féin,#326760,7,528.288985,0.812752
2077,UNS 2025-05-13,2025-01-01,11,Ulster Unionist Party,#48A5EE,1,229.851610,0.353618
2078,UNS 2025-05-14,2025-01-01,10,Alliance,#F6CB2F,1,295.139650,0.454061
2078,UNS 2025-05-14,2025-01-01,4,Conservative,#0087DC,77,12325.444060,18.962222
2078,UNS 2025-05-14,2025-01-01,9,Democratic Unionist Party,#D46A4C,6,436.075878,0.670886
2078,UNS 2025-05-14,2025-01-01,6,Green,#6AB023,4,5953.168250,9.158720
2078,UNS 2025-05-14,2025-01-01,1,Labour,#E4003B,183,15015.455619,23.100701
2078,UNS 2025-05-14,2025-01-01,5,Liberal Democrats,#FAA61A,78,8550.513614,13.154636
2078,UNS 2025-05-14,2025-01-01,7,Other,#808080,13,1966.432494,3.025281
2078,UNS 2025-05-14,2025-01-01,3,Plaid Cymru,#005B54,5,524.816660,0.807410
2078,UNS 2025-05-14,2025-01-01,2,Reform UK,#12B6CF,237,17169.514858,26.414638
2078,UNS 2025-05-14,2025-01-01,12,SDLP,#2AA82C,2,223.765468,0.344255
2078,UNS 2025-05-14,2025-01-01,8,Scottish National Party,#FFF95D,36,1781.532855,2.740820
2078,UNS 2025-05-14,2025-01-01,13,Sinn Féin,#326760,7,528.288985,0.812752
2078,UNS 2025-05-14,2025-01-01,11,Ulster Unionist Party,#48A5EE,1,229.851610,0.353618
2079,UNS 2025-05-15,2025-01-01,10,Alliance,#F6CB2F,1,295.139650,0.454061
2079,UNS 2025-05-15,2025-01-01,4,Conservative,#0087DC,77,12325.444060,18.962222
2079,UNS 2025-05-15,2025-01-01,9,Democratic Unionist Party,#D46A4C,6,436.075878,0.670886
2079,UNS 2025-05-15,2025-01-01,6,Green,#6AB023,4,5953.168250,9.158720
2079,UNS 2025-05-15,2025-01-01,1,Labour,#E4003B,183,15015.455619,23.100701
2079,UNS 2025-05-15,2025-01-01,5,Liberal Democrats,#FAA61A,78,8550.513614,13.154636
2079,UNS 2025-05-15,2025-01-01,7,Other,#808080,13,1966.432494,3.025281
2079,UNS 2025-05-15,2025-01-01,3,Plaid Cymru,#005B54,5,524.816660,0.807410
2079,UNS 2025-05-15,2025-01-01,2,Reform UK,#12B6CF,237,17169.514858,26.414638
2079,UNS 2025-05-15,2025-01-01,12,SDLP,#2AA82C,2,223.765468,0.344255
2079,UNS 2025-05-15,2025-01-01,8,Scottish National Party,#FFF95D,36,1781.532855,2.740820
2079,UNS 2025-05-15,2025-01-01,13,Sinn Féin,#326760,7,528.288985,0.812752
2079,UNS 2025-05-15,2025-01-01,11,Ulster Unionist Party,#48A5EE,1,229.851610,0.353618
2080,UNS 2025-05-16,2025-01-01,10,Alliance,#F6CB2F,1,295.139650,0.454061
2080,UNS 2025-05-16,2025-01-01,4,Conservative,#0087DC,77,12325.444060,18.962222
2080,UNS 2025-05-16,2025-01-01,9,Democratic Unionist Party,#D46A4C,6,436.075878,0.670886
2080,UNS 2025-05-16,2025-01-01,6,Green,#6AB023,4,5953.168250,9.158720
2080,UNS 2025-05-16,2025-01-01,1,Labour,#E4003B,183,15015.455619,23.100701
2080,UNS 2025-05-16,2025-01-01,5,Liberal Democrats,#FAA61A,78,8550.513614,13.154636
2080,UNS 2025-05-16,2025-01-01,7,Other,#808080,13,1966.432494,3.025281
2080,UNS 2025-05-16,2025-01-01,3,Plaid Cymru,#005B54,5,524.816660,0.807410
2080,UNS 2025-05-16,2025-01-01,2,Reform UK,#12B6CF,237,17169.514858,26.414638
2080,UNS 2025-05-16,2025-01-01,12,SDLP,#2AA82C,2,223.765468,0.344255
2080,UNS 2025-05-16,2025-01-01,8,Scottish National Party,#FFF95D,36,1781.532855,2.740820
2080,UNS 2025-05-16,2025-01-01,13,Sinn Féin,#326760,7,528.288985,0.812752
2080,UNS 2025-05-16,2025-01-01,11,Ulster Unionist Party,#48A5EE,1,229.851610,0.353618
2081,UNS 2025-05-17,2025-01-01,10,Alliance,#F6CB2F,1,295.139650,0.454061
2081,UNS 2025-05-17,2025-01-01,4,Conservative,#0087DC,77,12325.444060,18.962222
2081,UNS 2025-05-17,2025-01-01,9,Democratic Unionist Party,#D46A4C,6,436.075878,0.670886
2081,UNS 2025-05-17,2025-01-01,6,Green,#6AB023,4,5953.168250,9.158720
2081,UNS 2025-05-17,2025-01-01,1,Labour,#E4003B,183,15015.455619,23.100701
2081,UNS 2025-05-17,2025-01-01,5,Liberal Democrats,#FAA61A,78,8550.513614,13.154636
2081,UNS 2025-05-17,2025-01-01,7,Other,#808080,13,1966.432494,3.025281
2081,UNS 2025-05-17,2025-01-01,3,Plaid Cymru,#005B54,5,524.816660,0.807410
2081,UNS 2025-05-17,2025-01-01,2,Reform UK,#12B6CF,237,17169.514858,26.414638
2081,UNS 2025-05-17,2025-01-01,12,SDLP,#2AA82C,2,223.765468,0.344255
2081,UNS 2025-05-17,2025-01-01,8,Scottish National Party,#FFF95D,36,1781.532855,2.740820
2081,UNS 2025-05-17,2025-01-01,13,Sinn Féin,#326760,7,528.288985,0.812752
2081,UNS 2025-05-17,2025-01-01,11,Ulster Unionist Party,#48A5EE,1,229.851610,0.353618
2082,UNS 2025-05-18,2025-01-01,10,Alliance,#F6CB2F,1,295.139650,0.454061
2082,UNS 2025-05-18,2025-01-01,4,Conservative,#0087DC,77,12325.444060,18.962222
2082,UNS 2025-05-18,2025-01-01,9,Democratic Unionist Party,#D46A4C,6,436.075878,0.670886
2082,UNS 2025-05-18,2025-01-01,6,Green,#6AB023,4,5953.168250,9.158720
2082,UNS 2025-05-18,2025-01-01,1,Labour,#E4003B,183,15015.455619,23.100701
2082,UNS 2025-05-18,2025-01-01,5,Liberal Democrats,#FAA61A,78,8550.513614,13.154636
2082,UNS 2025-05-18,2025-01-01,7,Other,#808080,13,1966.432494,3.025281
2082,UNS 2025-05-18,2025-01-01,3,Plaid Cymru,#005B54,5,524.816660,0.807410
2082,UNS 2025-05-18,2025-01-01,2,Reform UK,#12B6CF,237,17169.514858,26.414638
2082,UNS 2025-05-18,2025-01-01,12,SDLP,#2AA82C,2,223.765468,0.344255
2082,UNS 2025-05-18,2025-01-01,8,Scottish National Party,#FFF95D,36,1781.532855,2.740820
2082,UNS 2025-05-18,2025-01-01,13,Sinn Féin,#326760,7,528.288985,0.812752
2082,UNS 2025-05-18,2025-01-01,11,Ulster Unionist Party,#48A5EE,1,229.851610,0.353618
2083,UNS 2025-05-19,2025-01-01,10,Alliance,#F6CB2F,1,295.139650,0.454061
2083,UNS 2025-05-19,2025-01-01,4,Conservative,#0087DC,76,12335.719516,18.978030
2083,UNS 2025-05-19,2025-01-01,9,Democratic Unionist Party,#D46A4C,6,436.075878,0.670886
2083,UNS 2025-05-19,2025-01-01,6,Green,#6AB023,4,5921.780932,9.110432
2083,UNS 2025-05-19,2025-01-01,1,Labour,#E4003B,179,14968.690845,23.028755
2083,UNS 2025-05-19,2025-01-01,5,Liberal Democrats,#FAA61A,78,8547.246661,13.149610
2083,UNS 2025-05-19,2025-01-01,7,Other,#808080,13,1967.996328,3.027687
2083,UNS 2025-05-19,2025-01-01,3,Plaid Cymru,#005B54,4,518.574744,0.797807
2083,UNS 2025-05-19,2025-01-01,2,Reform UK,#12B6CF,243,17264.252994,26.560389
2083,UNS 2025-05-19,2025-01-01,12,SDLP,#2AA82C,2,223.765468,0.344255
2083,UNS 2025-05-19,2025-01-01,8,Scottish National Party,#FFF95D,36,1762.616389,2.711718
2083,UNS 2025-05-19,2025-01-01,13,Sinn Féin,#326760,7,528.288985,0.812752
2083,UNS 2025-05-19,2025-01-01,11,Ulster Unionist Party,#48A5EE,1,229.851610,0.353618
2084,UNS 2025-05-20,2025-01-01,10,Alliance,#F6CB2F,1,295.139650,0.454061
2084,UNS 2025-05-20,2025-01-01,4,Conservative,#0087DC,76,12335.719516,18.978030
2084,UNS 2025-05-20,2025-01-01,9,Democratic Unionist Party,#D46A4C,6,436.075878,0.670886
2084,UNS 2025-05-20,2025-01-01,6,Green,#6AB023,4,5921.780932,9.110432
2084,UNS 2025-05-20,2025-01-01,1,Labour,#E4003B,179,14968.690845,23.028755
2084,UNS 2025-05-20,2025-01-01,5,Liberal Democrats,#FAA61A,78,8547.246661,13.149610
2084,UNS 2025-05-20,2025-01-01,7,Other,#808080,13,1967.996328,3.027687
2084,UNS 2025-05-20,2025-01-01,3,Plaid Cymru,#005B54,4,518.574744,0.797807
2084,UNS 2025-05-20,2025-01-01,2,Reform UK,#12B6CF,243,17264.252994,26.560389
2084,UNS 2025-05-20,2025-01-01,12,SDLP,#2AA82C,2,223.765468,0.344255
2084,UNS 2025-05-20,2025-01-01,8,Scottish National Party,#FFF95D,36,1762.616389,2.711718
2084,UNS 2025-05-20,2025-01-01,13,Sinn Féin,#326760,7,528.288985,0.812752
2084,UNS 2025-05-20,2025-01-01,11,Ulster Unionist Party,#48A5EE,1,229.851610,0.353618
2085,UNS 2025-05-21,2025-01-01,10,Alliance,#F6CB2F,1,295.139650,0.454061
2085,UNS 2025-05-21,2025-01-01,4,Conservative,#0087DC,71,12167.712055,18.719557
2085,UNS 2025-05-21,2025-01-01,9,Democratic Unionist Party,#D46A4C,6,436.075878,0.670886
2085,UNS 2025-05-21,2025-01-01,6,Green,#6AB023,4,5986.158641,9.209475
2085,UNS 2025-05-21,2025-01-01,1,Labour,#E4003B,174,14888.738801,22.905752
2085,UNS 2025-05-21,2025-01-01,5,Liberal Democrats,#FAA61A,78,8556.888673,13.164444
2085,UNS 2025-05-21,2025-01-01,7,Other,#808080,13,1962.426192,3.019117
2085,UNS 2025-05-21,2025-01-01,3,Plaid Cymru,#005B54,4,526.484817,0.809977
2085,UNS 2025-05-21,2025-01-01,2,Reform UK,#12B6CF,253,17446.862016,26.841326
2085,UNS 2025-05-21,2025-01-01,12,SDLP,#2AA82C,2,223.765468,0.344255
2085,UNS 2025-05-21,2025-01-01,8,Scottish National Party,#FFF95D,36,1751.607215,2.694780
2085,UNS 2025-05-21,2025-01-01,13,Sinn Féin,#326760,7,528.288985,0.812752
2085,UNS 2025-05-21,2025-01-01,11,Ulster Unionist Party,#48A5EE,1,229.851610,0.353618
2086,UNS 2025-05-22,2025-01-01,10,Alliance,#F6CB2F,1,295.139650,0.454061
2086,UNS 2025-05-22,2025-01-01,4,Conservative,#0087DC,71,12167.712055,18.719557
2086,UNS 2025-05-22,2025-01-01,9,Democratic Unionist Party,#D46A4C,6,436.075878,0.670886
2086,UNS 2025-05-22,2025-01-01,6,Green,#6AB023,4,5986.158641,9.209475
2086,UNS 2025-05-22,2025-01-01,1,Labour,#E4003B,174,14888.738801,22.905752
2086,UNS 2025-05-22,2025-01-01,5,Liberal Democrats,#FAA61A,78,8556.888673,13.164444
2086,UNS 2025-05-22,2025-01-01,7,Other,#808080,13,1962.426192,3.019117
2086,UNS 2025-05-22,2025-01-01,3,Plaid Cymru,#005B54,4,526.484817,0.809977
2086,UNS 2025-05-22,2025-01-01,2,Reform UK,#12B6CF,253,17446.862016,26.841326
2086,UNS 2025-05-22,2025-01-01,12,SDLP,#2AA82C,2,223.765468,0.344255
2086,UNS 2025-05-22,2025-01-01,8,Scottish National Party,#FFF95D,36,1751.607215,2.694780
2086,UNS 2025-05-22,2025-01-01,13,Sinn Féin,#326760,7,528.288985,0.812752
2086,UNS 2025-05-22,2025-01-01,11,Ulster Unionist Party,#48A5EE,1,229.851610,0.353618
2087,UNS 2025-05-23,2025-01-01,10,Alliance,#F6CB2F,1,295.139650,0.454061
2087,UNS 2025-05-23,2025-01-01,4,Conservative,#0087DC,71,12167.712055,18.719557
2087,UNS 2025-05-23,2025-01-01,9,Democratic Unionist Party,#D46A4C,6,436.075878,0.670886
2087,UNS 2025-05-23,2025-01-01,6,Green,#6AB023,4,5986.158641,9.209475
2087,UNS 2025-05-23,2025-01-01,1,Labour,#E4003B,174,14888.738801,22.905752
2087,UNS 2025-05-23,2025-01-01,5,Liberal Democrats,#FAA61A,78,8556.888673,13.164444
2087,UNS 2025-05-23,2025-01-01,7,Other,#808080,13,1962.426192,3.019117
2087,UNS 2025-05-23,2025-01-01,3,Plaid Cymru,#005B54,4,526.484817,0.809977
2087,UNS 2025-05-23,2025-01-01,2,Reform UK,#12B6CF,253,17446.862016,26.841326
2087,UNS 2025-05-23,2025-01-01,12,SDLP,#2AA82C,2,223.765468,0.344255
2087,UNS 2025-05-23,2025-01-01,8,Scottish National Party,#FFF95D,36,1751.607215,2.694780
2087,UNS 2025-05-23,2025-01-01,13,Sinn Féin,#326760,7,528.288985,0.812752
2087,UNS 2025-05-23,2025-01-01,11,Ulster Unionist Party,#48A5EE,1,229.851610,0.353618
2088,UNS 2025-05-24,2025-01-01,10,Alliance,#F6CB2F,1,295.139650,0.454061
2088,UNS 2025-05-24,2025-01-01,4,Conservative,#0087DC,71,12167.712055,18.719557
2088,UNS 2025-05-24,2025-01-01,9,Democratic Unionist Party,#D46A4C,6,436.075878,0.670886
2088,UNS 2025-05-24,2025-01-01,6,Green,#6AB023,4,5986.158641,9.209475
2088,UNS 2025-05-24,2025-01-01,1,Labour,#E4003B,174,14888.738801,22.905752
2088,UNS 2025-05-24,2025-01-01,5,Liberal Democrats,#FAA61A,78,8556.888673,13.164444
2088,UNS 2025-05-24,2025-01-01,7,Other,#808080,13,1962.426192,3.019117
2088,UNS 2025-05-24,2025-01-01,3,Plaid Cymru,#005B54,4,526.484817,0.809977
2088,UNS 2025-05-24,2025-01-01,2,Reform UK,#12B6CF,253,17446.862016,26.841326
2088,UNS 2025-05-24,2025-01-01,12,SDLP,#2AA82C,2,223.765468,0.344255
2088,UNS 2025-05-24,2025-01-01,8,Scottish National Party,#FFF95D,36,1751.607215,2.694780
2088,UNS 2025-05-24,2025-01-01,13,Sinn Féin,#326760,7,528.288985,0.812752
2088,UNS 2025-05-24,2025-01-01,11,Ulster Unionist Party,#48A5EE,1,229.851610,0.353618
2089,UNS 2025-05-25,2025-01-01,10,Alliance,#F6CB2F,1,295.139650,0.454061
2089,UNS 2025-05-25,2025-01-01,4,Conservative,#0087DC,71,12167.712055,18.719557
2089,UNS 2025-05-25,2025-01-01,9,Democratic Unionist Party,#D46A4C,6,436.075878,0.670886
2089,UNS 2025-05-25,2025-01-01,6,Green,#6AB023,4,5986.158641,9.209475
2089,UNS 2025-05-25,2025-01-01,1,Labour,#E4003B,174,14888.738801,22.905752
2089,UNS 2025-05-25,2025-01-01,5,Liberal Democrats,#FAA61A,78,8556.888673,13.164444
2089,UNS 2025-05-25,2025-01-01,7,Other,#808080,13,1962.426192,3.019117
2089,UNS 2025-05-25,2025-01-01,3,Plaid Cymru,#005B54,4,526.484817,0.809977
2089,UNS 2025-05-25,2025-01-01,2,Reform UK,#12B6CF,253,17446.862016,26.841326
2089,UNS 2025-05-25,2025-01-01,12,SDLP,#2AA82C,2,223.765468,0.344255
2089,UNS 2025-05-25,2025-01-01,8,Scottish National Party,#FFF95D,36,1751.607215,2.694780
2089,UNS 2025-05-25,2025-01-01,13,Sinn Féin,#326760,7,528.288985,0.812752
2089,UNS 2025-05-25,2025-01-01,11,Ulster Unionist Party,#48A5EE,1,229.851610,0.353618
2090,UNS 2025-05-26,2025-01-01,10,Alliance,#F6CB2F,1,295.139650,0.454061
2090,UNS 2025-05-26,2025-01-01,4,Conservative,#0087DC,71,12167.712055,18.719557
2090,UNS 2025-05-26,2025-01-01,9,Democratic Unionist Party,#D46A4C,6,436.075878,0.670886
2090,UNS 2025-05-26,2025-01-01,6,Green,#6AB023,4,5986.158641,9.209475
2090,UNS 2025-05-26,2025-01-01,1,Labour,#E4003B,174,14888.738801,22.905752
2090,UNS 2025-05-26,2025-01-01,5,Liberal Democrats,#FAA61A,78,8556.888673,13.164444
2090,UNS 2025-05-26,2025-01-01,7,Other,#808080,13,1962.426192,3.019117
2090,UNS 2025-05-26,2025-01-01,3,Plaid Cymru,#005B54,4,526.484817,0.809977
2090,UNS 2025-05-26,2025-01-01,2,Reform UK,#12B6CF,253,17446.862016,26.841326
2090,UNS 2025-05-26,2025-01-01,12,SDLP,#2AA82C,2,223.765468,0.344255
2090,UNS 2025-05-26,2025-01-01,8,Scottish National Party,#FFF95D,36,1751.607215,2.694780
2090,UNS 2025-05-26,2025-01-01,13,Sinn Féin,#326760,7,528.288985,0.812752
2090,UNS 2025-05-26,2025-01-01,11,Ulster Unionist Party,#48A5EE,1,229.851610,0.353618
2091,UNS 2025-05-27,2025-01-01,10,Alliance,#F6CB2F,1,295.139650,0.454061
2091,UNS 2025-05-27,2025-01-01,4,Conservative,#0087DC,70,12125.212930,18.654174
2091,UNS 2025-05-27,2025-01-01,9,Democratic Unionist Party,#D46A4C,6,436.075878,0.670886
2091,UNS 2025-05-27,2025-01-01,6,Green,#6AB023,4,6035.274089,9.285037
2091,UNS 2025-05-27,2025-01-01,1,Labour,#E4003B,175,14830.969955,22.816877
2091,UNS 2025-05-27,2025-01-01,5,Liberal Democrats,#FAA61A,78,8582.306136,13.203548
2091,UNS 2025-05-27,2025-01-01,7,Other,#808080,13,1951.552582,3.002389
2091,UNS 2025-05-27,2025-01-01,3,Plaid Cymru,#005B54,5,533.480160,0.820739
2091,UNS 2025-05-27,2025-01-01,2,Reform UK,#12B6CF,253,17503.749282,26.928845
2091,UNS 2025-05-27,2025-01-01,12,SDLP,#2AA82C,2,223.765468,0.344255
2091,UNS 2025-05-27,2025-01-01,8,Scottish National Party,#FFF95D,35,1724.333276,2.652820
2091,UNS 2025-05-27,2025-01-01,13,Sinn Féin,#326760,7,528.288985,0.812752
2091,UNS 2025-05-27,2025-01-01,11,Ulster Unionist Party,#48A5EE,1,229.851610,0.353618
2092,UNS 2025-05-28,2025-01-01,10,Alliance,#F6CB2F,1,295.139650,0.454061
2092,UNS 2025-05-28,2025-01-01,4,Conservative,#0087DC,70,12125.212930,18.654174
2092,UNS 2025-05-28,2025-01-01,9,Democratic Unionist Party,#D46A4C,6,436.075878,0.670886
2092,UNS 2025-05-28,2025-01-01,6,Green,#6AB023,4,6035.274089,9.285037
2092,UNS 2025-05-28,2025-01-01,1,Labour,#E4003B,175,14830.969955,22.816877
2092,UNS 2025-05-28,2025-01-01,5,Liberal Democrats,#FAA61A,78,8582.306136,13.203548
2092,UNS 2025-05-28,2025-01-01,7,Other,#808080,13,1951.552582,3.002389
2092,UNS 2025-05-28,2025-01-01,3,Plaid Cymru,#005B54,5,533.480160,0.820739
2092,UNS 2025-05-28,2025-01-01,2,Reform UK,#12B6CF,253,17503.749282,26.928845
2092,UNS 2025-05-28,2025-01-01,12,SDLP,#2AA82C,2,223.765468,0.344255
2092,UNS 2025-05-28,2025-01-01,8,Scottish National Party,#FFF95D,35,1724.333276,2.652820
2092,UNS 2025-05-28,2025-01-01,13,Sinn Féin,#326760,7,528.288985,0.812752
2092,UNS 2025-05-28,2025-01-01,11,Ulster Unionist Party,#48A5EE,1,229.851610,0.353618
2093,UNS 2025-05-29,2025-01-01,10,Alliance,#F6CB2F,1,295.139650,0.454061
2093,UNS 2025-05-29,2025-01-01,4,Conservative,#0087DC,66,12052.725278,18.542654
2093,UNS 2025-05-29,2025-01-01,9,Democratic Unionist Party,#D46A4C,6,436.075878,0.670886
2093,UNS 2025-05-29,2025-01-01,6,Green,#6AB023,4,6021.229815,9.263430
2093,UNS 2025-05-29,2025-01-01,1,Labour,#E4003B,172,14880.343616,22.892836
2093,UNS 2025-05-29,2025-01-01,5,Liberal Democrats,#FAA61A,78,8515.940806,13.101447
2093,UNS 2025-05-29,2025-01-01,7,Other,#808080,13,1937.864204,2.981330
2093,UNS 2025-05-29,2025-01-01,3,Plaid Cymru,#005B54,4,521.545689,0.802378
2093,UNS 2025-05-29,2025-01-01,2,Reform UK,#12B6CF,261,17628.749315,27.121153
2093,UNS 2025-05-29,2025-01-01,12,SDLP,#2AA82C,2,223.765468,0.344255
2093,UNS 2025-05-29,2025-01-01,8,Scottish National Party,#FFF95D,35,1728.479688,2.659200
2093,UNS 2025-05-29,2025-01-01,13,Sinn Féin,#326760,7,528.288985,0.812752
2093,UNS 2025-05-29,2025-01-01,11,Ulster Unionist Party,#48A5EE,1,229.851610,0.353618
2094,UNS 2025-05-30,2025-01-01,10,Alliance,#F6CB2F,1,295.139650,0.454061
2094,UNS 2025-05-30,2025-01-01,4,Conservative,#0087DC,66,12052.725278,18.542654
2094,UNS 2025-05-30,2025-01-01,9,Democratic Unionist Party,#D46A4C,6,436.075878,0.670886
2094,UNS 2025-05-30,2025-01-01,6,Green,#6AB023,4,6021.229815,9.263430
2094,UNS 2025-05-30,2025-01-01,1,Labour,#E4003B,172,14880.343616,22.892836
2094,UNS 2025-05-30,2025-01-01,5,Liberal Democrats,#FAA61A,78,8515.940806,13.101447
2094,UNS 2025-05-30,2025-01-01,7,Other,#808080,13,1937.864204,2.981330
2094,UNS 2025-05-30,2025-01-01,3,Plaid Cymru,#005B54,4,521.545689,0.802378
2094,UNS 2025-05-30,2025-01-01,2,Reform UK,#12B6CF,261,17628.749315,27.121153
2094,UNS 2025-05-30,2025-01-01,12,SDLP,#2AA82C,2,223.765468,0.344255
2094,UNS 2025-05-30,2025-01-01,8,Scottish National Party,#FFF95D,35,1728.479688,2.659200
2094,UNS 2025-05-30,2025-01-01,13,Sinn Féin,#326760,7,528.288985,0.812752
2094,UNS 2025-05-30,2025-01-01,11,Ulster Unionist Party,#48A5EE,1,229.851610,0.353618
2095,UNS 2025-05-31,2025-01-01,10,Alliance,#F6CB2F,1,295.139650,0.454061
2095,UNS 2025-05-31,2025-01-01,4,Conservative,#0087DC,66,12052.725278,18.542654
2095,UNS 2025-05-31,2025-01-01,9,Democratic Unionist Party,#D46A4C,6,436.075878,0.670886
2095,UNS 2025-05-31,2025-01-01,6,Green,#6AB023,4,6021.229815,9.263430
2095,UNS 2025-05-31,2025-01-01,1,Labour,#E4003B,172,14880.343616,22.892836
2095,UNS 2025-05-31,2025-01-01,5,Liberal Democrats,#FAA61A,78,8515.940806,13.101447
2095,UNS 2025-05-31,2025-01-01,7,Other,#808080,13,1937.864204,2.981330
2095,UNS 2025-05-31,2025-01-01,3,Plaid Cymru,#005B54,4,521.545689,0.802378
2095,UNS 2025-05-31,2025-01-01,2,Reform UK,#12B6CF,261,17628.749315,27.121153
2095,UNS 2025-05-31,2025-01-01,12,SDLP,#2AA82C,2,223.765468,0.344255
2095,UNS 2025-05-31,2025-01-01,8,Scottish National Party,#FFF95D,35,1728.479688,2.659200
2095,UNS 2025-05-31,2025-01-01,13,Sinn Féin,#326760,7,528.288985,0.812752
2095,UNS 2025-05-31,2025-01-01,11,Ulster Unionist Party,#48A5EE,1,229.851610,0.353618
2096,UNS 2025-06-01,2025-01-01,10,Alliance,#F6CB2F,1,295.139650,0.454061
2096,UNS 2025-06-01,2025-01-01,4,Conservative,#0087DC,66,12052.725278,18.542654
2096,UNS 2025-06-01,2025-01-01,9,Democratic Unionist Party,#D46A4C,6,436.075878,0.670886
2096,UNS 2025-06-01,2025-01-01,6,Green,#6AB023,4,6021.229815,9.263430
2096,UNS 2025-06-01,2025-01-01,1,Labour,#E4003B,172,14880.343616,22.892836
2096,UNS 2025-06-01,2025-01-01,5,Liberal Democrats,#FAA61A,78,8515.940806,13.101447
2096,UNS 2025-06-01,2025-01-01,7,Other,#808080,13,1937.864204,2.981330
2096,UNS 2025-06-01,2025-01-01,3,Plaid Cymru,#005B54,4,521.545689,0.802378
2096,UNS 2025-06-01,2025-01-01,2,Reform UK,#12B6CF,261,17628.749315,27.121153
2096,UNS 2025-06-01,2025-01-01,12,SDLP,#2AA82C,2,223.765468,0.344255
2096,UNS 2025-06-01,2025-01-01,8,Scottish National Party,#FFF95D,35,1728.479688,2.659200
2096,UNS 2025-06-01,2025-01-01,13,Sinn Féin,#326760,7,528.288985,0.812752
2096,UNS 2025-06-01,2025-01-01,11,Ulster Unionist Party,#48A5EE,1,229.851610,0.353618
2097,UNS 2025-06-02,2025-01-01,10,Alliance,#F6CB2F,1,295.139650,0.454061
2097,UNS 2025-06-02,2025-01-01,4,Conservative,#0087DC,67,12021.550516,18.494693
2097,UNS 2025-06-02,2025-01-01,9,Democratic Unionist Party,#D46A4C,6,436.075878,0.670886
2097,UNS 2025-06-02,2025-01-01,6,Green,#6AB023,4,5971.342696,9.186681
2097,UNS 2025-06-02,2025-01-01,1,Labour,#E4003B,171,14874.402433,22.883696
2097,UNS 2025-06-02,2025-01-01,5,Liberal Democrats,#FAA61A,78,8588.663599,13.213329
2097,UNS 2025-06-02,2025-01-01,7,Other,#808080,13,1932.589566,2.973215
2097,UNS 2025-06-02,2025-01-01,3,Plaid Cymru,#005B54,4,530.557041,0.816242
2097,UNS 2025-06-02,2025-01-01,2,Reform UK,#12B6CF,261,17631.910231,27.126016
2097,UNS 2025-06-02,2025-01-01,12,SDLP,#2AA82C,2,223.765468,0.344255
2097,UNS 2025-06-02,2025-01-01,8,Scottish National Party,#FFF95D,35,1735.862328,2.670557
2097,UNS 2025-06-02,2025-01-01,13,Sinn Féin,#326760,7,528.288985,0.812752
2097,UNS 2025-06-02,2025-01-01,11,Ulster Unionist Party,#48A5EE,1,229.851610,0.353618
2098,UNS 2025-06-03,2025-01-01,10,Alliance,#F6CB2F,1,295.139650,0.454061
2098,UNS 2025-06-03,2025-01-01,4,Conservative,#0087DC,67,12021.550516,18.494693
2098,UNS 2025-06-03,2025-01-01,9,Democratic Unionist Party,#D46A4C,6,436.075878,0.670886
2098,UNS 2025-06-03,2025-01-01,6,Green,#6AB023,4,5971.342696,9.186681
2098,UNS 2025-06-03,2025-01-01,1,Labour,#E4003B,171,14874.402433,22.883696
2098,UNS 2025-06-03,2025-01-01,5,Liberal Democrats,#FAA61A,78,8588.663599,13.213329
2098,UNS 2025-06-03,2025-01-01,7,Other,#808080,13,1932.589566,2.973215
2098,UNS 2025-06-03,2025-01-01,3,Plaid Cymru,#005B54,4,530.557041,0.816242
2098,UNS 2025-06-03,2025-01-01,2,Reform UK,#12B6CF,261,17631.910231,27.126016
2098,UNS 2025-06-03,2025-01-01,12,SDLP,#2AA82C,2,223.765468,0.344255
2098,UNS 2025-06-03,2025-01-01,8,Scottish National Party,#FFF95D,35,1735.862328,2.670557
2098,UNS 2025-06-03,2025-01-01,13,Sinn Féin,#326760,7,528.288985,0.812752
2098,UNS 2025-06-03,2025-01-01,11,Ulster Unionist Party,#48A5EE,1,229.851610,0.353618
2099,UNS 2025-06-04,2025-01-01,10,Alliance,#F6CB2F,1,295.139650,0.454061
2099,UNS 2025-06-04,2025-01-01,4,Conservative,#0087DC,66,11776.925223,18.118346
2099,UNS 2025-06-04,2025-01-01,9,Democratic Unionist Party,#D46A4C,6,436.075878,0.670886
2099,UNS 2025-06-04,2025-01-01,6,Green,#6AB023,4,6039.523547,9.291575
2099,UNS 2025-06-04,2025-01-01,1,Labour,#E4003B,180,15039.415273,23.137562
2099,UNS 2025-06-04,2025-01-01,5,Liberal Democrats,#FAA61A,78,8550.740518,13.154985
2099,UNS 2025-06-04,2025-01-01,7,Other,#808080,13,1932.570723,2.973186
2099,UNS 2025-06-04,2025-01-01,3,Plaid Cymru,#005B54,4,524.633135,0.807128
2099,UNS 2025-06-04,2025-01-01,2,Reform UK,#12B6CF,257,17747.447993,27.303766
2099,UNS 2025-06-04,2025-01-01,12,SDLP,#2AA82C,2,223.765468,0.344255
2099,UNS 2025-06-04,2025-01-01,8,Scottish National Party,#FFF95D,31,1675.621997,2.577880
2099,UNS 2025-06-04,2025-01-01,13,Sinn Féin,#326760,7,528.288985,0.812752
2099,UNS 2025-06-04,2025-01-01,11,Ulster Unionist Party,#48A5EE,1,229.851610,0.353618
2100,UNS 2025-06-05,2025-01-01,10,Alliance,#F6CB2F,1,295.139650,0.454061
2100,UNS 2025-06-05,2025-01-01,4,Conservative,#0087DC,66,11776.925223,18.118346
2100,UNS 2025-06-05,2025-01-01,9,Democratic Unionist Party,#D46A4C,6,436.075878,0.670886
2100,UNS 2025-06-05,2025-01-01,6,Green,#6AB023,4,6039.523547,9.291575
2100,UNS 2025-06-05,2025-01-01,1,Labour,#E4003B,180,15039.415273,23.137562
2100,UNS 2025-06-05,2025-01-01,5,Liberal Democrats,#FAA61A,78,8550.740518,13.154985
2100,UNS 2025-06-05,2025-01-01,7,Other,#808080,13,1932.570723,2.973186
2100,UNS 2025-06-05,2025-01-01,3,Plaid Cymru,#005B54,4,524.633135,0.807128
2100,UNS 2025-06-05,2025-01-01,2,Reform UK,#12B6CF,257,17747.447993,27.303766
2100,UNS 2025-06-05,2025-01-01,12,SDLP,#2AA82C,2,223.765468,0.344255
2100,UNS 2025-06-05,2025-01-01,8,Scottish National Party,#FFF95D,31,1675.621997,2.577880
2100,UNS 2025-06-05,2025-01-01,13,Sinn Féin,#326760,7,528.288985,0.812752
2100,UNS 2025-06-05,2025-01-01,11,Ulster Unionist Party,#48A5EE,1,229.851610,0.353618
2101,UNS 2025-06-06,2025-01-01,10,Alliance,#F6CB2F,1,295.139650,0.454061
2101,UNS 2025-06-06,2025-01-01,4,Conservative,#0087DC,66,11776.925223,18.118346
2101,UNS 2025-06-06,2025-01-01,9,Democratic Unionist Party,#D46A4C,6,436.075878,0.670886
2101,UNS 2025-06-06,2025-01-01,6,Green,#6AB023,4,6039.523547,9.291575
2101,UNS 2025-06-06,2025-01-01,1,Labour,#E4003B,180,15039.415273,23.137562
2101,UNS 2025-06-06,2025-01-01,5,Liberal Democrats,#FAA61A,78,8550.740518,13.154985
2101,UNS 2025-06-06,2025-01-01,7,Other,#808080,13,1932.570723,2.973186
2101,UNS 2025-06-06,2025-01-01,3,Plaid Cymru,#005B54,4,524.633135,0.807128
2101,UNS 2025-06-06,2025-01-01,2,Reform UK,#12B6CF,257,17747.447993,27.303766
2101,UNS 2025-06-06,2025-01-01,12,SDLP,#2AA82C,2,223.765468,0.344255
2101,UNS 2025-06-06,2025-01-01,8,Scottish National Party,#FFF95D,31,1675.621997,2.577880
2101,UNS 2025-06-06,2025-01-01,13,Sinn Féin,#326760,7,528.288985,0.812752
2101,UNS 2025-06-06,2025-01-01,11,Ulster Unionist Party,#48A5EE,1,229.851610,0.353618
2102,UNS 2025-06-07,2025-01-01,10,Alliance,#F6CB2F,1,295.139650,0.454061
2102,UNS 2025-06-07,2025-01-01,4,Conservative,#0087DC,63,11784.321215,18.129725
2102,UNS 2025-06-07,2025-01-01,9,Democratic Unionist Party,#D46A4C,6,436.075878,0.670886
2102,UNS 2025-06-07,2025-01-01,6,Green,#6AB023,4,5946.416369,9.148333
2102,UNS 2025-06-07,2025-01-01,1,Labour,#E4003B,180,15072.023412,23.187728
2102,UNS 2025-06-07,2025-01-01,5,Liberal Democrats,#FAA61A,78,8560.733559,13.170359
2102,UNS 2025-06-07,2025-01-01,7,Other,#808080,13,1940.428597,2.985275
2102,UNS 2025-06-07,2025-01-01,3,Plaid Cymru,#005B54,4,520.685706,0.801055
2102,UNS 2025-06-07,2025-01-01,2,Reform UK,#12B6CF,261,17790.992680,27.370758
2102,UNS 2025-06-07,2025-01-01,12,SDLP,#2AA82C,2,223.765468,0.344255
2102,UNS 2025-06-07,2025-01-01,8,Scottish National Party,#FFF95D,30,1671.276872,2.571195
2102,UNS 2025-06-07,2025-01-01,13,Sinn Féin,#326760,7,528.288985,0.812752
2102,UNS 2025-06-07,2025-01-01,11,Ulster Unionist Party,#48A5EE,1,229.851610,0.353618
2103,UNS 2025-06-08,2025-01-01,10,Alliance,#F6CB2F,1,295.139650,0.454061
2103,UNS 2025-06-08,2025-01-01,4,Conservative,#0087DC,63,11784.321215,18.129725
2103,UNS 2025-06-08,2025-01-01,9,Democratic Unionist Party,#D46A4C,6,436.075878,0.670886
2103,UNS 2025-06-08,2025-01-01,6,Green,#6AB023,4,5946.416369,9.148333
2103,UNS 2025-06-08,2025-01-01,1,Labour,#E4003B,180,15072.023412,23.187728
2103,UNS 2025-06-08,2025-01-01,5,Liberal Democrats,#FAA61A,78,8560.733559,13.170359
2103,UNS 2025-06-08,2025-01-01,7,Other,#808080,13,1940.428597,2.985275
2103,UNS 2025-06-08,2025-01-01,3,Plaid Cymru,#005B54,4,520.685706,0.801055
2103,UNS 2025-06-08,2025-01-01,2,Reform UK,#12B6CF,261,17790.992680,27.370758
2103,UNS 2025-06-08,2025-01-01,12,SDLP,#2AA82C,2,223.765468,0.344255
2103,UNS 2025-06-08,2025-01-01,8,Scottish National Party,#FFF95D,30,1671.276872,2.571195
2103,UNS 2025-06-08,2025-01-01,13,Sinn Féin,#326760,7,528.288985,0.812752
2103,UNS 2025-06-08,2025-01-01,11,Ulster Unionist Party,#48A5EE,1,229.851610,0.353618
2104,UNS 2025-06-09,2025-01-01,10,Alliance,#F6CB2F,1,295.139650,0.454061
2104,UNS 2025-06-09,2025-01-01,4,Conservative,#0087DC,62,11683.659039,17.974860
2104,UNS 2025-06-09,2025-01-01,9,Democratic Unionist Party,#D46A4C,6,436.075878,0.670886
2104,UNS 2025-06-09,2025-01-01,6,Green,#6AB023,4,5958.908716,9.167552
2104,UNS 2025-06-09,2025-01-01,1,Labour,#E4003B,181,15081.198245,23.201843
2104,UNS 2025-06-09,2025-01-01,5,Liberal Democrats,#FAA61A,78,8594.760046,13.222708
2104,UNS 2025-06-09,2025-01-01,7,Other,#808080,13,1911.921551,2.941418
2104,UNS 2025-06-09,2025-01-01,3,Plaid Cymru,#005B54,4,545.822359,0.839727
2104,UNS 2025-06-09,2025-01-01,2,Reform UK,#12B6CF,261,17829.098643,27.429383
2104,UNS 2025-06-09,2025-01-01,12,SDLP,#2AA82C,2,223.765468,0.344255
2104,UNS 2025-06-09,2025-01-01,8,Scottish National Party,#FFF95D,30,1681.509811,2.586938
2104,UNS 2025-06-09,2025-01-01,13,Sinn Féin,#326760,7,528.288985,0.812752
2104,UNS 2025-06-09,2025-01-01,11,Ulster Unionist Party,#48A5EE,1,229.851610,0.353618
2105,UNS 2025-06-10,2025-01-01,10,Alliance,#F6CB2F,1,295.139650,0.454061
2105,UNS 2025-06-10,2025-01-01,4,Conservative,#0087DC,62,11683.659039,17.974860
2105,UNS 2025-06-10,2025-01-01,9,Democratic Unionist Party,#D46A4C,6,436.075878,0.670886
2105,UNS 2025-06-10,2025-01-01,6,Green,#6AB023,4,5958.908716,9.167552
2105,UNS 2025-06-10,2025-01-01,1,Labour,#E4003B,181,15081.198245,23.201843
2105,UNS 2025-06-10,2025-01-01,5,Liberal Democrats,#FAA61A,78,8594.760046,13.222708
2105,UNS 2025-06-10,2025-01-01,7,Other,#808080,13,1911.921551,2.941418
2105,UNS 2025-06-10,2025-01-01,3,Plaid Cymru,#005B54,4,545.822359,0.839727
2105,UNS 2025-06-10,2025-01-01,2,Reform UK,#12B6CF,261,17829.098643,27.429383
2105,UNS 2025-06-10,2025-01-01,12,SDLP,#2AA82C,2,223.765468,0.344255
2105,UNS 2025-06-10,2025-01-01,8,Scottish National Party,#FFF95D,30,1681.509811,2.586938
2105,UNS 2025-06-10,2025-01-01,13,Sinn Féin,#326760,7,528.288985,0.812752
2105,UNS 2025-06-10,2025-01-01,11,Ulster Unionist Party,#48A5EE,1,229.851610,0.353618
2106,UNS 2025-06-11,2025-01-01,10,Alliance,#F6CB2F,1,294.865984,0.453640
2106,UNS 2025-06-11,2025-01-01,4,Conservative,#0087DC,62,11684.528565,17.976198
2106,UNS 2025-06-11,2025-01-01,9,Democratic Unionist Party,#D46A4C,6,435.715215,0.670331
2106,UNS 2025-06-11,2025-01-01,6,Green,#6AB023,4,5960.608617,9.170167
2106,UNS 2025-06-11,2025-01-01,1,Labour,#E4003B,183,15160.332103,23.323588
2106,UNS 2025-06-11,2025-01-01,5,Liberal Democrats,#FAA61A,78,8490.168162,13.061797
2106,UNS 2025-06-11,2025-01-01,7,Other,#808080,13,1899.532692,2.922358
2106,UNS 2025-06-11,2025-01-01,3,Plaid Cymru,#005B54,4,546.355078,0.840546
2106,UNS 2025-06-11,2025-01-01,2,Reform UK,#12B6CF,259,17857.822324,27.473573
2106,UNS 2025-06-11,2025-01-01,12,SDLP,#2AA82C,2,223.435189,0.343746
2106,UNS 2025-06-11,2025-01-01,8,Scottish National Party,#FFF95D,30,1689.290225,2.598908
2106,UNS 2025-06-11,2025-01-01,13,Sinn Féin,#326760,7,527.675982,0.811809
2106,UNS 2025-06-11,2025-01-01,11,Ulster Unionist Party,#48A5EE,1,229.669864,0.353338
2107,UNS 2025-06-12,2025-01-01,10,Alliance,#F6CB2F,1,294.865984,0.453640
2107,UNS 2025-06-12,2025-01-01,4,Conservative,#0087DC,62,11684.528565,17.976198
2107,UNS 2025-06-12,2025-01-01,9,Democratic Unionist Party,#D46A4C,6,435.715215,0.670331
2107,UNS 2025-06-12,2025-01-01,6,Green,#6AB023,4,5960.608617,9.170167
2107,UNS 2025-06-12,2025-01-01,1,Labour,#E4003B,183,15160.332103,23.323588
2107,UNS 2025-06-12,2025-01-01,5,Liberal Democrats,#FAA61A,78,8490.168162,13.061797
2107,UNS 2025-06-12,2025-01-01,7,Other,#808080,13,1899.532692,2.922358
2107,UNS 2025-06-12,2025-01-01,3,Plaid Cymru,#005B54,4,546.355078,0.840546
2107,UNS 2025-06-12,2025-01-01,2,Reform UK,#12B6CF,259,17857.822324,27.473573
2107,UNS 2025-06-12,2025-01-01,12,SDLP,#2AA82C,2,223.435189,0.343746
2107,UNS 2025-06-12,2025-01-01,8,Scottish National Party,#FFF95D,30,1689.290225,2.598908
2107,UNS 2025-06-12,2025-01-01,13,Sinn Féin,#326760,7,527.675982,0.811809
2107,UNS 2025-06-12,2025-01-01,11,Ulster Unionist Party,#48A5EE,1,229.669864,0.353338
2108,UNS 2025-06-13,2025-01-01,10,Alliance,#F6CB2F,1,294.865984,0.453640
2108,UNS 2025-06-13,2025-01-01,4,Conservative,#0087DC,62,11684.528565,17.976198
2108,UNS 2025-06-13,2025-01-01,9,Democratic Unionist Party,#D46A4C,6,435.715215,0.670331
2108,UNS 2025-06-13,2025-01-01,6,Green,#6AB023,4,5960.608617,9.170167
2108,UNS 2025-06-13,2025-01-01,1,Labour,#E4003B,183,15160.332103,23.323588
2108,UNS 2025-06-13,2025-01-01,5,Liberal Democrats,#FAA61A,78,8490.168162,13.061797
2108,UNS 2025-06-13,2025-01-01,7,Other,#808080,13,1899.532692,2.922358
2108,UNS 2025-06-13,2025-01-01,3,Plaid Cymru,#005B54,4,546.355078,0.840546
2108,UNS 2025-06-13,2025-01-01,2,Reform UK,#12B6CF,259,17857.822324,27.473573
2108,UNS 2025-06-13,2025-01-01,12,SDLP,#2AA82C,2,223.435189,0.343746
2108,UNS 2025-06-13,2025-01-01,8,Scottish National Party,#FFF95D,30,1689.290225,2.598908
2108,UNS 2025-06-13,2025-01-01,13,Sinn Féin,#326760,7,527.675982,0.811809
2108,UNS 2025-06-13,2025-01-01,11,Ulster Unionist Party,#48A5EE,1,229.669864,0.353338
2109,UNS 2025-06-14,2025-01-01,10,Alliance,#F6CB2F,1,294.865984,0.453640
2109,UNS 2025-06-14,2025-01-01,4,Conservative,#0087DC,62,11684.528565,17.976198
2109,UNS 2025-06-14,2025-01-01,9,Democratic Unionist Party,#D46A4C,6,435.715215,0.670331
2109,UNS 2025-06-14,2025-01-01,6,Green,#6AB023,4,5960.608617,9.170167
2109,UNS 2025-06-14,2025-01-01,1,Labour,#E4003B,183,15160.332103,23.323588
2109,UNS 2025-06-14,2025-01-01,5,Liberal Democrats,#FAA61A,78,8490.168162,13.061797
2109,UNS 2025-06-14,2025-01-01,7,Other,#808080,13,1899.532692,2.922358
2109,UNS 2025-06-14,2025-01-01,3,Plaid Cymru,#005B54,4,546.355078,0.840546
2109,UNS 2025-06-14,2025-01-01,2,Reform UK,#12B6CF,259,17857.822324,27.473573
2109,UNS 2025-06-14,2025-01-01,12,SDLP,#2AA82C,2,223.435189,0.343746
2109,UNS 2025-06-14,2025-01-01,8,Scottish National Party,#FFF95D,30,1689.290225,2.598908
2109,UNS 2025-06-14,2025-01-01,13,Sinn Féin,#326760,7,527.675982,0.811809
2109,UNS 2025-06-14,2025-01-01,11,Ulster Unionist Party,#48A5EE,1,229.669864,0.353338
2110,UNS 2025-06-15,2025-01-01,10,Alliance,#F6CB2F,1,294.865984,0.453640
2110,UNS 2025-06-15,2025-01-01,4,Conservative,#0087DC,62,11684.528565,17.976198
2110,UNS 2025-06-15,2025-01-01,9,Democratic Unionist Party,#D46A4C,6,435.715215,0.670331
2110,UNS 2025-06-15,2025-01-01,6,Green,#6AB023,4,5960.608617,9.170167
2110,UNS 2025-06-15,2025-01-01,1,Labour,#E4003B,183,15160.332103,23.323588
2110,UNS 2025-06-15,2025-01-01,5,Liberal Democrats,#FAA61A,78,8490.168162,13.061797
2110,UNS 2025-06-15,2025-01-01,7,Other,#808080,13,1899.532692,2.922358
2110,UNS 2025-06-15,2025-01-01,3,Plaid Cymru,#005B54,4,546.355078,0.840546
2110,UNS 2025-06-15,2025-01-01,2,Reform UK,#12B6CF,259,17857.822324,27.473573
2110,UNS 2025-06-15,2025-01-01,12,SDLP,#2AA82C,2,223.435189,0.343746
2110,UNS 2025-06-15,2025-01-01,8,Scottish National Party,#FFF95D,30,1689.290225,2.598908
2110,UNS 2025-06-15,2025-01-01,13,Sinn Féin,#326760,7,527.675982,0.811809
2110,UNS 2025-06-15,2025-01-01,11,Ulster Unionist Party,#48A5EE,1,229.669864,0.353338
2111,UNS 2025-06-16,2025-01-01,10,Alliance,#F6CB2F,1,294.886831,0.453672
2111,UNS 2025-06-16,2025-01-01,4,Conservative,#0087DC,61,11704.270136,18.006569
2111,UNS 2025-06-16,2025-01-01,9,Democratic Unionist Party,#D46A4C,6,435.742688,0.670373
2111,UNS 2025-06-16,2025-01-01,6,Green,#6AB023,4,5954.452536,9.160696
2111,UNS 2025-06-16,2025-01-01,1,Labour,#E4003B,180,15122.504249,23.265391
2111,UNS 2025-06-16,2025-01-01,5,Liberal Democrats,#FAA61A,78,8472.963554,13.035329
2111,UNS 2025-06-16,2025-01-01,7,Other,#808080,13,1924.408996,2.960629
2111,UNS 2025-06-16,2025-01-01,3,Plaid Cymru,#005B54,4,541.615545,0.833255
2111,UNS 2025-06-16,2025-01-01,2,Reform UK,#12B6CF,260,17823.823168,27.421266
2111,UNS 2025-06-16,2025-01-01,12,SDLP,#2AA82C,2,223.460348,0.343785
2111,UNS 2025-06-16,2025-01-01,8,Scottish National Party,#FFF95D,33,1744.465563,2.683793
2111,UNS 2025-06-16,2025-01-01,13,Sinn Féin,#326760,7,527.722677,0.811881
2111,UNS 2025-06-16,2025-01-01,11,Ulster Unionist Party,#48A5EE,1,229.683709,0.353360
2112,UNS 2025-06-17,2025-01-01,10,Alliance,#F6CB2F,1,294.886831,0.453672
2112,UNS 2025-06-17,2025-01-01,4,Conservative,#0087DC,61,11704.270136,18.006569
2112,UNS 2025-06-17,2025-01-01,9,Democratic Unionist Party,#D46A4C,6,435.742688,0.670373
2112,UNS 2025-06-17,2025-01-01,6,Green,#6AB023,4,5954.452536,9.160696
2112,UNS 2025-06-17,2025-01-01,1,Labour,#E4003B,180,15122.504249,23.265391
2112,UNS 2025-06-17,2025-01-01,5,Liberal Democrats,#FAA61A,78,8472.963554,13.035329
2112,UNS 2025-06-17,2025-01-01,7,Other,#808080,13,1924.408996,2.960629
2112,UNS 2025-06-17,2025-01-01,3,Plaid Cymru,#005B54,4,541.615545,0.833255
2112,UNS 2025-06-17,2025-01-01,2,Reform UK,#12B6CF,260,17823.823168,27.421266
2112,UNS 2025-06-17,2025-01-01,12,SDLP,#2AA82C,2,223.460348,0.343785
2112,UNS 2025-06-17,2025-01-01,8,Scottish National Party,#FFF95D,33,1744.465563,2.683793
2112,UNS 2025-06-17,2025-01-01,13,Sinn Féin,#326760,7,527.722677,0.811881
2112,UNS 2025-06-17,2025-01-01,11,Ulster Unionist Party,#48A5EE,1,229.683709,0.353360
2113,UNS 2025-06-18,2025-01-01,10,Alliance,#F6CB2F,1,294.905509,0.453701
2113,UNS 2025-06-18,2025-01-01,4,Conservative,#0087DC,59,11611.919308,17.864491
2113,UNS 2025-06-18,2025-01-01,9,Democratic Unionist Party,#D46A4C,6,435.767305,0.670411
2113,UNS 2025-06-18,2025-01-01,6,Green,#6AB023,5,6097.323059,9.380497
2113,UNS 2025-06-18,2025-01-01,1,Labour,#E4003B,186,15130.963480,23.278405
2113,UNS 2025-06-18,2025-01-01,5,Liberal Democrats,#FAA61A,78,8461.990435,13.018447
2113,UNS 2025-06-18,2025-01-01,7,Other,#808080,13,1919.453276,2.953005
2113,UNS 2025-06-18,2025-01-01,3,Plaid Cymru,#005B54,4,527.609337,0.811707
2113,UNS 2025-06-18,2025-01-01,2,Reform UK,#12B6CF,260,17859.154927,27.475623
2113,UNS 2025-06-18,2025-01-01,12,SDLP,#2AA82C,2,223.482891,0.343820
2113,UNS 2025-06-18,2025-01-01,8,Scottish National Party,#FFF95D,28,1679.969840,2.584569
2113,UNS 2025-06-18,2025-01-01,13,Sinn Féin,#326760,7,527.764517,0.811945
2113,UNS 2025-06-18,2025-01-01,11,Ulster Unionist Party,#48A5EE,1,229.696114,0.353379
2114,UNS 2025-06-19,2025-01-01,10,Alliance,#F6CB2F,1,294.905509,0.453701
2114,UNS 2025-06-19,2025-01-01,4,Conservative,#0087DC,59,11611.919308,17.864491
2114,UNS 2025-06-19,2025-01-01,9,Democratic Unionist Party,#D46A4C,6,435.767305,0.670411
2114,UNS 2025-06-19,2025-01-01,6,Green,#6AB023,5,6097.323059,9.380497
2114,UNS 2025-06-19,2025-01-01,1,Labour,#E4003B,186,15130.963480,23.278405
2114,UNS 2025-06-19,2025-01-01,5,Liberal Democrats,#FAA61A,78,8461.990435,13.018447
2114,UNS 2025-06-19,2025-01-01,7,Other,#808080,13,1919.453276,2.953005
2114,UNS 2025-06-19,2025-01-01,3,Plaid Cymru,#005B54,4,527.609337,0.811707
2114,UNS 2025-06-19,2025-01-01,2,Reform UK,#12B6CF,260,17859.154927,27.475623
2114,UNS 2025-06-19,2025-01-01,12,SDLP,#2AA82C,2,223.482891,0.343820
2114,UNS 2025-06-19,2025-01-01,8,Scottish National Party,#FFF95D,28,1679.969840,2.584569
2114,UNS 2025-06-19,2025-01-01,13,Sinn Féin,#326760,7,527.764517,0.811945
2114,UNS 2025-06-19,2025-01-01,11,Ulster Unionist Party,#48A5EE,1,229.696114,0.353379
2115,UNS 2025-06-20,2025-01-01,10,Alliance,#F6CB2F,1,294.905509,0.453701
2115,UNS 2025-06-20,2025-01-01,4,Conservative,#0087DC,59,11611.919308,17.864491
2115,UNS 2025-06-20,2025-01-01,9,Democratic Unionist Party,#D46A4C,6,435.767305,0.670411
2115,UNS 2025-06-20,2025-01-01,6,Green,#6AB023,5,6097.323059,9.380497
2115,UNS 2025-06-20,2025-01-01,1,Labour,#E4003B,186,15130.963480,23.278405
2115,UNS 2025-06-20,2025-01-01,5,Liberal Democrats,#FAA61A,78,8461.990435,13.018447
2115,UNS 2025-06-20,2025-01-01,7,Other,#808080,13,1919.453276,2.953005
2115,UNS 2025-06-20,2025-01-01,3,Plaid Cymru,#005B54,4,527.609337,0.811707
2115,UNS 2025-06-20,2025-01-01,2,Reform UK,#12B6CF,260,17859.154927,27.475623
2115,UNS 2025-06-20,2025-01-01,12,SDLP,#2AA82C,2,223.482891,0.343820
2115,UNS 2025-06-20,2025-01-01,8,Scottish National Party,#FFF95D,28,1679.969840,2.584569
2115,UNS 2025-06-20,2025-01-01,13,Sinn Féin,#326760,7,527.764517,0.811945
2115,UNS 2025-06-20,2025-01-01,11,Ulster Unionist Party,#48A5EE,1,229.696114,0.353379
2116,UNS 2025-06-21,2025-01-01,10,Alliance,#F6CB2F,1,294.905509,0.453701
2116,UNS 2025-06-21,2025-01-01,4,Conservative,#0087DC,59,11611.919308,17.864491
2116,UNS 2025-06-21,2025-01-01,9,Democratic Unionist Party,#D46A4C,6,435.767305,0.670411
2116,UNS 2025-06-21,2025-01-01,6,Green,#6AB023,5,6097.323059,9.380497
2116,UNS 2025-06-21,2025-01-01,1,Labour,#E4003B,186,15130.963480,23.278405
2116,UNS 2025-06-21,2025-01-01,5,Liberal Democrats,#FAA61A,78,8461.990435,13.018447
2116,UNS 2025-06-21,2025-01-01,7,Other,#808080,13,1919.453276,2.953005
2116,UNS 2025-06-21,2025-01-01,3,Plaid Cymru,#005B54,4,527.609337,0.811707
2116,UNS 2025-06-21,2025-01-01,2,Reform UK,#12B6CF,260,17859.154927,27.475623
2116,UNS 2025-06-21,2025-01-01,12,SDLP,#2AA82C,2,223.482891,0.343820
2116,UNS 2025-06-21,2025-01-01,8,Scottish National Party,#FFF95D,28,1679.969840,2.584569
2116,UNS 2025-06-21,2025-01-01,13,Sinn Féin,#326760,7,527.764517,0.811945
2116,UNS 2025-06-21,2025-01-01,11,Ulster Unionist Party,#48A5EE,1,229.696114,0.353379
2117,UNS 2025-06-22,2025-01-01,10,Alliance,#F6CB2F,1,294.905509,0.453701
2117,UNS 2025-06-22,2025-01-01,4,Conservative,#0087DC,59,11611.919308,17.864491
2117,UNS 2025-06-22,2025-01-01,9,Democratic Unionist Party,#D46A4C,6,435.767305,0.670411
2117,UNS 2025-06-22,2025-01-01,6,Green,#6AB023,5,6097.323059,9.380497
2117,UNS 2025-06-22,2025-01-01,1,Labour,#E4003B,186,15130.963480,23.278405
2117,UNS 2025-06-22,2025-01-01,5,Liberal Democrats,#FAA61A,78,8461.990435,13.018447
2117,UNS 2025-06-22,2025-01-01,7,Other,#808080,13,1919.453276,2.953005
2117,UNS 2025-06-22,2025-01-01,3,Plaid Cymru,#005B54,4,527.609337,0.811707
2117,UNS 2025-06-22,2025-01-01,2,Reform UK,#12B6CF,260,17859.154927,27.475623
2117,UNS 2025-06-22,2025-01-01,12,SDLP,#2AA82C,2,223.482891,0.343820
2117,UNS 2025-06-22,2025-01-01,8,Scottish National Party,#FFF95D,28,1679.969840,2.584569
2117,UNS 2025-06-22,2025-01-01,13,Sinn Féin,#326760,7,527.764517,0.811945
2117,UNS 2025-06-22,2025-01-01,11,Ulster Unionist Party,#48A5EE,1,229.696114,0.353379
2118,UNS 2025-06-23,2025-01-01,10,Alliance,#F6CB2F,1,294.923440,0.453728
2118,UNS 2025-06-23,2025-01-01,4,Conservative,#0087DC,60,11605.934322,17.855284
2118,UNS 2025-06-23,2025-01-01,9,Democratic Unionist Party,#D46A4C,6,435.790936,0.670448
2118,UNS 2025-06-23,2025-01-01,6,Green,#6AB023,5,6085.672555,9.362573
2118,UNS 2025-06-23,2025-01-01,1,Labour,#E4003B,185,15127.777636,23.273504
2118,UNS 2025-06-23,2025-01-01,5,Liberal Democrats,#FAA61A,78,8508.760342,13.090401
2118,UNS 2025-06-23,2025-01-01,7,Other,#808080,13,1932.523986,2.973114
2118,UNS 2025-06-23,2025-01-01,3,Plaid Cymru,#005B54,4,549.417335,0.845257
2118,UNS 2025-06-23,2025-01-01,2,Reform UK,#12B6CF,260,17776.131753,27.347895
2118,UNS 2025-06-23,2025-01-01,12,SDLP,#2AA82C,2,223.504531,0.343853
2118,UNS 2025-06-23,2025-01-01,8,Scottish National Party,#FFF95D,28,1702.050462,2.618539
2118,UNS 2025-06-23,2025-01-01,13,Sinn Féin,#326760,7,527.804681,0.812007
2118,UNS 2025-06-23,2025-01-01,11,Ulster Unionist Party,#48A5EE,1,229.708021,0.353397
2119,UNS 2025-06-24,2025-01-01,10,Alliance,#F6CB2F,1,294.923440,0.453728
2119,UNS 2025-06-24,2025-01-01,4,Conservative,#0087DC,60,11605.934322,17.855284
2119,UNS 2025-06-24,2025-01-01,9,Democratic Unionist Party,#D46A4C,6,435.790936,0.670448
2119,UNS 2025-06-24,2025-01-01,6,Green,#6AB023,5,6085.672555,9.362573
2119,UNS 2025-06-24,2025-01-01,1,Labour,#E4003B,185,15127.777636,23.273504
2119,UNS 2025-06-24,2025-01-01,5,Liberal Democrats,#FAA61A,78,8508.760342,13.090401
2119,UNS 2025-06-24,2025-01-01,7,Other,#808080,13,1932.523986,2.973114
2119,UNS 2025-06-24,2025-01-01,3,Plaid Cymru,#005B54,4,549.417335,0.845257
2119,UNS 2025-06-24,2025-01-01,2,Reform UK,#12B6CF,260,17776.131753,27.347895
2119,UNS 2025-06-24,2025-01-01,12,SDLP,#2AA82C,2,223.504531,0.343853
2119,UNS 2025-06-24,2025-01-01,8,Scottish National Party,#FFF95D,28,1702.050462,2.618539
2119,UNS 2025-06-24,2025-01-01,13,Sinn Féin,#326760,7,527.804681,0.812007
2119,UNS 2025-06-24,2025-01-01,11,Ulster Unionist Party,#48A5EE,1,229.708021,0.353397
2120,UNS 2025-06-25,2025-01-01,10,Alliance,#F6CB2F,1,294.953326,0.453774
2120,UNS 2025-06-25,2025-01-01,4,Conservative,#0087DC,58,11572.108119,17.803243
2120,UNS 2025-06-25,2025-01-01,9,Democratic Unionist Party,#D46A4C,6,435.830323,0.670508
2120,UNS 2025-06-25,2025-01-01,6,Green,#6AB023,5,6040.300582,9.292770
2120,UNS 2025-06-25,2025-01-01,1,Labour,#E4003B,183,15182.053812,23.357006
2120,UNS 2025-06-25,2025-01-01,5,Liberal Democrats,#FAA61A,77,8406.308697,12.932783
2120,UNS 2025-06-25,2025-01-01,7,Other,#808080,12,1917.184767,2.949515
2120,UNS 2025-06-25,2025-01-01,3,Plaid Cymru,#005B54,4,557.747124,0.858072
2120,UNS 2025-06-25,2025-01-01,2,Reform UK,#12B6CF,264,17898.119564,27.535569
2120,UNS 2025-06-25,2025-01-01,12,SDLP,#2AA82C,2,223.540601,0.343909
2120,UNS 2025-06-25,2025-01-01,8,Scottish National Party,#FFF95D,30,1714.253588,2.637313
2120,UNS 2025-06-25,2025-01-01,13,Sinn Féin,#326760,7,527.871626,0.812110
2120,UNS 2025-06-25,2025-01-01,11,Ulster Unionist Party,#48A5EE,1,229.727870,0.353427
2121,UNS 2025-06-26,2025-01-01,10,Alliance,#F6CB2F,1,294.953326,0.453774
2121,UNS 2025-06-26,2025-01-01,4,Conservative,#0087DC,58,11572.108119,17.803243
2121,UNS 2025-06-26,2025-01-01,9,Democratic Unionist Party,#D46A4C,6,435.830323,0.670508
2121,UNS 2025-06-26,2025-01-01,6,Green,#6AB023,5,6040.300582,9.292770
2121,UNS 2025-06-26,2025-01-01,1,Labour,#E4003B,183,15182.053812,23.357006
2121,UNS 2025-06-26,2025-01-01,5,Liberal Democrats,#FAA61A,77,8406.308697,12.932783
2121,UNS 2025-06-26,2025-01-01,7,Other,#808080,12,1917.184767,2.949515
2121,UNS 2025-06-26,2025-01-01,3,Plaid Cymru,#005B54,4,557.747124,0.858072
2121,UNS 2025-06-26,2025-01-01,2,Reform UK,#12B6CF,264,17898.119564,27.535569
2121,UNS 2025-06-26,2025-01-01,12,SDLP,#2AA82C,2,223.540601,0.343909
2121,UNS 2025-06-26,2025-01-01,8,Scottish National Party,#FFF95D,30,1714.253588,2.637313
2121,UNS 2025-06-26,2025-01-01,13,Sinn Féin,#326760,7,527.871626,0.812110
2121,UNS 2025-06-26,2025-01-01,11,Ulster Unionist Party,#48A5EE,1,229.727870,0.353427
2122,UNS 2025-06-27,2025-01-01,10,Alliance,#F6CB2F,1,294.953326,0.453774
2122,UNS 2025-06-27,2025-01-01,4,Conservative,#0087DC,58,11572.108119,17.803243
2122,UNS 2025-06-27,2025-01-01,9,Democratic Unionist Party,#D46A4C,6,435.830323,0.670508
2122,UNS 2025-06-27,2025-01-01,6,Green,#6AB023,5,6040.300582,9.292770
2122,UNS 2025-06-27,2025-01-01,1,Labour,#E4003B,183,15182.053812,23.357006
2122,UNS 2025-06-27,2025-01-01,5,Liberal Democrats,#FAA61A,77,8406.308697,12.932783
2122,UNS 2025-06-27,2025-01-01,7,Other,#808080,12,1917.184767,2.949515
2122,UNS 2025-06-27,2025-01-01,3,Plaid Cymru,#005B54,4,557.747124,0.858072
2122,UNS 2025-06-27,2025-01-01,2,Reform UK,#12B6CF,264,17898.119564,27.535569
2122,UNS 2025-06-27,2025-01-01,12,SDLP,#2AA82C,2,223.540601,0.343909
2122,UNS 2025-06-27,2025-01-01,8,Scottish National Party,#FFF95D,30,1714.253588,2.637313
2122,UNS 2025-06-27,2025-01-01,13,Sinn Féin,#326760,7,527.871626,0.812110
2122,UNS 2025-06-27,2025-01-01,11,Ulster Unionist Party,#48A5EE,1,229.727870,0.353427
2123,UNS 2025-06-28,2025-01-01,10,Alliance,#F6CB2F,1,294.953326,0.453774
2123,UNS 2025-06-28,2025-01-01,4,Conservative,#0087DC,58,11572.108119,17.803243
2123,UNS 2025-06-28,2025-01-01,9,Democratic Unionist Party,#D46A4C,6,435.830323,0.670508
2123,UNS 2025-06-28,2025-01-01,6,Green,#6AB023,5,6040.300582,9.292770
2123,UNS 2025-06-28,2025-01-01,1,Labour,#E4003B,183,15182.053812,23.357006
2123,UNS 2025-06-28,2025-01-01,5,Liberal Democrats,#FAA61A,77,8406.308697,12.932783
2123,UNS 2025-06-28,2025-01-01,7,Other,#808080,12,1917.184767,2.949515
2123,UNS 2025-06-28,2025-01-01,3,Plaid Cymru,#005B54,4,557.747124,0.858072
2123,UNS 2025-06-28,2025-01-01,2,Reform UK,#12B6CF,264,17898.119564,27.535569
2123,UNS 2025-06-28,2025-01-01,12,SDLP,#2AA82C,2,223.540601,0.343909
2123,UNS 2025-06-28,2025-01-01,8,Scottish National Party,#FFF95D,30,1714.253588,2.637313
2123,UNS 2025-06-28,2025-01-01,13,Sinn Féin,#326760,7,527.871626,0.812110
2123,UNS 2025-06-28,2025-01-01,11,Ulster Unionist Party,#48A5EE,1,229.727870,0.353427
2124,UNS 2025-06-29,2025-01-01,10,Alliance,#F6CB2F,1,294.953326,0.453774
2124,UNS 2025-06-29,2025-01-01,4,Conservative,#0087DC,58,11572.108119,17.803243
2124,UNS 2025-06-29,2025-01-01,9,Democratic Unionist Party,#D46A4C,6,435.830323,0.670508
2124,UNS 2025-06-29,2025-01-01,6,Green,#6AB023,5,6040.300582,9.292770
2124,UNS 2025-06-29,2025-01-01,1,Labour,#E4003B,183,15182.053812,23.357006
2124,UNS 2025-06-29,2025-01-01,5,Liberal Democrats,#FAA61A,77,8406.308697,12.932783
2124,UNS 2025-06-29,2025-01-01,7,Other,#808080,12,1917.184767,2.949515
2124,UNS 2025-06-29,2025-01-01,3,Plaid Cymru,#005B54,4,557.747124,0.858072
2124,UNS 2025-06-29,2025-01-01,2,Reform UK,#12B6CF,264,17898.119564,27.535569
2124,UNS 2025-06-29,2025-01-01,12,SDLP,#2AA82C,2,223.540601,0.343909
2124,UNS 2025-06-29,2025-01-01,8,Scottish National Party,#FFF95D,30,1714.253588,2.637313
2124,UNS 2025-06-29,2025-01-01,13,Sinn Féin,#326760,7,527.871626,0.812110
2124,UNS 2025-06-29,2025-01-01,11,Ulster Unionist Party,#48A5EE,1,229.727870,0.353427
2125,UNS 2025-06-30,2025-01-01,10,Alliance,#F6CB2F,1,294.966740,0.453795
2125,UNS 2025-06-30,2025-01-01,4,Conservative,#0087DC,60,11526.860872,17.733632
2125,UNS 2025-06-30,2025-01-01,9,Democratic Unionist Party,#D46A4C,6,435.848002,0.670535
2125,UNS 2025-06-30,2025-01-01,6,Green,#6AB023,5,6060.452912,9.323774
2125,UNS 2025-06-30,2025-01-01,1,Labour,#E4003B,184,15199.787173,23.384288
2125,UNS 2025-06-30,2025-01-01,5,Liberal Democrats,#FAA61A,78,8369.460938,12.876094
2125,UNS 2025-06-30,2025-01-01,7,Other,#808080,13,1974.694736,3.037992
2125,UNS 2025-06-30,2025-01-01,3,Plaid Cymru,#005B54,4,560.828369,0.862813
2125,UNS 2025-06-30,2025-01-01,2,Reform UK,#12B6CF,259,17878.301488,27.505079
2125,UNS 2025-06-30,2025-01-01,12,SDLP,#2AA82C,2,223.556790,0.343934
2125,UNS 2025-06-30,2025-01-01,8,Scottish National Party,#FFF95D,30,1717.603529,2.642467
2125,UNS 2025-06-30,2025-01-01,13,Sinn Féin,#326760,7,527.901674,0.812156
2125,UNS 2025-06-30,2025-01-01,11,Ulster Unionist Party,#48A5EE,1,229.736778,0.353441
2126,UNS 2025-07-01,2025-01-01,10,Alliance,#F6CB2F,1,294.966740,0.453795
2126,UNS 2025-07-01,2025-01-01,4,Conservative,#0087DC,60,11526.860872,17.733632
2126,UNS 2025-07-01,2025-01-01,9,Democratic Unionist Party,#D46A4C,6,435.848002,0.670535
2126,UNS 2025-07-01,2025-01-01,6,Green,#6AB023,5,6060.452912,9.323774
2126,UNS 2025-07-01,2025-01-01,1,Labour,#E4003B,184,15199.787173,23.384288
2126,UNS 2025-07-01,2025-01-01,5,Liberal Democrats,#FAA61A,78,8369.460938,12.876094
2126,UNS 2025-07-01,2025-01-01,7,Other,#808080,13,1974.694736,3.037992
2126,UNS 2025-07-01,2025-01-01,3,Plaid Cymru,#005B54,4,560.828369,0.862813
2126,UNS 2025-07-01,2025-01-01,2,Reform UK,#12B6CF,259,17878.301488,27.505079
2126,UNS 2025-07-01,2025-01-01,12,SDLP,#2AA82C,2,223.556790,0.343934
2126,UNS 2025-07-01,2025-01-01,8,Scottish National Party,#FFF95D,30,1717.603529,2.642467
2126,UNS 2025-07-01,2025-01-01,13,Sinn Féin,#326760,7,527.901674,0.812156
2126,UNS 2025-07-01,2025-01-01,11,Ulster Unionist Party,#48A5EE,1,229.736778,0.353441
2127,UNS 2025-07-02,2025-01-01,10,Alliance,#F6CB2F,1,294.978863,0.453814
2127,UNS 2025-07-02,2025-01-01,4,Conservative,#0087DC,58,11457.420882,17.626801
2127,UNS 2025-07-02,2025-01-01,9,Democratic Unionist Party,#D46A4C,6,435.863979,0.670560
2127,UNS 2025-07-02,2025-01-01,6,Green,#6AB023,5,6091.603937,9.371698
2127,UNS 2025-07-02,2025-01-01,1,Labour,#E4003B,185,15146.148538,23.301767
2127,UNS 2025-07-02,2025-01-01,5,Liberal Democrats,#FAA61A,78,8388.333478,12.905128
2127,UNS 2025-07-02,2025-01-01,7,Other,#808080,13,1975.446405,3.039148
2127,UNS 2025-07-02,2025-01-01,3,Plaid Cymru,#005B54,4,565.839189,0.870522
2127,UNS 2025-07-02,2025-01-01,2,Reform UK,#12B6CF,262,17948.459142,27.613014
2127,UNS 2025-07-02,2025-01-01,12,SDLP,#2AA82C,2,223.571421,0.343956
2127,UNS 2025-07-02,2025-01-01,8,Scottish National Party,#FFF95D,28,1714.660506,2.637939
2127,UNS 2025-07-02,2025-01-01,13,Sinn Féin,#326760,7,527.928829,0.812198
2127,UNS 2025-07-02,2025-01-01,11,Ulster Unionist Party,#48A5EE,1,229.744829,0.353454
2128,UNS 2025-07-03,2025-01-01,10,Alliance,#F6CB2F,1,294.978863,0.453814
2128,UNS 2025-07-03,2025-01-01,4,Conservative,#0087DC,58,11457.420882,17.626801
2128,UNS 2025-07-03,2025-01-01,9,Democratic Unionist Party,#D46A4C,6,435.863979,0.670560
2128,UNS 2025-07-03,2025-01-01,6,Green,#6AB023,5,6091.603937,9.371698
2128,UNS 2025-07-03,2025-01-01,1,Labour,#E4003B,185,15146.148538,23.301767
2128,UNS 2025-07-03,2025-01-01,5,Liberal Democrats,#FAA61A,78,8388.333478,12.905128
2128,UNS 2025-07-03,2025-01-01,7,Other,#808080,13,1975.446405,3.039148
2128,UNS 2025-07-03,2025-01-01,3,Plaid Cymru,#005B54,4,565.839189,0.870522
2128,UNS 2025-07-03,2025-01-01,2,Reform UK,#12B6CF,262,17948.459142,27.613014
2128,UNS 2025-07-03,2025-01-01,12,SDLP,#2AA82C,2,223.571421,0.343956
2128,UNS 2025-07-03,2025-01-01,8,Scottish National Party,#FFF95D,28,1714.660506,2.637939
2128,UNS 2025-07-03,2025-01-01,13,Sinn Féin,#326760,7,527.928829,0.812198
2128,UNS 2025-07-03,2025-01-01,11,Ulster Unionist Party,#48A5EE,1,229.744829,0.353454
2129,UNS 2025-07-04,2025-01-01,10,Alliance,#F6CB2F,1,294.978863,0.453814
2129,UNS 2025-07-04,2025-01-01,4,Conservative,#0087DC,58,11457.420882,17.626801
2129,UNS 2025-07-04,2025-01-01,9,Democratic Unionist Party,#D46A4C,6,435.863979,0.670560
2129,UNS 2025-07-04,2025-01-01,6,Green,#6AB023,5,6091.603937,9.371698
2129,UNS 2025-07-04,2025-01-01,1,Labour,#E4003B,185,15146.148538,23.301767
2129,UNS 2025-07-04,2025-01-01,5,Liberal Democrats,#FAA61A,78,8388.333478,12.905128
2129,UNS 2025-07-04,2025-01-01,7,Other,#808080,13,1975.446405,3.039148
2129,UNS 2025-07-04,2025-01-01,3,Plaid Cymru,#005B54,4,565.839189,0.870522
2129,UNS 2025-07-04,2025-01-01,2,Reform UK,#12B6CF,262,17948.459142,27.613014
2129,UNS 2025-07-04,2025-01-01,12,SDLP,#2AA82C,2,223.571421,0.343956
2129,UNS 2025-07-04,2025-01-01,8,Scottish National Party,#FFF95D,28,1714.660506,2.637939
2129,UNS 2025-07-04,2025-01-01,13,Sinn Féin,#326760,7,527.928829,0.812198
2129,UNS 2025-07-04,2025-01-01,11,Ulster Unionist Party,#48A5EE,1,229.744829,0.353454
2130,UNS 2025-07-05,2025-01-01,10,Alliance,#F6CB2F,1,294.978863,0.453814
2130,UNS 2025-07-05,2025-01-01,4,Conservative,#0087DC,58,11457.420882,17.626801
2130,UNS 2025-07-05,2025-01-01,9,Democratic Unionist Party,#D46A4C,6,435.863979,0.670560
2130,UNS 2025-07-05,2025-01-01,6,Green,#6AB023,5,6091.603937,9.371698
2130,UNS 2025-07-05,2025-01-01,1,Labour,#E4003B,185,15146.148538,23.301767
2130,UNS 2025-07-05,2025-01-01,5,Liberal Democrats,#FAA61A,78,8388.333478,12.905128
2130,UNS 2025-07-05,2025-01-01,7,Other,#808080,13,1975.446405,3.039148
2130,UNS 2025-07-05,2025-01-01,3,Plaid Cymru,#005B54,4,565.839189,0.870522
2130,UNS 2025-07-05,2025-01-01,2,Reform UK,#12B6CF,262,17948.459142,27.613014
2130,UNS 2025-07-05,2025-01-01,12,SDLP,#2AA82C,2,223.571421,0.343956
2130,UNS 2025-07-05,2025-01-01,8,Scottish National Party,#FFF95D,28,1714.660506,2.637939
2130,UNS 2025-07-05,2025-01-01,13,Sinn Féin,#326760,7,527.928829,0.812198
2130,UNS 2025-07-05,2025-01-01,11,Ulster Unionist Party,#48A5EE,1,229.744829,0.353454
2131,UNS 2025-07-06,2025-01-01,10,Alliance,#F6CB2F,1,294.978863,0.453814
2131,UNS 2025-07-06,2025-01-01,4,Conservative,#0087DC,58,11457.420882,17.626801
2131,UNS 2025-07-06,2025-01-01,9,Democratic Unionist Party,#D46A4C,6,435.863979,0.670560
2131,UNS 2025-07-06,2025-01-01,6,Green,#6AB023,5,6091.603937,9.371698
2131,UNS 2025-07-06,2025-01-01,1,Labour,#E4003B,185,15146.148538,23.301767
2131,UNS 2025-07-06,2025-01-01,5,Liberal Democrats,#FAA61A,78,8388.333478,12.905128
2131,UNS 2025-07-06,2025-01-01,7,Other,#808080,13,1975.446405,3.039148
2131,UNS 2025-07-06,2025-01-01,3,Plaid Cymru,#005B54,4,565.839189,0.870522
2131,UNS 2025-07-06,2025-01-01,2,Reform UK,#12B6CF,262,17948.459142,27.613014
2131,UNS 2025-07-06,2025-01-01,12,SDLP,#2AA82C,2,223.571421,0.343956
2131,UNS 2025-07-06,2025-01-01,8,Scottish National Party,#FFF95D,28,1714.660506,2.637939
2131,UNS 2025-07-06,2025-01-01,13,Sinn Féin,#326760,7,527.928829,0.812198
2131,UNS 2025-07-06,2025-01-01,11,Ulster Unionist Party,#48A5EE,1,229.744829,0.353454
2132,UNS 2025-07-07,2025-01-01,10,Alliance,#F6CB2F,1,294.978863,0.453814
2132,UNS 2025-07-07,2025-01-01,4,Conservative,#0087DC,59,11409.861324,17.553633
2132,UNS 2025-07-07,2025-01-01,9,Democratic Unionist Party,#D46A4C,6,435.863979,0.670560
2132,UNS 2025-07-07,2025-01-01,6,Green,#6AB023,5,6140.686394,9.447210
2132,UNS 2025-07-07,2025-01-01,1,Labour,#E4003B,186,15140.494408,23.293068
2132,UNS 2025-07-07,2025-01-01,5,Liberal Democrats,#FAA61A,78,8412.277857,12.941966
2132,UNS 2025-07-07,2025-01-01,7,Other,#808080,13,1991.778256,3.064274
2132,UNS 2025-07-07,2025-01-01,3,Plaid Cymru,#005B54,4,540.157715,0.831012
2132,UNS 2025-07-07,2025-01-01,2,Reform UK,#12B6CF,264,18014.343517,27.714375
2132,UNS 2025-07-07,2025-01-01,12,SDLP,#2AA82C,2,223.571421,0.343956
2132,UNS 2025-07-07,2025-01-01,8,Scottish National Party,#FFF95D,24,1638.312608,2.520481
2132,UNS 2025-07-07,2025-01-01,13,Sinn Féin,#326760,7,527.928829,0.812198
2132,UNS 2025-07-07,2025-01-01,11,Ulster Unionist Party,#48A5EE,1,229.744829,0.353454
2133,UNS 2025-07-08,2025-01-01,10,Alliance,#F6CB2F,1,294.978863,0.453814
2133,UNS 2025-07-08,2025-01-01,4,Conservative,#0087DC,59,11409.861324,17.553633
2133,UNS 2025-07-08,2025-01-01,9,Democratic Unionist Party,#D46A4C,6,435.863979,0.670560
2133,UNS 2025-07-08,2025-01-01,6,Green,#6AB023,5,6140.686394,9.447210
2133,UNS 2025-07-08,2025-01-01,1,Labour,#E4003B,186,15140.494408,23.293068
2133,UNS 2025-07-08,2025-01-01,5,Liberal Democrats,#FAA61A,78,8412.277857,12.941966
2133,UNS 2025-07-08,2025-01-01,7,Other,#808080,13,1991.778256,3.064274
2133,UNS 2025-07-08,2025-01-01,3,Plaid Cymru,#005B54,4,540.157715,0.831012
2133,UNS 2025-07-08,2025-01-01,2,Reform UK,#12B6CF,264,18014.343517,27.714375
2133,UNS 2025-07-08,2025-01-01,12,SDLP,#2AA82C,2,223.571421,0.343956
2133,UNS 2025-07-08,2025-01-01,8,Scottish National Party,#FFF95D,24,1638.312608,2.520481
2133,UNS 2025-07-08,2025-01-01,13,Sinn Féin,#326760,7,527.928829,0.812198
2133,UNS 2025-07-08,2025-01-01,11,Ulster Unionist Party,#48A5EE,1,229.744829,0.353454
2134,UNS 2025-07-09,2025-01-01,10,Alliance,#F6CB2F,1,294.991106,0.453832
2134,UNS 2025-07-09,2025-01-01,4,Conservative,#0087DC,58,11408.851107,17.552079
2134,UNS 2025-07-09,2025-01-01,9,Democratic Unionist Party,#D46A4C,6,435.880114,0.670585
2134,UNS 2025-07-09,2025-01-01,6,Green,#6AB023,5,6121.485275,9.417670
2134,UNS 2025-07-09,2025-01-01,1,Labour,#E4003B,182,15092.269916,23.218877
2134,UNS 2025-07-09,2025-01-01,5,Liberal Democrats,#FAA61A,78,8364.615919,12.868640
2134,UNS 2025-07-09,2025-01-01,7,Other,#808080,13,2010.715917,3.093409
2134,UNS 2025-07-09,2025-01-01,3,Plaid Cymru,#005B54,5,544.859563,0.838245
2134,UNS 2025-07-09,2025-01-01,2,Reform UK,#12B6CF,268,18120.327547,27.877427
2134,UNS 2025-07-09,2025-01-01,12,SDLP,#2AA82C,2,223.586197,0.343979
2134,UNS 2025-07-09,2025-01-01,8,Scottish National Party,#FFF95D,24,1624.708126,2.499551
2134,UNS 2025-07-09,2025-01-01,13,Sinn Féin,#326760,7,527.956253,0.812240
2134,UNS 2025-07-09,2025-01-01,11,Ulster Unionist Party,#48A5EE,1,229.752960,0.353466
2135,UNS 2025-07-10,2025-01-01,10,Alliance,#F6CB2F,1,294.991106,0.453832
2135,UNS 2025-07-10,2025-01-01,4,Conservative,#0087DC,58,11408.851107,17.552079
2135,UNS 2025-07-10,2025-01-01,9,Democratic Unionist Party,#D46A4C,6,435.880114,0.670585
2135,UNS 2025-07-10,2025-01-01,6,Green,#6AB023,5,6121.485275,9.417670
2135,UNS 2025-07-10,2025-01-01,1,Labour,#E4003B,182,15092.269916,23.218877
2135,UNS 2025-07-10,2025-01-01,5,Liberal Democrats,#FAA61A,78,8364.615919,12.868640
2135,UNS 2025-07-10,2025-01-01,7,Other,#808080,13,2010.715917,3.093409
2135,UNS 2025-07-10,2025-01-01,3,Plaid Cymru,#005B54,5,544.859563,0.838245
2135,UNS 2025-07-10,2025-01-01,2,Reform UK,#12B6CF,268,18120.327547,27.877427
2135,UNS 2025-07-10,2025-01-01,12,SDLP,#2AA82C,2,223.586197,0.343979
2135,UNS 2025-07-10,2025-01-01,8,Scottish National Party,#FFF95D,24,1624.708126,2.499551
2135,UNS 2025-07-10,2025-01-01,13,Sinn Féin,#326760,7,527.956253,0.812240
2135,UNS 2025-07-10,2025-01-01,11,Ulster Unionist Party,#48A5EE,1,229.752960,0.353466
2136,UNS 2025-07-11,2025-01-01,10,Alliance,#F6CB2F,1,294.991106,0.453832
2136,UNS 2025-07-11,2025-01-01,4,Conservative,#0087DC,58,11408.851107,17.552079
2136,UNS 2025-07-11,2025-01-01,9,Democratic Unionist Party,#D46A4C,6,435.880114,0.670585
2136,UNS 2025-07-11,2025-01-01,6,Green,#6AB023,5,6121.485275,9.417670
2136,UNS 2025-07-11,2025-01-01,1,Labour,#E4003B,182,15092.269916,23.218877
2136,UNS 2025-07-11,2025-01-01,5,Liberal Democrats,#FAA61A,78,8364.615919,12.868640
2136,UNS 2025-07-11,2025-01-01,7,Other,#808080,13,2010.715917,3.093409
2136,UNS 2025-07-11,2025-01-01,3,Plaid Cymru,#005B54,5,544.859563,0.838245
2136,UNS 2025-07-11,2025-01-01,2,Reform UK,#12B6CF,268,18120.327547,27.877427
2136,UNS 2025-07-11,2025-01-01,12,SDLP,#2AA82C,2,223.586197,0.343979
2136,UNS 2025-07-11,2025-01-01,8,Scottish National Party,#FFF95D,24,1624.708126,2.499551
2136,UNS 2025-07-11,2025-01-01,13,Sinn Féin,#326760,7,527.956253,0.812240
2136,UNS 2025-07-11,2025-01-01,11,Ulster Unionist Party,#48A5EE,1,229.752960,0.353466
2137,UNS 2025-07-12,2025-01-01,10,Alliance,#F6CB2F,1,294.991106,0.453832
2137,UNS 2025-07-12,2025-01-01,4,Conservative,#0087DC,58,11408.851107,17.552079
2137,UNS 2025-07-12,2025-01-01,9,Democratic Unionist Party,#D46A4C,6,435.880114,0.670585
2137,UNS 2025-07-12,2025-01-01,6,Green,#6AB023,5,6121.485275,9.417670
2137,UNS 2025-07-12,2025-01-01,1,Labour,#E4003B,182,15092.269916,23.218877
2137,UNS 2025-07-12,2025-01-01,5,Liberal Democrats,#FAA61A,78,8364.615919,12.868640
2137,UNS 2025-07-12,2025-01-01,7,Other,#808080,13,2010.715917,3.093409
2137,UNS 2025-07-12,2025-01-01,3,Plaid Cymru,#005B54,5,544.859563,0.838245
2137,UNS 2025-07-12,2025-01-01,2,Reform UK,#12B6CF,268,18120.327547,27.877427
2137,UNS 2025-07-12,2025-01-01,12,SDLP,#2AA82C,2,223.586197,0.343979
2137,UNS 2025-07-12,2025-01-01,8,Scottish National Party,#FFF95D,24,1624.708126,2.499551
2137,UNS 2025-07-12,2025-01-01,13,Sinn Féin,#326760,7,527.956253,0.812240
2137,UNS 2025-07-12,2025-01-01,11,Ulster Unionist Party,#48A5EE,1,229.752960,0.353466
2138,UNS 2025-07-13,2025-01-01,10,Alliance,#F6CB2F,1,294.991106,0.453832
2138,UNS 2025-07-13,2025-01-01,4,Conservative,#0087DC,58,11408.851107,17.552079
2138,UNS 2025-07-13,2025-01-01,9,Democratic Unionist Party,#D46A4C,6,435.880114,0.670585
2138,UNS 2025-07-13,2025-01-01,6,Green,#6AB023,5,6121.485275,9.417670
2138,UNS 2025-07-13,2025-01-01,1,Labour,#E4003B,182,15092.269916,23.218877
2138,UNS 2025-07-13,2025-01-01,5,Liberal Democrats,#FAA61A,78,8364.615919,12.868640
2138,UNS 2025-07-13,2025-01-01,7,Other,#808080,13,2010.715917,3.093409
2138,UNS 2025-07-13,2025-01-01,3,Plaid Cymru,#005B54,5,544.859563,0.838245
2138,UNS 2025-07-13,2025-01-01,2,Reform UK,#12B6CF,268,18120.327547,27.877427
2138,UNS 2025-07-13,2025-01-01,12,SDLP,#2AA82C,2,223.586197,0.343979
2138,UNS 2025-07-13,2025-01-01,8,Scottish National Party,#FFF95D,24,1624.708126,2.499551
2138,UNS 2025-07-13,2025-01-01,13,Sinn Féin,#326760,7,527.956253,0.812240
2138,UNS 2025-07-13,2025-01-01,11,Ulster Unionist Party,#48A5EE,1,229.752960,0.353466
2139,UNS 2025-07-14,2025-01-01,10,Alliance,#F6CB2F,1,294.991106,0.453832
2139,UNS 2025-07-14,2025-01-01,4,Conservative,#0087DC,58,11350.578415,17.462428
2139,UNS 2025-07-14,2025-01-01,9,Democratic Unionist Party,#D46A4C,6,435.880114,0.670585
2139,UNS 2025-07-14,2025-01-01,6,Green,#6AB023,5,6194.009926,9.529246
2139,UNS 2025-07-14,2025-01-01,1,Labour,#E4003B,183,15050.641071,23.154832
2139,UNS 2025-07-14,2025-01-01,5,Liberal Democrats,#FAA61A,78,8413.359396,12.943630
2139,UNS 2025-07-14,2025-01-01,7,Other,#808080,13,2013.028590,3.096967
2139,UNS 2025-07-14,2025-01-01,3,Plaid Cymru,#005B54,5,550.754314,0.847314
2139,UNS 2025-07-14,2025-01-01,2,Reform UK,#12B6CF,267,18078.982894,27.813820
2139,UNS 2025-07-14,2025-01-01,12,SDLP,#2AA82C,2,223.586197,0.343979
2139,UNS 2025-07-14,2025-01-01,8,Scottish National Party,#FFF95D,24,1636.478765,2.517660
2139,UNS 2025-07-14,2025-01-01,13,Sinn Féin,#326760,7,527.956253,0.812240
2139,UNS 2025-07-14,2025-01-01,11,Ulster Unionist Party,#48A5EE,1,229.752960,0.353466
2140,UNS 2025-07-15,2025-01-01,10,Alliance,#F6CB2F,1,295.003054,0.453851
2140,UNS 2025-07-15,2025-01-01,4,Conservative,#0087DC,58,11392.081950,17.526280
2140,UNS 2025-07-15,2025-01-01,9,Democratic Unionist Party,#D46A4C,6,435.895860,0.670609
2140,UNS 2025-07-15,2025-01-01,6,Green,#6AB023,5,6182.795533,9.511993
2140,UNS 2025-07-15,2025-01-01,1,Labour,#E4003B,185,15068.449738,23.182230
2140,UNS 2025-07-15,2025-01-01,5,Liberal Democrats,#FAA61A,78,8379.508376,12.891551
2140,UNS 2025-07-15,2025-01-01,7,Other,#808080,13,2030.188412,3.123367
2140,UNS 2025-07-15,2025-01-01,3,Plaid Cymru,#005B54,4,544.036908,0.836980
2140,UNS 2025-07-15,2025-01-01,2,Reform UK,#12B6CF,266,18048.157518,27.766396
2140,UNS 2025-07-15,2025-01-01,12,SDLP,#2AA82C,2,223.600616,0.344001
2140,UNS 2025-07-15,2025-01-01,8,Scottish National Party,#FFF95D,24,1642.538125,2.526982
2140,UNS 2025-07-15,2025-01-01,13,Sinn Féin,#326760,7,527.983015,0.812282
2140,UNS 2025-07-15,2025-01-01,11,Ulster Unionist Party,#48A5EE,1,229.760895,0.353478
2141,UNS 2025-07-16,2025-01-01,10,Alliance,#F6CB2F,1,295.013442,0.453867
2141,UNS 2025-07-16,2025-01-01,4,Conservative,#0087DC,57,11340.500491,17.446924
2141,UNS 2025-07-16,2025-01-01,9,Democratic Unionist Party,#D46A4C,6,435.909550,0.670630
2141,UNS 2025-07-16,2025-01-01,6,Green,#6AB023,5,6241.503999,9.602314
2141,UNS 2025-07-16,2025-01-01,1,Labour,#E4003B,182,14978.332247,23.043588
2141,UNS 2025-07-16,2025-01-01,5,Liberal Democrats,#FAA61A,78,8367.283753,12.872744
2141,UNS 2025-07-16,2025-01-01,7,Other,#808080,13,2067.897939,3.181381
2141,UNS 2025-07-16,2025-01-01,3,Plaid Cymru,#005B54,5,558.426878,0.859118
2141,UNS 2025-07-16,2025-01-01,2,Reform UK,#12B6CF,269,18099.248535,27.844998
2141,UNS 2025-07-16,2025-01-01,12,SDLP,#2AA82C,2,223.613153,0.344020
2141,UNS 2025-07-16,2025-01-01,8,Scottish National Party,#FFF95D,24,1634.495934,2.514609
2141,UNS 2025-07-16,2025-01-01,13,Sinn Féin,#326760,7,528.006285,0.812317
2141,UNS 2025-07-16,2025-01-01,11,Ulster Unionist Party,#48A5EE,1,229.767794,0.353489
2142,UNS 2025-07-17,2025-01-01,10,Alliance,#F6CB2F,1,295.013442,0.453867
2142,UNS 2025-07-17,2025-01-01,4,Conservative,#0087DC,57,11340.500491,17.446924
2142,UNS 2025-07-17,2025-01-01,9,Democratic Unionist Party,#D46A4C,6,435.909550,0.670630
2142,UNS 2025-07-17,2025-01-01,6,Green,#6AB023,5,6241.503999,9.602314
2142,UNS 2025-07-17,2025-01-01,1,Labour,#E4003B,182,14978.332247,23.043588
2142,UNS 2025-07-17,2025-01-01,5,Liberal Democrats,#FAA61A,78,8367.283753,12.872744
2142,UNS 2025-07-17,2025-01-01,7,Other,#808080,13,2067.897939,3.181381
2142,UNS 2025-07-17,2025-01-01,3,Plaid Cymru,#005B54,5,558.426878,0.859118
2142,UNS 2025-07-17,2025-01-01,2,Reform UK,#12B6CF,269,18099.248535,27.844998
2142,UNS 2025-07-17,2025-01-01,12,SDLP,#2AA82C,2,223.613153,0.344020
2142,UNS 2025-07-17,2025-01-01,8,Scottish National Party,#FFF95D,24,1634.495934,2.514609
2142,UNS 2025-07-17,2025-01-01,13,Sinn Féin,#326760,7,528.006285,0.812317
2142,UNS 2025-07-17,2025-01-01,11,Ulster Unionist Party,#48A5EE,1,229.767794,0.353489
2143,UNS 2025-07-18,2025-01-01,10,Alliance,#F6CB2F,1,295.022753,0.453881
2143,UNS 2025-07-18,2025-01-01,4,Conservative,#0087DC,59,11313.719501,17.405722
2143,UNS 2025-07-18,2025-01-01,9,Democratic Unionist Party,#D46A4C,6,435.921821,0.670649
2143,UNS 2025-07-18,2025-01-01,6,Green,#6AB023,5,6230.479642,9.585353
2143,UNS 2025-07-18,2025-01-01,1,Labour,#E4003B,189,15033.713763,23.128790
2143,UNS 2025-07-18,2025-01-01,5,Liberal Democrats,#FAA61A,78,8336.932732,12.826050
2143,UNS 2025-07-18,2025-01-01,7,Other,#808080,13,2113.122488,3.250958
2143,UNS 2025-07-18,2025-01-01,3,Plaid Cymru,#005B54,5,557.132054,0.857126
2143,UNS 2025-07-18,2025-01-01,2,Reform UK,#12B6CF,260,18071.082796,27.801666
2143,UNS 2025-07-18,2025-01-01,12,SDLP,#2AA82C,2,223.624390,0.344038
2143,UNS 2025-07-18,2025-01-01,8,Scottish National Party,#FFF95D,24,1631.446942,2.509918
2143,UNS 2025-07-18,2025-01-01,13,Sinn Féin,#326760,7,528.027140,0.812349
2143,UNS 2025-07-18,2025-01-01,11,Ulster Unionist Party,#48A5EE,1,229.773977,0.353498
2144,UNS 2025-07-19,2025-01-01,10,Alliance,#F6CB2F,1,295.022753,0.453881
2144,UNS 2025-07-19,2025-01-01,4,Conservative,#0087DC,59,11313.719501,17.405722
2144,UNS 2025-07-19,2025-01-01,9,Democratic Unionist Party,#D46A4C,6,435.921821,0.670649
2144,UNS 2025-07-19,2025-01-01,6,Green,#6AB023,5,6230.479642,9.585353
2144,UNS 2025-07-19,2025-01-01,1,Labour,#E4003B,189,15033.713763,23.128790
2144,UNS 2025-07-19,2025-01-01,5,Liberal Democrats,#FAA61A,78,8336.932732,12.826050
2144,UNS 2025-07-19,2025-01-01,7,Other,#808080,13,2113.122488,3.250958
2144,UNS 2025-07-19,2025-01-01,3,Plaid Cymru,#005B54,5,557.132054,0.857126
2144,UNS 2025-07-19,2025-01-01,2,Reform UK,#12B6CF,260,18071.082796,27.801666
2144,UNS 2025-07-19,2025-01-01,12,SDLP,#2AA82C,2,223.624390,0.344038
2144,UNS 2025-07-19,2025-01-01,8,Scottish National Party,#FFF95D,24,1631.446942,2.509918
2144,UNS 2025-07-19,2025-01-01,13,Sinn Féin,#326760,7,528.027140,0.812349
2144,UNS 2025-07-19,2025-01-01,11,Ulster Unionist Party,#48A5EE,1,229.773977,0.353498
2145,UNS 2025-07-20,2025-01-01,10,Alliance,#F6CB2F,1,295.031137,0.453894
2145,UNS 2025-07-20,2025-01-01,4,Conservative,#0087DC,59,11379.922610,17.507573
2145,UNS 2025-07-20,2025-01-01,9,Democratic Unionist Party,#D46A4C,6,435.932870,0.670666
2145,UNS 2025-07-20,2025-01-01,6,Green,#6AB023,5,6169.531706,9.491587
2145,UNS 2025-07-20,2025-01-01,1,Labour,#E4003B,186,14981.649609,23.048692
2145,UNS 2025-07-20,2025-01-01,5,Liberal Democrats,#FAA61A,78,8374.990054,12.884600
2145,UNS 2025-07-20,2025-01-01,7,Other,#808080,13,2104.421021,3.237571
2145,UNS 2025-07-20,2025-01-01,3,Plaid Cymru,#005B54,5,549.463456,0.845328
2145,UNS 2025-07-20,2025-01-01,2,Reform UK,#12B6CF,263,18095.467939,27.839181
2145,UNS 2025-07-20,2025-01-01,12,SDLP,#2AA82C,2,223.634508,0.344053
2145,UNS 2025-07-20,2025-01-01,8,Scottish National Party,#FFF95D,24,1632.129625,2.510969
2145,UNS 2025-07-20,2025-01-01,13,Sinn Féin,#326760,7,528.045920,0.812378
2145,UNS 2025-07-20,2025-01-01,11,Ulster Unionist Party,#48A5EE,1,229.779545,0.353507
2146,UNS 2025-07-21,2025-01-01,10,Alliance,#F6CB2F,1,295.031137,0.453894
2146,UNS 2025-07-21,2025-01-01,4,Conservative,#0087DC,58,11310.696136,17.401071
2146,UNS 2025-07-21,2025-01-01,9,Democratic Unionist Party,#D46A4C,6,435.932870,0.670666
2146,UNS 2025-07-21,2025-01-01,6,Green,#6AB023,5,6224.337136,9.575903
2146,UNS 2025-07-21,2025-01-01,1,Labour,#E4003B,188,14984.140654,23.052524
2146,UNS 2025-07-21,2025-01-01,5,Liberal Democrats,#FAA61A,78,8407.216972,12.934180
2146,UNS 2025-07-21,2025-01-01,7,Other,#808080,13,2112.138177,3.249443
2146,UNS 2025-07-21,2025-01-01,3,Plaid Cymru,#005B54,5,565.372003,0.869803
2146,UNS 2025-07-21,2025-01-01,2,Reform UK,#12B6CF,262,18037.157648,27.749473
2146,UNS 2025-07-21,2025-01-01,12,SDLP,#2AA82C,2,223.634508,0.344053
2146,UNS 2025-07-21,2025-01-01,8,Scottish National Party,#FFF95D,24,1646.517294,2.533104
2146,UNS 2025-07-21,2025-01-01,13,Sinn Féin,#326760,7,528.045920,0.812378
2146,UNS 2025-07-21,2025-01-01,11,Ulster Unionist Party,#48A5EE,1,229.779545,0.353507
2147,UNS 2025-07-22,2025-01-01,10,Alliance,#F6CB2F,1,295.031137,0.453894
2147,UNS 2025-07-22,2025-01-01,4,Conservative,#0087DC,58,11310.696136,17.401071
2147,UNS 2025-07-22,2025-01-01,9,Democratic Unionist Party,#D46A4C,6,435.932870,0.670666
2147,UNS 2025-07-22,2025-01-01,6,Green,#6AB023,5,6224.337136,9.575903
2147,UNS 2025-07-22,2025-01-01,1,Labour,#E4003B,188,14984.140654,23.052524
2147,UNS 2025-07-22,2025-01-01,5,Liberal Democrats,#FAA61A,78,8407.216972,12.934180
2147,UNS 2025-07-22,2025-01-01,7,Other,#808080,13,2112.138177,3.249443
2147,UNS 2025-07-22,2025-01-01,3,Plaid Cymru,#005B54,5,565.372003,0.869803
2147,UNS 2025-07-22,2025-01-01,2,Reform UK,#12B6CF,262,18037.157648,27.749473
2147,UNS 2025-07-22,2025-01-01,12,SDLP,#2AA82C,2,223.634508,0.344053
2147,UNS 2025-07-22,2025-01-01,8,Scottish National Party,#FFF95D,24,1646.517294,2.533104
2147,UNS 2025-07-22,2025-01-01,13,Sinn Féin,#326760,7,528.045920,0.812378
2147,UNS 2025-07-22,2025-01-01,11,Ulster Unionist Party,#48A5EE,1,229.779545,0.353507
2148,UNS 2025-07-23,2025-01-01,10,Alliance,#F6CB2F,1,295.038883,0.453906
2148,UNS 2025-07-23,2025-01-01,4,Conservative,#0087DC,56,11225.498556,17.269998
2148,UNS 2025-07-23,2025-01-01,9,Democratic Unionist Party,#D46A4C,6,435.943078,0.670682
2148,UNS 2025-07-23,2025-01-01,6,Green,#6AB023,5,6222.770619,9.573493
2148,UNS 2025-07-23,2025-01-01,1,Labour,#E4003B,182,14878.595631,22.890147
2148,UNS 2025-07-23,2025-01-01,5,Liberal Democrats,#FAA61A,78,8403.906720,12.929087
2148,UNS 2025-07-23,2025-01-01,7,Other,#808080,13,2131.600320,3.279385
2148,UNS 2025-07-23,2025-01-01,3,Plaid Cymru,#005B54,6,576.106878,0.886318
2148,UNS 2025-07-23,2025-01-01,2,Reform UK,#12B6CF,268,18207.385737,28.011363
2148,UNS 2025-07-23,2025-01-01,12,SDLP,#2AA82C,2,223.643856,0.344067
2148,UNS 2025-07-23,2025-01-01,8,Scottish National Party,#FFF95D,25,1641.661762,2.525633
2148,UNS 2025-07-23,2025-01-01,13,Sinn Féin,#326760,7,528.063270,0.812405
2148,UNS 2025-07-23,2025-01-01,11,Ulster Unionist Party,#48A5EE,1,229.784689,0.353515
2149,UNS 2025-07-24,2025-01-01,10,Alliance,#F6CB2F,1,295.038883,0.453906
2149,UNS 2025-07-24,2025-01-01,4,Conservative,#0087DC,56,11225.498556,17.269998
2149,UNS 2025-07-24,2025-01-01,9,Democratic Unionist Party,#D46A4C,6,435.943078,0.670682
2149,UNS 2025-07-24,2025-01-01,6,Green,#6AB023,5,6222.770619,9.573493
2149,UNS 2025-07-24,2025-01-01,1,Labour,#E4003B,182,14878.595631,22.890147
2149,UNS 2025-07-24,2025-01-01,5,Liberal Democrats,#FAA61A,78,8403.906720,12.929087
2149,UNS 2025-07-24,2025-01-01,7,Other,#808080,13,2131.600320,3.279385
2149,UNS 2025-07-24,2025-01-01,3,Plaid Cymru,#005B54,6,576.106878,0.886318
2149,UNS 2025-07-24,2025-01-01,2,Reform UK,#12B6CF,268,18207.385737,28.011363
2149,UNS 2025-07-24,2025-01-01,12,SDLP,#2AA82C,2,223.643856,0.344067
2149,UNS 2025-07-24,2025-01-01,8,Scottish National Party,#FFF95D,25,1641.661762,2.525633
2149,UNS 2025-07-24,2025-01-01,13,Sinn Féin,#326760,7,528.063270,0.812405
2149,UNS 2025-07-24,2025-01-01,11,Ulster Unionist Party,#48A5EE,1,229.784689,0.353515
2150,UNS 2025-07-25,2025-01-01,10,Alliance,#F6CB2F,1,295.038883,0.453906
2150,UNS 2025-07-25,2025-01-01,4,Conservative,#0087DC,56,11225.498556,17.269998
2150,UNS 2025-07-25,2025-01-01,9,Democratic Unionist Party,#D46A4C,6,435.943078,0.670682
2150,UNS 2025-07-25,2025-01-01,6,Green,#6AB023,5,6222.770619,9.573493
2150,UNS 2025-07-25,2025-01-01,1,Labour,#E4003B,182,14878.595631,22.890147
2150,UNS 2025-07-25,2025-01-01,5,Liberal Democrats,#FAA61A,78,8403.906720,12.929087
2150,UNS 2025-07-25,2025-01-01,7,Other,#808080,13,2131.600320,3.279385
2150,UNS 2025-07-25,2025-01-01,3,Plaid Cymru,#005B54,6,576.106878,0.886318
2150,UNS 2025-07-25,2025-01-01,2,Reform UK,#12B6CF,268,18207.385737,28.011363
2150,UNS 2025-07-25,2025-01-01,12,SDLP,#2AA82C,2,223.643856,0.344067
2150,UNS 2025-07-25,2025-01-01,8,Scottish National Party,#FFF95D,25,1641.661762,2.525633
2150,UNS 2025-07-25,2025-01-01,13,Sinn Féin,#326760,7,528.063270,0.812405
2150,UNS 2025-07-25,2025-01-01,11,Ulster Unionist Party,#48A5EE,1,229.784689,0.353515
2151,UNS 2025-07-26,2025-01-01,10,Alliance,#F6CB2F,1,295.038883,0.453906
2151,UNS 2025-07-26,2025-01-01,4,Conservative,#0087DC,56,11225.498556,17.269998
2151,UNS 2025-07-26,2025-01-01,9,Democratic Unionist Party,#D46A4C,6,435.943078,0.670682
2151,UNS 2025-07-26,2025-01-01,6,Green,#6AB023,5,6222.770619,9.573493
2151,UNS 2025-07-26,2025-01-01,1,Labour,#E4003B,182,14878.595631,22.890147
2151,UNS 2025-07-26,2025-01-01,5,Liberal Democrats,#FAA61A,78,8403.906720,12.929087
2151,UNS 2025-07-26,2025-01-01,7,Other,#808080,13,2131.600320,3.279385
2151,UNS 2025-07-26,2025-01-01,3,Plaid Cymru,#005B54,6,576.106878,0.886318
2151,UNS 2025-07-26,2025-01-01,2,Reform UK,#12B6CF,268,18207.385737,28.011363
2151,UNS 2025-07-26,2025-01-01,12,SDLP,#2AA82C,2,223.643856,0.344067
2151,UNS 2025-07-26,2025-01-01,8,Scottish National Party,#FFF95D,25,1641.661762,2.525633
2151,UNS 2025-07-26,2025-01-01,13,Sinn Féin,#326760,7,528.063270,0.812405
2151,UNS 2025-07-26,2025-01-01,11,Ulster Unionist Party,#48A5EE,1,229.784689,0.353515
2152,UNS 2025-07-27,2025-01-01,10,Alliance,#F6CB2F,1,295.038883,0.453906
2152,UNS 2025-07-27,2025-01-01,4,Conservative,#0087DC,56,11225.498556,17.269998
2152,UNS 2025-07-27,2025-01-01,9,Democratic Unionist Party,#D46A4C,6,435.943078,0.670682
2152,UNS 2025-07-27,2025-01-01,6,Green,#6AB023,5,6222.770619,9.573493
2152,UNS 2025-07-27,2025-01-01,1,Labour,#E4003B,182,14878.595631,22.890147
2152,UNS 2025-07-27,2025-01-01,5,Liberal Democrats,#FAA61A,78,8403.906720,12.929087
2152,UNS 2025-07-27,2025-01-01,7,Other,#808080,13,2131.600320,3.279385
2152,UNS 2025-07-27,2025-01-01,3,Plaid Cymru,#005B54,6,576.106878,0.886318
2152,UNS 2025-07-27,2025-01-01,2,Reform UK,#12B6CF,268,18207.385737,28.011363
2152,UNS 2025-07-27,2025-01-01,12,SDLP,#2AA82C,2,223.643856,0.344067
2152,UNS 2025-07-27,2025-01-01,8,Scottish National Party,#FFF95D,25,1641.661762,2.525633
2152,UNS 2025-07-27,2025-01-01,13,Sinn Féin,#326760,7,528.063270,0.812405
2152,UNS 2025-07-27,2025-01-01,11,Ulster Unionist Party,#48A5EE,1,229.784689,0.353515
2153,UNS 2025-07-28,2025-01-01,10,Alliance,#F6CB2F,1,295.046358,0.453917
2153,UNS 2025-07-28,2025-01-01,4,Conservative,#0087DC,58,11258.909910,17.321400
2153,UNS 2025-07-28,2025-01-01,9,Democratic Unionist Party,#D46A4C,6,435.952929,0.670697
2153,UNS 2025-07-28,2025-01-01,6,Green,#6AB023,5,6146.508513,9.456167
2153,UNS 2025-07-28,2025-01-01,1,Labour,#E4003B,178,14799.885168,22.769054
2153,UNS 2025-07-28,2025-01-01,5,Liberal Democrats,#FAA61A,75,8369.791778,12.876603
2153,UNS 2025-07-28,2025-01-01,7,Other,#808080,13,2215.142515,3.407912
2153,UNS 2025-07-28,2025-01-01,3,Plaid Cymru,#005B54,5,538.000022,0.827692
2153,UNS 2025-07-28,2025-01-01,2,Reform UK,#12B6CF,277,18386.092333,28.286296
2153,UNS 2025-07-28,2025-01-01,12,SDLP,#2AA82C,2,223.652877,0.344081
2153,UNS 2025-07-28,2025-01-01,8,Scottish National Party,#FFF95D,22,1573.147931,2.420228
2153,UNS 2025-07-28,2025-01-01,13,Sinn Féin,#326760,7,528.080014,0.812431
2153,UNS 2025-07-28,2025-01-01,11,Ulster Unionist Party,#48A5EE,1,229.789653,0.353523
2154,UNS 2025-07-29,2025-01-01,10,Alliance,#F6CB2F,1,295.046358,0.453917
2154,UNS 2025-07-29,2025-01-01,4,Conservative,#0087DC,58,11258.909910,17.321400
2154,UNS 2025-07-29,2025-01-01,9,Democratic Unionist Party,#D46A4C,6,435.952929,0.670697
2154,UNS 2025-07-29,2025-01-01,6,Green,#6AB023,5,6146.508513,9.456167
2154,UNS 2025-07-29,2025-01-01,1,Labour,#E4003B,178,14799.885168,22.769054
2154,UNS 2025-07-29,2025-01-01,5,Liberal Democrats,#FAA61A,75,8369.791778,12.876603
2154,UNS 2025-07-29,2025-01-01,7,Other,#808080,13,2215.142515,3.407912
2154,UNS 2025-07-29,2025-01-01,3,Plaid Cymru,#005B54,5,538.000022,0.827692
2154,UNS 2025-07-29,2025-01-01,2,Reform UK,#12B6CF,277,18386.092333,28.286296
2154,UNS 2025-07-29,2025-01-01,12,SDLP,#2AA82C,2,223.652877,0.344081
2154,UNS 2025-07-29,2025-01-01,8,Scottish National Party,#FFF95D,22,1573.147931,2.420228
2154,UNS 2025-07-29,2025-01-01,13,Sinn Féin,#326760,7,528.080014,0.812431
2154,UNS 2025-07-29,2025-01-01,11,Ulster Unionist Party,#48A5EE,1,229.789653,0.353523
2155,UNS 2025-07-30,2025-01-01,10,Alliance,#F6CB2F,1,295.053083,0.453928
2155,UNS 2025-07-30,2025-01-01,4,Conservative,#0087DC,56,11216.349858,17.255923
2155,UNS 2025-07-30,2025-01-01,9,Democratic Unionist Party,#D46A4C,6,435.961792,0.670710
2155,UNS 2025-07-30,2025-01-01,6,Green,#6AB023,4,6129.934474,9.430668
2155,UNS 2025-07-30,2025-01-01,1,Labour,#E4003B,176,14721.480317,22.648431
2155,UNS 2025-07-30,2025-01-01,5,Liberal Democrats,#FAA61A,77,8353.862830,12.852097
2155,UNS 2025-07-30,2025-01-01,7,Other,#808080,13,2311.793978,3.556606
2155,UNS 2025-07-30,2025-01-01,3,Plaid Cymru,#005B54,5,538.684983,0.828746
2155,UNS 2025-07-30,2025-01-01,2,Reform UK,#12B6CF,280,18447.696699,28.381072
2155,UNS 2025-07-30,2025-01-01,12,SDLP,#2AA82C,2,223.660994,0.344094
2155,UNS 2025-07-30,2025-01-01,8,Scottish National Party,#FFF95D,22,1567.631796,2.411741
2155,UNS 2025-07-30,2025-01-01,13,Sinn Féin,#326760,7,528.095078,0.812454
2155,UNS 2025-07-30,2025-01-01,11,Ulster Unionist Party,#48A5EE,1,229.794119,0.353529
2156,UNS 2025-07-31,2025-01-01,10,Alliance,#F6CB2F,1,295.059030,0.453937
2156,UNS 2025-07-31,2025-01-01,4,Conservative,#0087DC,56,11257.570043,17.319339
2156,UNS 2025-07-31,2025-01-01,9,Democratic Unionist Party,#D46A4C,6,435.969630,0.670723
2156,UNS 2025-07-31,2025-01-01,6,Green,#6AB023,4,6059.692852,9.322604
2156,UNS 2025-07-31,2025-01-01,1,Labour,#E4003B,174,14683.591439,22.590141
2156,UNS 2025-07-31,2025-01-01,5,Liberal Democrats,#FAA61A,75,8348.222203,12.843419
2156,UNS 2025-07-31,2025-01-01,7,Other,#808080,13,2293.270996,3.528109
2156,UNS 2025-07-31,2025-01-01,3,Plaid Cymru,#005B54,5,533.298079,0.820459
2156,UNS 2025-07-31,2025-01-01,2,Reform UK,#12B6CF,284,18542.171316,28.526417
2156,UNS 2025-07-31,2025-01-01,12,SDLP,#2AA82C,2,223.668172,0.344105
2156,UNS 2025-07-31,2025-01-01,8,Scottish National Party,#FFF95D,22,1569.579771,2.414738
2156,UNS 2025-07-31,2025-01-01,13,Sinn Féin,#326760,7,528.108400,0.812474
2156,UNS 2025-07-31,2025-01-01,11,Ulster Unionist Party,#48A5EE,1,229.798069,0.353535
2157,UNS 2025-08-01,2025-01-01,10,Alliance,#F6CB2F,1,295.059030,0.453937
2157,UNS 2025-08-01,2025-01-01,4,Conservative,#0087DC,56,11257.570043,17.319339
2157,UNS 2025-08-01,2025-01-01,9,Democratic Unionist Party,#D46A4C,6,435.969630,0.670723
2157,UNS 2025-08-01,2025-01-01,6,Green,#6AB023,4,6059.692852,9.322604
2157,UNS 2025-08-01,2025-01-01,1,Labour,#E4003B,174,14683.591439,22.590141
2157,UNS 2025-08-01,2025-01-01,5,Liberal Democrats,#FAA61A,75,8348.222203,12.843419
2157,UNS 2025-08-01,2025-01-01,7,Other,#808080,13,2293.270996,3.528109
2157,UNS 2025-08-01,2025-01-01,3,Plaid Cymru,#005B54,5,533.298079,0.820459
2157,UNS 2025-08-01,2025-01-01,2,Reform UK,#12B6CF,284,18542.171316,28.526417
2157,UNS 2025-08-01,2025-01-01,12,SDLP,#2AA82C,2,223.668172,0.344105
2157,UNS 2025-08-01,2025-01-01,8,Scottish National Party,#FFF95D,22,1569.579771,2.414738
2157,UNS 2025-08-01,2025-01-01,13,Sinn Féin,#326760,7,528.108400,0.812474
2157,UNS 2025-08-01,2025-01-01,11,Ulster Unionist Party,#48A5EE,1,229.798069,0.353535
2158,UNS 2025-08-02,2025-01-01,10,Alliance,#F6CB2F,1,295.059030,0.453937
2158,UNS 2025-08-02,2025-01-01,4,Conservative,#0087DC,56,11257.570043,17.319339
2158,UNS 2025-08-02,2025-01-01,9,Democratic Unionist Party,#D46A4C,6,435.969630,0.670723
2158,UNS 2025-08-02,2025-01-01,6,Green,#6AB023,4,6059.692852,9.322604
2158,UNS 2025-08-02,2025-01-01,1,Labour,#E4003B,174,14683.591439,22.590141
2158,UNS 2025-08-02,2025-01-01,5,Liberal Democrats,#FAA61A,75,8348.222203,12.843419
2158,UNS 2025-08-02,2025-01-01,7,Other,#808080,13,2293.270996,3.528109
2158,UNS 2025-08-02,2025-01-01,3,Plaid Cymru,#005B54,5,533.298079,0.820459
2158,UNS 2025-08-02,2025-01-01,2,Reform UK,#12B6CF,284,18542.171316,28.526417
2158,UNS 2025-08-02,2025-01-01,12,SDLP,#2AA82C,2,223.668172,0.344105
2158,UNS 2025-08-02,2025-01-01,8,Scottish National Party,#FFF95D,22,1569.579771,2.414738
2158,UNS 2025-08-02,2025-01-01,13,Sinn Féin,#326760,7,528.108400,0.812474
2158,UNS 2025-08-02,2025-01-01,11,Ulster Unionist Party,#48A5EE,1,229.798069,0.353535
2159,UNS 2025-08-03,2025-01-01,10,Alliance,#F6CB2F,1,295.064559,0.453945
2159,UNS 2025-08-03,2025-01-01,4,Conservative,#0087DC,52,11248.663008,17.305635
2159,UNS 2025-08-03,2025-01-01,9,Democratic Unionist Party,#D46A4C,6,435.976917,0.670734
2159,UNS 2025-08-03,2025-01-01,6,Green,#6AB023,4,5981.215594,9.201870
2159,UNS 2025-08-03,2025-01-01,1,Labour,#E4003B,173,14666.730035,22.564200
2159,UNS 2025-08-03,2025-01-01,5,Liberal Democrats,#FAA61A,75,8355.162417,12.854096
2159,UNS 2025-08-03,2025-01-01,7,Other,#808080,13,2328.395346,3.582147
2159,UNS 2025-08-03,2025-01-01,3,Plaid Cymru,#005B54,4,527.535835,0.811594
2159,UNS 2025-08-03,2025-01-01,2,Reform UK,#12B6CF,288,18607.096950,28.626303
2159,UNS 2025-08-03,2025-01-01,12,SDLP,#2AA82C,2,223.674845,0.344115
2159,UNS 2025-08-03,2025-01-01,8,Scottish National Party,#FFF95D,24,1572.561968,2.419326
2159,UNS 2025-08-03,2025-01-01,13,Sinn Féin,#326760,7,528.120786,0.812494
2159,UNS 2025-08-03,2025-01-01,11,Ulster Unionist Party,#48A5EE,1,229.801741,0.353541
2160,UNS 2025-08-04,2025-01-01,10,Alliance,#F6CB2F,1,295.064559,0.453945
2160,UNS 2025-08-04,2025-01-01,4,Conservative,#0087DC,56,11229.317100,17.275872
2160,UNS 2025-08-04,2025-01-01,9,Democratic Unionist Party,#D46A4C,6,435.976917,0.670734
2160,UNS 2025-08-04,2025-01-01,6,Green,#6AB023,4,5979.310738,9.198940
2160,UNS 2025-08-04,2025-01-01,1,Labour,#E4003B,173,14635.150123,22.515616
2160,UNS 2025-08-04,2025-01-01,5,Liberal Democrats,#FAA61A,76,8417.972044,12.950726
2160,UNS 2025-08-04,2025-01-01,7,Other,#808080,13,2357.363890,3.626714
2160,UNS 2025-08-04,2025-01-01,3,Plaid Cymru,#005B54,4,556.270667,0.855801
2160,UNS 2025-08-04,2025-01-01,2,Reform UK,#12B6CF,287,18605.825280,28.624347
2160,UNS 2025-08-04,2025-01-01,12,SDLP,#2AA82C,2,223.674845,0.344115
2160,UNS 2025-08-04,2025-01-01,8,Scottish National Party,#FFF95D,20,1506.151311,2.317156
2160,UNS 2025-08-04,2025-01-01,13,Sinn Féin,#326760,7,528.120786,0.812494
2160,UNS 2025-08-04,2025-01-01,11,Ulster Unionist Party,#48A5EE,1,229.801741,0.353541
2161,UNS 2025-08-05,2025-01-01,10,Alliance,#F6CB2F,1,295.064559,0.453945
2161,UNS 2025-08-05,2025-01-01,4,Conservative,#0087DC,56,11229.317100,17.275872
2161,UNS 2025-08-05,2025-01-01,9,Democratic Unionist Party,#D46A4C,6,435.976917,0.670734
2161,UNS 2025-08-05,2025-01-01,6,Green,#6AB023,4,5979.310738,9.198940
2161,UNS 2025-08-05,2025-01-01,1,Labour,#E4003B,173,14635.150123,22.515616
2161,UNS 2025-08-05,2025-01-01,5,Liberal Democrats,#FAA61A,76,8417.972044,12.950726
2161,UNS 2025-08-05,2025-01-01,7,Other,#808080,13,2357.363890,3.626714
2161,UNS 2025-08-05,2025-01-01,3,Plaid Cymru,#005B54,4,556.270667,0.855801
2161,UNS 2025-08-05,2025-01-01,2,Reform UK,#12B6CF,287,18605.825280,28.624347
2161,UNS 2025-08-05,2025-01-01,12,SDLP,#2AA82C,2,223.674845,0.344115
2161,UNS 2025-08-05,2025-01-01,8,Scottish National Party,#FFF95D,20,1506.151311,2.317156
2161,UNS 2025-08-05,2025-01-01,13,Sinn Féin,#326760,7,528.120786,0.812494
2161,UNS 2025-08-05,2025-01-01,11,Ulster Unionist Party,#48A5EE,1,229.801741,0.353541
2162,UNS 2025-08-06,2025-01-01,10,Alliance,#F6CB2F,1,295.069701,0.453953
2162,UNS 2025-08-06,2025-01-01,4,Conservative,#0087DC,54,11156.328741,17.163583
2162,UNS 2025-08-06,2025-01-01,9,Democratic Unionist Party,#D46A4C,6,435.983693,0.670744
2162,UNS 2025-08-06,2025-01-01,6,Green,#6AB023,4,5979.617376,9.199411
2162,UNS 2025-08-06,2025-01-01,1,Labour,#E4003B,173,14576.398008,22.425228
2162,UNS 2025-08-06,2025-01-01,5,Liberal Democrats,#FAA61A,76,8369.148245,12.875613
2162,UNS 2025-08-06,2025-01-01,7,Other,#808080,13,2433.664919,3.744100
2162,UNS 2025-08-06,2025-01-01,3,Plaid Cymru,#005B54,4,554.675401,0.853347
2162,UNS 2025-08-06,2025-01-01,2,Reform UK,#12B6CF,289,18709.040369,28.783139
2162,UNS 2025-08-06,2025-01-01,12,SDLP,#2AA82C,2,223.681050,0.344125
2162,UNS 2025-08-06,2025-01-01,8,Scottish National Party,#FFF95D,20,1508.455039,2.320700
2162,UNS 2025-08-06,2025-01-01,13,Sinn Féin,#326760,7,528.132303,0.812511
2162,UNS 2025-08-06,2025-01-01,11,Ulster Unionist Party,#48A5EE,1,229.805156,0.353546
2163,UNS 2025-08-07,2025-01-01,10,Alliance,#F6CB2F,1,295.069701,0.453953
2163,UNS 2025-08-07,2025-01-01,4,Conservative,#0087DC,54,11156.328741,17.163583
2163,UNS 2025-08-07,2025-01-01,9,Democratic Unionist Party,#D46A4C,6,435.983693,0.670744
2163,UNS 2025-08-07,2025-01-01,6,Green,#6AB023,4,5979.617376,9.199411
2163,UNS 2025-08-07,2025-01-01,1,Labour,#E4003B,173,14576.398008,22.425228
2163,UNS 2025-08-07,2025-01-01,5,Liberal Democrats,#FAA61A,76,8369.148245,12.875613
2163,UNS 2025-08-07,2025-01-01,7,Other,#808080,13,2433.664919,3.744100
2163,UNS 2025-08-07,2025-01-01,3,Plaid Cymru,#005B54,4,554.675401,0.853347
2163,UNS 2025-08-07,2025-01-01,2,Reform UK,#12B6CF,289,18709.040369,28.783139
2163,UNS 2025-08-07,2025-01-01,12,SDLP,#2AA82C,2,223.681050,0.344125
2163,UNS 2025-08-07,2025-01-01,8,Scottish National Party,#FFF95D,20,1508.455039,2.320700
2163,UNS 2025-08-07,2025-01-01,13,Sinn Féin,#326760,7,528.132303,0.812511
2163,UNS 2025-08-07,2025-01-01,11,Ulster Unionist Party,#48A5EE,1,229.805156,0.353546
2164,UNS 2025-08-08,2025-01-01,10,Alliance,#F6CB2F,1,295.069700,0.453953
2164,UNS 2025-08-08,2025-01-01,4,Conservative,#0087DC,54,11156.286549,17.163518
2164,UNS 2025-08-08,2025-01-01,9,Democratic Unionist Party,#D46A4C,6,435.983692,0.670744
2164,UNS 2025-08-08,2025-01-01,6,Green,#6AB023,4,5979.626232,9.199425
2164,UNS 2025-08-08,2025-01-01,1,Labour,#E4003B,173,14576.327846,22.425120
2164,UNS 2025-08-08,2025-01-01,5,Liberal Democrats,#FAA61A,76,8369.161064,12.875632
2164,UNS 2025-08-08,2025-01-01,7,Other,#808080,13,2433.671622,3.744110
2164,UNS 2025-08-08,2025-01-01,3,Plaid Cymru,#005B54,4,554.678661,0.853352
2164,UNS 2025-08-08,2025-01-01,2,Reform UK,#12B6CF,289,18709.120379,28.783262
2164,UNS 2025-08-08,2025-01-01,12,SDLP,#2AA82C,2,223.681049,0.344125
2164,UNS 2025-08-08,2025-01-01,8,Scottish National Party,#FFF95D,20,1508.455750,2.320701
2164,UNS 2025-08-08,2025-01-01,13,Sinn Féin,#326760,7,528.132300,0.812511
2164,UNS 2025-08-08,2025-01-01,11,Ulster Unionist Party,#48A5EE,1,229.805155,0.353546
2165,UNS 2025-08-09,2025-01-01,10,Alliance,#F6CB2F,1,295.069700,0.453953
2165,UNS 2025-08-09,2025-01-01,4,Conservative,#0087DC,54,11156.286549,17.163518
2165,UNS 2025-08-09,2025-01-01,9,Democratic Unionist Party,#D46A4C,6,435.983692,0.670744
2165,UNS 2025-08-09,2025-01-01,6,Green,#6AB023,4,5979.626232,9.199425
2165,UNS 2025-08-09,2025-01-01,1,Labour,#E4003B,173,14576.327846,22.425120
2165,UNS 2025-08-09,2025-01-01,5,Liberal Democrats,#FAA61A,76,8369.161064,12.875632
2165,UNS 2025-08-09,2025-01-01,7,Other,#808080,13,2433.671622,3.744110
2165,UNS 2025-08-09,2025-01-01,3,Plaid Cymru,#005B54,4,554.678661,0.853352
2165,UNS 2025-08-09,2025-01-01,2,Reform UK,#12B6CF,289,18709.120379,28.783262
2165,UNS 2025-08-09,2025-01-01,12,SDLP,#2AA82C,2,223.681049,0.344125
2165,UNS 2025-08-09,2025-01-01,8,Scottish National Party,#FFF95D,20,1508.455750,2.320701
2165,UNS 2025-08-09,2025-01-01,13,Sinn Féin,#326760,7,528.132300,0.812511
2165,UNS 2025-08-09,2025-01-01,11,Ulster Unionist Party,#48A5EE,1,229.805155,0.353546
2166,UNS 2025-08-10,2025-01-01,10,Alliance,#F6CB2F,1,295.069700,0.453953
2166,UNS 2025-08-10,2025-01-01,4,Conservative,#0087DC,54,11156.286549,17.163518
2166,UNS 2025-08-10,2025-01-01,9,Democratic Unionist Party,#D46A4C,6,435.983692,0.670744
2166,UNS 2025-08-10,2025-01-01,6,Green,#6AB023,4,5979.626232,9.199425
2166,UNS 2025-08-10,2025-01-01,1,Labour,#E4003B,173,14576.327846,22.425120
2166,UNS 2025-08-10,2025-01-01,5,Liberal Democrats,#FAA61A,76,8369.161064,12.875632
2166,UNS 2025-08-10,2025-01-01,7,Other,#808080,13,2433.671622,3.744110
2166,UNS 2025-08-10,2025-01-01,3,Plaid Cymru,#005B54,4,554.678661,0.853352
2166,UNS 2025-08-10,2025-01-01,2,Reform UK,#12B6CF,289,18709.120379,28.783262
2166,UNS 2025-08-10,2025-01-01,12,SDLP,#2AA82C,2,223.681049,0.344125
2166,UNS 2025-08-10,2025-01-01,8,Scottish National Party,#FFF95D,20,1508.455750,2.320701
2166,UNS 2025-08-10,2025-01-01,13,Sinn Féin,#326760,7,528.132300,0.812511
2166,UNS 2025-08-10,2025-01-01,11,Ulster Unionist Party,#48A5EE,1,229.805155,0.353546
2167,UNS 2025-08-11,2025-01-01,10,Alliance,#F6CB2F,1,295.074693,0.453961
2167,UNS 2025-08-11,2025-01-01,4,Conservative,#0087DC,53,11181.200334,17.201847
2167,UNS 2025-08-11,2025-01-01,9,Democratic Unionist Party,#D46A4C,6,435.990272,0.670754
2167,UNS 2025-08-11,2025-01-01,6,Green,#6AB023,4,5835.827303,8.978196
2167,UNS 2025-08-11,2025-01-01,1,Labour,#E4003B,171,14424.486789,22.191518
2167,UNS 2025-08-11,2025-01-01,5,Liberal Democrats,#FAA61A,75,8344.774268,12.838114
2167,UNS 2025-08-11,2025-01-01,7,Other,#808080,13,2516.817413,3.872027
2167,UNS 2025-08-11,2025-01-01,3,Plaid Cymru,#005B54,4,583.923811,0.898344
2167,UNS 2025-08-11,2025-01-01,2,Reform UK,#12B6CF,296,18733.034526,28.820053
2167,UNS 2025-08-11,2025-01-01,12,SDLP,#2AA82C,2,223.687074,0.344134
2167,UNS 2025-08-11,2025-01-01,8,Scottish National Party,#FFF95D,17,1667.231563,2.564972
2167,UNS 2025-08-11,2025-01-01,13,Sinn Féin,#326760,7,528.143484,0.812528
2167,UNS 2025-08-11,2025-01-01,11,Ulster Unionist Party,#48A5EE,1,229.808471,0.353551
2168,UNS 2025-08-12,2025-01-01,10,Alliance,#F6CB2F,1,295.074693,0.453961
2168,UNS 2025-08-12,2025-01-01,4,Conservative,#0087DC,53,11181.200334,17.201847
2168,UNS 2025-08-12,2025-01-01,9,Democratic Unionist Party,#D46A4C,6,435.990272,0.670754
2168,UNS 2025-08-12,2025-01-01,6,Green,#6AB023,4,5835.827303,8.978196
2168,UNS 2025-08-12,2025-01-01,1,Labour,#E4003B,171,14424.486789,22.191518
2168,UNS 2025-08-12,2025-01-01,5,Liberal Democrats,#FAA61A,75,8344.774268,12.838114
2168,UNS 2025-08-12,2025-01-01,7,Other,#808080,13,2516.817413,3.872027
2168,UNS 2025-08-12,2025-01-01,3,Plaid Cymru,#005B54,4,583.923811,0.898344
2168,UNS 2025-08-12,2025-01-01,2,Reform UK,#12B6CF,296,18733.034526,28.820053
2168,UNS 2025-08-12,2025-01-01,12,SDLP,#2AA82C,2,223.687074,0.344134
2168,UNS 2025-08-12,2025-01-01,8,Scottish National Party,#FFF95D,17,1667.231563,2.564972
2168,UNS 2025-08-12,2025-01-01,13,Sinn Féin,#326760,7,528.143484,0.812528
2168,UNS 2025-08-12,2025-01-01,11,Ulster Unionist Party,#48A5EE,1,229.808471,0.353551
2169,UNS 2025-08-13,2025-01-01,10,Alliance,#F6CB2F,1,295.074693,0.453961
2169,UNS 2025-08-13,2025-01-01,4,Conservative,#0087DC,53,11181.200334,17.201847
2169,UNS 2025-08-13,2025-01-01,9,Democratic Unionist Party,#D46A4C,6,435.990272,0.670754
2169,UNS 2025-08-13,2025-01-01,6,Green,#6AB023,4,5835.827303,8.978196
2169,UNS 2025-08-13,2025-01-01,1,Labour,#E4003B,171,14424.486789,22.191518
2169,UNS 2025-08-13,2025-01-01,5,Liberal Democrats,#FAA61A,75,8344.774268,12.838114
2169,UNS 2025-08-13,2025-01-01,7,Other,#808080,13,2516.817413,3.872027
2169,UNS 2025-08-13,2025-01-01,3,Plaid Cymru,#005B54,4,583.923811,0.898344
2169,UNS 2025-08-13,2025-01-01,2,Reform UK,#12B6CF,296,18733.034526,28.820053
2169,UNS 2025-08-13,2025-01-01,12,SDLP,#2AA82C,2,223.687074,0.344134
2169,UNS 2025-08-13,2025-01-01,8,Scottish National Party,#FFF95D,17,1667.231563,2.564972
2169,UNS 2025-08-13,2025-01-01,13,Sinn Féin,#326760,7,528.143484,0.812528
2169,UNS 2025-08-13,2025-01-01,11,Ulster Unionist Party,#48A5EE,1,229.808471,0.353551
2170,UNS 2025-08-14,2025-01-01,10,Alliance,#F6CB2F,1,295.079309,0.453968
2170,UNS 2025-08-14,2025-01-01,4,Conservative,#0087DC,53,11196.549605,17.225461
2170,UNS 2025-08-14,2025-01-01,9,Democratic Unionist Party,#D46A4C,6,435.996355,0.670764
2170,UNS 2025-08-14,2025-01-01,6,Green,#6AB023,4,5858.669353,9.013337
2170,UNS 2025-08-14,2025-01-01,1,Labour,#E4003B,168,14330.923509,22.047575
2170,UNS 2025-08-14,2025-01-01,5,Liberal Democrats,#FAA61A,75,8308.573953,12.782421
2170,UNS 2025-08-14,2025-01-01,7,Other,#808080,13,2573.876101,3.959809
2170,UNS 2025-08-14,2025-01-01,3,Plaid Cymru,#005B54,4,590.489279,0.908445
2170,UNS 2025-08-14,2025-01-01,2,Reform UK,#12B6CF,299,18786.822886,28.902804
2170,UNS 2025-08-14,2025-01-01,12,SDLP,#2AA82C,2,223.692645,0.344143
2170,UNS 2025-08-14,2025-01-01,8,Scottish National Party,#FFF95D,17,1641.361646,2.525172
2170,UNS 2025-08-14,2025-01-01,13,Sinn Féin,#326760,7,528.153823,0.812544
2170,UNS 2025-08-14,2025-01-01,11,Ulster Unionist Party,#48A5EE,1,229.811536,0.353556
2171,UNS 2025-08-15,2025-01-01,10,Alliance,#F6CB2F,1,295.079309,0.453968
2171,UNS 2025-08-15,2025-01-01,4,Conservative,#0087DC,53,11196.549605,17.225461
2171,UNS 2025-08-15,2025-01-01,9,Democratic Unionist Party,#D46A4C,6,435.996355,0.670764
2171,UNS 2025-08-15,2025-01-01,6,Green,#6AB023,4,5858.669353,9.013337
2171,UNS 2025-08-15,2025-01-01,1,Labour,#E4003B,168,14330.923509,22.047575
2171,UNS 2025-08-15,2025-01-01,5,Liberal Democrats,#FAA61A,75,8308.573953,12.782421
2171,UNS 2025-08-15,2025-01-01,7,Other,#808080,13,2573.876101,3.959809
2171,UNS 2025-08-15,2025-01-01,3,Plaid Cymru,#005B54,4,590.489279,0.908445
2171,UNS 2025-08-15,2025-01-01,2,Reform UK,#12B6CF,299,18786.822886,28.902804
2171,UNS 2025-08-15,2025-01-01,12,SDLP,#2AA82C,2,223.692645,0.344143
2171,UNS 2025-08-15,2025-01-01,8,Scottish National Party,#FFF95D,17,1641.361646,2.525172
2171,UNS 2025-08-15,2025-01-01,13,Sinn Féin,#326760,7,528.153823,0.812544
2171,UNS 2025-08-15,2025-01-01,11,Ulster Unionist Party,#48A5EE,1,229.811536,0.353556
2172,UNS 2025-08-16,2025-01-01,10,Alliance,#F6CB2F,1,295.079309,0.453968
2172,UNS 2025-08-16,2025-01-01,4,Conservative,#0087DC,53,11196.549605,17.225461
2172,UNS 2025-08-16,2025-01-01,9,Democratic Unionist Party,#D46A4C,6,435.996355,0.670764
2172,UNS 2025-08-16,2025-01-01,6,Green,#6AB023,4,5858.669353,9.013337
2172,UNS 2025-08-16,2025-01-01,1,Labour,#E4003B,168,14330.923509,22.047575
2172,UNS 2025-08-16,2025-01-01,5,Liberal Democrats,#FAA61A,75,8308.573953,12.782421
2172,UNS 2025-08-16,2025-01-01,7,Other,#808080,13,2573.876101,3.959809
2172,UNS 2025-08-16,2025-01-01,3,Plaid Cymru,#005B54,4,590.489279,0.908445
2172,UNS 2025-08-16,2025-01-01,2,Reform UK,#12B6CF,299,18786.822886,28.902804
2172,UNS 2025-08-16,2025-01-01,12,SDLP,#2AA82C,2,223.692645,0.344143
2172,UNS 2025-08-16,2025-01-01,8,Scottish National Party,#FFF95D,17,1641.361646,2.525172
2172,UNS 2025-08-16,2025-01-01,13,Sinn Féin,#326760,7,528.153823,0.812544
2172,UNS 2025-08-16,2025-01-01,11,Ulster Unionist Party,#48A5EE,1,229.811536,0.353556
2173,UNS 2025-08-17,2025-01-01,10,Alliance,#F6CB2F,1,295.079309,0.453968
2173,UNS 2025-08-17,2025-01-01,4,Conservative,#0087DC,53,11196.549605,17.225461
2173,UNS 2025-08-17,2025-01-01,9,Democratic Unionist Party,#D46A4C,6,435.996355,0.670764
2173,UNS 2025-08-17,2025-01-01,6,Green,#6AB023,4,5858.669353,9.013337
2173,UNS 2025-08-17,2025-01-01,1,Labour,#E4003B,168,14330.923509,22.047575
2173,UNS 2025-08-17,2025-01-01,5,Liberal Democrats,#FAA61A,75,8308.573953,12.782421
2173,UNS 2025-08-17,2025-01-01,7,Other,#808080,13,2573.876101,3.959809
2173,UNS 2025-08-17,2025-01-01,3,Plaid Cymru,#005B54,4,590.489279,0.908445
2173,UNS 2025-08-17,2025-01-01,2,Reform UK,#12B6CF,299,18786.822886,28.902804
2173,UNS 2025-08-17,2025-01-01,12,SDLP,#2AA82C,2,223.692645,0.344143
2173,UNS 2025-08-17,2025-01-01,8,Scottish National Party,#FFF95D,17,1641.361646,2.525172
2173,UNS 2025-08-17,2025-01-01,13,Sinn Féin,#326760,7,528.153823,0.812544
2173,UNS 2025-08-17,2025-01-01,11,Ulster Unionist Party,#48A5EE,1,229.811536,0.353556
2174,UNS 2025-08-18,2025-01-01,10,Alliance,#F6CB2F,1,295.083672,0.453975
2174,UNS 2025-08-18,2025-01-01,4,Conservative,#0087DC,56,11143.312554,17.143558
2174,UNS 2025-08-18,2025-01-01,9,Democratic Unionist Party,#D46A4C,6,436.002105,0.670772
2174,UNS 2025-08-18,2025-01-01,6,Green,#6AB023,4,5758.881651,8.859818
2174,UNS 2025-08-18,2025-01-01,1,Labour,#E4003B,173,14262.360644,21.942093
2174,UNS 2025-08-18,2025-01-01,5,Liberal Democrats,#FAA61A,75,8223.793142,12.651989
2174,UNS 2025-08-18,2025-01-01,7,Other,#808080,15,2639.938341,4.061444
2174,UNS 2025-08-18,2025-01-01,3,Plaid Cymru,#005B54,4,637.351138,0.980540
2174,UNS 2025-08-18,2025-01-01,2,Reform UK,#12B6CF,292,18739.979133,28.830737
2174,UNS 2025-08-18,2025-01-01,12,SDLP,#2AA82C,2,223.697910,0.344151
2174,UNS 2025-08-18,2025-01-01,8,Scottish National Party,#FFF95D,14,1881.621679,2.894803
2174,UNS 2025-08-18,2025-01-01,13,Sinn Féin,#326760,7,528.163596,0.812559
2174,UNS 2025-08-18,2025-01-01,11,Ulster Unionist Party,#48A5EE,1,229.814434,0.353561
2175,UNS 2025-08-19,2025-01-01,10,Alliance,#F6CB2F,1,295.083672,0.453975
2175,UNS 2025-08-19,2025-01-01,4,Conservative,#0087DC,56,11143.312554,17.143558
2175,UNS 2025-08-19,2025-01-01,9,Democratic Unionist Party,#D46A4C,6,436.002105,0.670772
2175,UNS 2025-08-19,2025-01-01,6,Green,#6AB023,4,5758.881651,8.859818
2175,UNS 2025-08-19,2025-01-01,1,Labour,#E4003B,173,14262.360644,21.942093
2175,UNS 2025-08-19,2025-01-01,5,Liberal Democrats,#FAA61A,75,8223.793142,12.651989
2175,UNS 2025-08-19,2025-01-01,7,Other,#808080,15,2639.938341,4.061444
2175,UNS 2025-08-19,2025-01-01,3,Plaid Cymru,#005B54,4,637.351138,0.980540
2175,UNS 2025-08-19,2025-01-01,2,Reform UK,#12B6CF,292,18739.979133,28.830737
2175,UNS 2025-08-19,2025-01-01,12,SDLP,#2AA82C,2,223.697910,0.344151
2175,UNS 2025-08-19,2025-01-01,8,Scottish National Party,#FFF95D,14,1881.621679,2.894803
2175,UNS 2025-08-19,2025-01-01,13,Sinn Féin,#326760,7,528.163596,0.812559
2175,UNS 2025-08-19,2025-01-01,11,Ulster Unionist Party,#48A5EE,1,229.814434,0.353561
2176,UNS 2025-08-20,2025-01-01,10,Alliance,#F6CB2F,1,295.087612,0.453981
2176,UNS 2025-08-20,2025-01-01,4,Conservative,#0087DC,52,11097.137340,17.072519
2176,UNS 2025-08-20,2025-01-01,9,Democratic Unionist Party,#D46A4C,6,436.007298,0.670780
2176,UNS 2025-08-20,2025-01-01,6,Green,#6AB023,4,5802.650456,8.927155
2176,UNS 2025-08-20,2025-01-01,1,Labour,#E4003B,168,14144.158616,21.760244
2176,UNS 2025-08-20,2025-01-01,5,Liberal Democrats,#FAA61A,75,8177.639230,12.580983
2176,UNS 2025-08-20,2025-01-01,7,Other,#808080,16,2694.585187,4.145516
2176,UNS 2025-08-20,2025-01-01,3,Plaid Cymru,#005B54,4,633.222029,0.974188
2176,UNS 2025-08-20,2025-01-01,2,Reform UK,#12B6CF,298,18891.987674,29.064596
2176,UNS 2025-08-20,2025-01-01,12,SDLP,#2AA82C,2,223.702666,0.344158
2176,UNS 2025-08-20,2025-01-01,8,Scottish National Party,#FFF95D,16,1845.832417,2.839742
2176,UNS 2025-08-20,2025-01-01,13,Sinn Féin,#326760,7,528.172423,0.812573
2176,UNS 2025-08-20,2025-01-01,11,Ulster Unionist Party,#48A5EE,1,229.817051,0.353565
2177,UNS 2025-08-21,2025-01-01,10,Alliance,#F6CB2F,1,295.087612,0.453981
2177,UNS 2025-08-21,2025-01-01,4,Conservative,#0087DC,52,11097.137340,17.072519
2177,UNS 2025-08-21,2025-01-01,9,Democratic Unionist Party,#D46A4C,6,436.007298,0.670780
2177,UNS 2025-08-21,2025-01-01,6,Green,#6AB023,4,5802.650456,8.927155
2177,UNS 2025-08-21,2025-01-01,1,Labour,#E4003B,168,14144.158616,21.760244
2177,UNS 2025-08-21,2025-01-01,5,Liberal Democrats,#FAA61A,75,8177.639230,12.580983
2177,UNS 2025-08-21,2025-01-01,7,Other,#808080,16,2694.585187,4.145516
2177,UNS 2025-08-21,2025-01-01,3,Plaid Cymru,#005B54,4,633.222029,0.974188
2177,UNS 2025-08-21,2025-01-01,2,Reform UK,#12B6CF,298,18891.987674,29.064596
2177,UNS 2025-08-21,2025-01-01,12,SDLP,#2AA82C,2,223.702666,0.344158
2177,UNS 2025-08-21,2025-01-01,8,Scottish National Party,#FFF95D,16,1845.832417,2.839742
2177,UNS 2025-08-21,2025-01-01,13,Sinn Féin,#326760,7,528.172423,0.812573
2177,UNS 2025-08-21,2025-01-01,11,Ulster Unionist Party,#48A5EE,1,229.817051,0.353565
2178,UNS 2025-08-22,2025-01-01,10,Alliance,#F6CB2F,1,295.091185,0.453986
2178,UNS 2025-08-22,2025-01-01,4,Conservative,#0087DC,52,11085.718324,17.054951
2178,UNS 2025-08-22,2025-01-01,9,Democratic Unionist Party,#D46A4C,6,436.012007,0.670788
2178,UNS 2025-08-22,2025-01-01,6,Green,#6AB023,4,5804.041503,8.929295
2178,UNS 2025-08-22,2025-01-01,1,Labour,#E4003B,172,14202.448618,21.849921
2178,UNS 2025-08-22,2025-01-01,5,Liberal Democrats,#FAA61A,75,8201.840864,12.618217
2178,UNS 2025-08-22,2025-01-01,7,Other,#808080,15,2723.078302,4.189351
2178,UNS 2025-08-22,2025-01-01,3,Plaid Cymru,#005B54,4,604.768280,0.930413
2178,UNS 2025-08-22,2025-01-01,2,Reform UK,#12B6CF,298,18917.003794,29.103083
2178,UNS 2025-08-22,2025-01-01,12,SDLP,#2AA82C,2,223.706978,0.344165
2178,UNS 2025-08-22,2025-01-01,8,Scottish National Party,#FFF95D,13,1748.290294,2.689677
2178,UNS 2025-08-22,2025-01-01,13,Sinn Féin,#326760,7,528.180427,0.812585
2178,UNS 2025-08-22,2025-01-01,11,Ulster Unionist Party,#48A5EE,1,229.819424,0.353568
2179,UNS 2025-08-23,2025-01-01,10,Alliance,#F6CB2F,1,295.091185,0.453986
2179,UNS 2025-08-23,2025-01-01,4,Conservative,#0087DC,52,11085.718324,17.054951
2179,UNS 2025-08-23,2025-01-01,9,Democratic Unionist Party,#D46A4C,6,436.012007,0.670788
2179,UNS 2025-08-23,2025-01-01,6,Green,#6AB023,4,5804.041503,8.929295
2179,UNS 2025-08-23,2025-01-01,1,Labour,#E4003B,172,14202.448618,21.849921
2179,UNS 2025-08-23,2025-01-01,5,Liberal Democrats,#FAA61A,75,8201.840864,12.618217
2179,UNS 2025-08-23,2025-01-01,7,Other,#808080,15,2723.078302,4.189351
2179,UNS 2025-08-23,2025-01-01,3,Plaid Cymru,#005B54,4,604.768280,0.930413
2179,UNS 2025-08-23,2025-01-01,2,Reform UK,#12B6CF,298,18917.003794,29.103083
2179,UNS 2025-08-23,2025-01-01,12,SDLP,#2AA82C,2,223.706978,0.344165
2179,UNS 2025-08-23,2025-01-01,8,Scottish National Party,#FFF95D,13,1748.290294,2.689677
2179,UNS 2025-08-23,2025-01-01,13,Sinn Féin,#326760,7,528.180427,0.812585
2179,UNS 2025-08-23,2025-01-01,11,Ulster Unionist Party,#48A5EE,1,229.819424,0.353568
2180,UNS 2025-08-24,2025-01-01,10,Alliance,#F6CB2F,1,295.091185,0.453986
2180,UNS 2025-08-24,2025-01-01,4,Conservative,#0087DC,52,11085.718324,17.054951
2180,UNS 2025-08-24,2025-01-01,9,Democratic Unionist Party,#D46A4C,6,436.012007,0.670788
2180,UNS 2025-08-24,2025-01-01,6,Green,#6AB023,4,5804.041503,8.929295
2180,UNS 2025-08-24,2025-01-01,1,Labour,#E4003B,172,14202.448618,21.849921
2180,UNS 2025-08-24,2025-01-01,5,Liberal Democrats,#FAA61A,75,8201.840864,12.618217
2180,UNS 2025-08-24,2025-01-01,7,Other,#808080,15,2723.078302,4.189351
2180,UNS 2025-08-24,2025-01-01,3,Plaid Cymru,#005B54,4,604.768280,0.930413
2180,UNS 2025-08-24,2025-01-01,2,Reform UK,#12B6CF,298,18917.003794,29.103083
2180,UNS 2025-08-24,2025-01-01,12,SDLP,#2AA82C,2,223.706978,0.344165
2180,UNS 2025-08-24,2025-01-01,8,Scottish National Party,#FFF95D,13,1748.290294,2.689677
2180,UNS 2025-08-24,2025-01-01,13,Sinn Féin,#326760,7,528.180427,0.812585
2180,UNS 2025-08-24,2025-01-01,11,Ulster Unionist Party,#48A5EE,1,229.819424,0.353568
2181,UNS 2025-08-25,2025-01-01,10,Alliance,#F6CB2F,1,295.091185,0.453986
2181,UNS 2025-08-25,2025-01-01,4,Conservative,#0087DC,52,11085.718324,17.054951
2181,UNS 2025-08-25,2025-01-01,9,Democratic Unionist Party,#D46A4C,6,436.012007,0.670788
2181,UNS 2025-08-25,2025-01-01,6,Green,#6AB023,4,5804.041503,8.929295
2181,UNS 2025-08-25,2025-01-01,1,Labour,#E4003B,172,14202.448618,21.849921
2181,UNS 2025-08-25,2025-01-01,5,Liberal Democrats,#FAA61A,75,8201.840864,12.618217
2181,UNS 2025-08-25,2025-01-01,7,Other,#808080,15,2723.078302,4.189351
2181,UNS 2025-08-25,2025-01-01,3,Plaid Cymru,#005B54,4,604.768280,0.930413
2181,UNS 2025-08-25,2025-01-01,2,Reform UK,#12B6CF,298,18917.003794,29.103083
2181,UNS 2025-08-25,2025-01-01,12,SDLP,#2AA82C,2,223.706978,0.344165
2181,UNS 2025-08-25,2025-01-01,8,Scottish National Party,#FFF95D,13,1748.290294,2.689677
2181,UNS 2025-08-25,2025-01-01,13,Sinn Féin,#326760,7,528.180427,0.812585
2181,UNS 2025-08-25,2025-01-01,11,Ulster Unionist Party,#48A5EE,1,229.819424,0.353568
2182,UNS 2025-08-26,2025-01-01,10,Alliance,#F6CB2F,1,295.094580,0.453992
2182,UNS 2025-08-26,2025-01-01,4,Conservative,#0087DC,50,11011.387160,16.940596
2182,UNS 2025-08-26,2025-01-01,9,Democratic Unionist Party,#D46A4C,6,436.016480,0.670795
2182,UNS 2025-08-26,2025-01-01,6,Green,#6AB023,4,5756.606009,8.856317
2182,UNS 2025-08-26,2025-01-01,1,Labour,#E4003B,170,14085.416021,21.669871
2182,UNS 2025-08-26,2025-01-01,5,Liberal Democrats,#FAA61A,75,8190.976322,12.601502
2182,UNS 2025-08-26,2025-01-01,7,Other,#808080,17,2735.961638,4.209172
2182,UNS 2025-08-26,2025-01-01,3,Plaid Cymru,#005B54,4,650.143094,1.000220
2182,UNS 2025-08-26,2025-01-01,2,Reform UK,#12B6CF,301,18903.767860,29.082720
2182,UNS 2025-08-26,2025-01-01,12,SDLP,#2AA82C,2,223.711075,0.344171
2182,UNS 2025-08-26,2025-01-01,8,Scottish National Party,#FFF95D,12,1952.910053,3.004477
2182,UNS 2025-08-26,2025-01-01,13,Sinn Féin,#326760,7,528.188030,0.812597
2182,UNS 2025-08-26,2025-01-01,11,Ulster Unionist Party,#48A5EE,1,229.821678,0.353572
2183,UNS 2025-08-27,2025-01-01,10,Alliance,#F6CB2F,1,295.097594,0.453996
2183,UNS 2025-08-27,2025-01-01,4,Conservative,#0087DC,49,10932.585789,16.819363
2183,UNS 2025-08-27,2025-01-01,9,Democratic Unionist Party,#D46A4C,6,436.020453,0.670801
2183,UNS 2025-08-27,2025-01-01,6,Green,#6AB023,4,5791.074752,8.909346
2183,UNS 2025-08-27,2025-01-01,1,Labour,#E4003B,165,13994.485253,21.529977
2183,UNS 2025-08-27,2025-01-01,5,Liberal Democrats,#FAA61A,75,8165.865842,12.562871
2183,UNS 2025-08-27,2025-01-01,7,Other,#808080,16,2797.374677,4.303653
2183,UNS 2025-08-27,2025-01-01,3,Plaid Cymru,#005B54,4,650.494253,1.000760
2183,UNS 2025-08-27,2025-01-01,2,Reform UK,#12B6CF,307,19046.114174,29.301714
2183,UNS 2025-08-27,2025-01-01,12,SDLP,#2AA82C,2,223.714712,0.344176
2183,UNS 2025-08-27,2025-01-01,8,Scottish National Party,#FFF95D,13,1909.154040,2.937160
2183,UNS 2025-08-27,2025-01-01,13,Sinn Féin,#326760,7,528.194781,0.812607
2183,UNS 2025-08-27,2025-01-01,11,Ulster Unionist Party,#48A5EE,1,229.823680,0.353575
2184,UNS 2025-08-28,2025-01-01,10,Alliance,#F6CB2F,1,295.100288,0.454000
2184,UNS 2025-08-28,2025-01-01,4,Conservative,#0087DC,50,10917.596394,16.796302
2184,UNS 2025-08-28,2025-01-01,9,Democratic Unionist Party,#D46A4C,6,436.024003,0.670806
2184,UNS 2025-08-28,2025-01-01,6,Green,#6AB023,4,5782.859330,8.896707
2184,UNS 2025-08-28,2025-01-01,1,Labour,#E4003B,170,14067.529086,21.642352
2184,UNS 2025-08-28,2025-01-01,5,Liberal Democrats,#FAA61A,75,8149.820580,12.538186
2184,UNS 2025-08-28,2025-01-01,7,Other,#808080,17,2820.427884,4.339120
2184,UNS 2025-08-28,2025-01-01,3,Plaid Cymru,#005B54,4,646.641756,0.994833
2184,UNS 2025-08-28,2025-01-01,2,Reform UK,#12B6CF,301,19022.825169,29.265885
2184,UNS 2025-08-28,2025-01-01,12,SDLP,#2AA82C,2,223.717964,0.344181
2184,UNS 2025-08-28,2025-01-01,8,Scottish National Party,#FFF95D,12,1879.431261,2.891433
2184,UNS 2025-08-28,2025-01-01,13,Sinn Féin,#326760,7,528.200816,0.812617
2184,UNS 2025-08-28,2025-01-01,11,Ulster Unionist Party,#48A5EE,1,229.825469,0.353578
2185,UNS 2025-08-29,2025-01-01,10,Alliance,#F6CB2F,1,295.100288,0.454000
2185,UNS 2025-08-29,2025-01-01,4,Conservative,#0087DC,50,10917.596394,16.796302
2185,UNS 2025-08-29,2025-01-01,9,Democratic Unionist Party,#D46A4C,6,436.024003,0.670806
2185,UNS 2025-08-29,2025-01-01,6,Green,#6AB023,4,5782.859330,8.896707
2185,UNS 2025-08-29,2025-01-01,1,Labour,#E4003B,170,14067.529086,21.642352
2185,UNS 2025-08-29,2025-01-01,5,Liberal Democrats,#FAA61A,75,8149.820580,12.538186
2185,UNS 2025-08-29,2025-01-01,7,Other,#808080,17,2820.427884,4.339120
2185,UNS 2025-08-29,2025-01-01,3,Plaid Cymru,#005B54,4,646.641756,0.994833
2185,UNS 2025-08-29,2025-01-01,2,Reform UK,#12B6CF,301,19022.825169,29.265885
2185,UNS 2025-08-29,2025-01-01,12,SDLP,#2AA82C,2,223.717964,0.344181
2185,UNS 2025-08-29,2025-01-01,8,Scottish National Party,#FFF95D,12,1879.431261,2.891433
2185,UNS 2025-08-29,2025-01-01,13,Sinn Féin,#326760,7,528.200816,0.812617
2185,UNS 2025-08-29,2025-01-01,11,Ulster Unionist Party,#48A5EE,1,229.825469,0.353578
2186,UNS 2025-08-30,2025-01-01,10,Alliance,#F6CB2F,1,295.100287,0.454000
2186,UNS 2025-08-30,2025-01-01,4,Conservative,#0087DC,50,10917.538188,16.796213
2186,UNS 2025-08-30,2025-01-01,9,Democratic Unionist Party,#D46A4C,6,436.024003,0.670806
2186,UNS 2025-08-30,2025-01-01,6,Green,#6AB023,4,5782.864834,8.896715
2186,UNS 2025-08-30,2025-01-01,1,Labour,#E4003B,170,14067.475268,21.642270
2186,UNS 2025-08-30,2025-01-01,5,Liberal Democrats,#FAA61A,75,8149.829245,12.538199
2186,UNS 2025-08-30,2025-01-01,7,Other,#808080,17,2820.442592,4.339142
2186,UNS 2025-08-30,2025-01-01,3,Plaid Cymru,#005B54,4,646.645272,0.994839
2186,UNS 2025-08-30,2025-01-01,2,Reform UK,#12B6CF,301,19022.898120,29.265997
2186,UNS 2025-08-30,2025-01-01,12,SDLP,#2AA82C,2,223.717963,0.344181
2186,UNS 2025-08-30,2025-01-01,8,Scottish National Party,#FFF95D,12,1879.437946,2.891443
2186,UNS 2025-08-30,2025-01-01,13,Sinn Féin,#326760,7,528.200815,0.812617
2186,UNS 2025-08-30,2025-01-01,11,Ulster Unionist Party,#48A5EE,1,229.825469,0.353578
2187,UNS 2025-08-31,2025-01-01,10,Alliance,#F6CB2F,1,295.100287,0.454000
2187,UNS 2025-08-31,2025-01-01,4,Conservative,#0087DC,50,10917.538188,16.796213
2187,UNS 2025-08-31,2025-01-01,9,Democratic Unionist Party,#D46A4C,6,436.024003,0.670806
2187,UNS 2025-08-31,2025-01-01,6,Green,#6AB023,4,5782.864834,8.896715
2187,UNS 2025-08-31,2025-01-01,1,Labour,#E4003B,170,14067.475268,21.642270
2187,UNS 2025-08-31,2025-01-01,5,Liberal Democrats,#FAA61A,75,8149.829245,12.538199
2187,UNS 2025-08-31,2025-01-01,7,Other,#808080,17,2820.442592,4.339142
2187,UNS 2025-08-31,2025-01-01,3,Plaid Cymru,#005B54,4,646.645272,0.994839
2187,UNS 2025-08-31,2025-01-01,2,Reform UK,#12B6CF,301,19022.898120,29.265997
2187,UNS 2025-08-31,2025-01-01,12,SDLP,#2AA82C,2,223.717963,0.344181
2187,UNS 2025-08-31,2025-01-01,8,Scottish National Party,#FFF95D,12,1879.437946,2.891443
2187,UNS 2025-08-31,2025-01-01,13,Sinn Féin,#326760,7,528.200815,0.812617
2187,UNS 2025-08-31,2025-01-01,11,Ulster Unionist Party,#48A5EE,1,229.825469,0.353578
2188,UNS 2025-09-01,2025-01-01,10,Alliance,#F6CB2F,1,294.785569,0.453516
2188,UNS 2025-09-01,2025-01-01,4,Conservative,#0087DC,50,10848.375004,16.689808
2188,UNS 2025-09-01,2025-01-01,9,Democratic Unionist Party,#D46A4C,6,435.609234,0.670168
2188,UNS 2025-09-01,2025-01-01,6,Green,#6AB023,4,5662.493302,8.711528
2188,UNS 2025-09-01,2025-01-01,1,Labour,#E4003B,170,14095.797145,21.685842
2188,UNS 2025-09-01,2025-01-01,5,Liberal Democrats,#FAA61A,76,8064.998872,12.407691
2188,UNS 2025-09-01,2025-01-01,7,Other,#808080,17,2805.887024,4.316749
2188,UNS 2025-09-01,2025-01-01,3,Plaid Cymru,#005B54,4,643.853289,0.990544
2188,UNS 2025-09-01,2025-01-01,2,Reform UK,#12B6CF,300,19080.045760,29.353917
2188,UNS 2025-09-01,2025-01-01,12,SDLP,#2AA82C,2,223.338136,0.343597
2188,UNS 2025-09-01,2025-01-01,8,Scottish National Party,#FFF95D,12,2087.704353,3.211853
2188,UNS 2025-09-01,2025-01-01,13,Sinn Féin,#326760,7,527.495853,0.811532
2188,UNS 2025-09-01,2025-01-01,11,Ulster Unionist Party,#48A5EE,1,229.616459,0.353256
2189,UNS 2025-09-02,2025-01-01,10,Alliance,#F6CB2F,1,294.477234,0.453042
2189,UNS 2025-09-02,2025-01-01,4,Conservative,#0087DC,52,10871.068853,16.724721
2189,UNS 2025-09-02,2025-01-01,9,Democratic Unionist Party,#D46A4C,6,435.181592,0.669510
2189,UNS 2025-09-02,2025-01-01,6,Green,#6AB023,4,5625.233574,8.654205
2189,UNS 2025-09-02,2025-01-01,1,Labour,#E4003B,172,14211.377805,21.863658
2189,UNS 2025-09-02,2025-01-01,5,Liberal Democrats,#FAA61A,75,8022.539425,12.342368
2189,UNS 2025-09-02,2025-01-01,7,Other,#808080,18,2779.511233,4.276171
2189,UNS 2025-09-02,2025-01-01,3,Plaid Cymru,#005B54,4,624.845544,0.961301
2189,UNS 2025-09-02,2025-01-01,2,Reform UK,#12B6CF,295,19077.916309,29.350640
2189,UNS 2025-09-02,2025-01-01,12,SDLP,#2AA82C,2,222.933823,0.342975
2189,UNS 2025-09-02,2025-01-01,8,Scottish National Party,#FFF95D,13,2078.857442,3.198242
2189,UNS 2025-09-02,2025-01-01,13,Sinn Féin,#326760,7,526.658027,0.810243
2189,UNS 2025-09-02,2025-01-01,11,Ulster Unionist Party,#48A5EE,1,229.399139,0.352922
2190,UNS 2025-09-03,2025-01-01,10,Alliance,#F6CB2F,1,294.517056,0.453103
2190,UNS 2025-09-03,2025-01-01,4,Conservative,#0087DC,51,10854.432979,16.699128
2190,UNS 2025-09-03,2025-01-01,9,Democratic Unionist Party,#D46A4C,6,435.237248,0.669596
2190,UNS 2025-09-03,2025-01-01,6,Green,#6AB023,4,5690.016358,8.753871
2190,UNS 2025-09-03,2025-01-01,1,Labour,#E4003B,166,14131.677453,21.741042
2190,UNS 2025-09-03,2025-01-01,5,Liberal Democrats,#FAA61A,75,8003.855493,12.313624
2190,UNS 2025-09-03,2025-01-01,7,Other,#808080,18,2798.786948,4.305826
2190,UNS 2025-09-03,2025-01-01,3,Plaid Cymru,#005B54,4,619.995774,0.953840
2190,UNS 2025-09-03,2025-01-01,2,Reform UK,#12B6CF,299,19152.848669,29.465921
2190,UNS 2025-09-03,2025-01-01,12,SDLP,#2AA82C,2,222.986684,0.343056
2190,UNS 2025-09-03,2025-01-01,8,Scottish National Party,#FFF95D,16,2039.448707,3.137613
2190,UNS 2025-09-03,2025-01-01,13,Sinn Féin,#326760,7,526.769174,0.810414
2190,UNS 2025-09-03,2025-01-01,11,Ulster Unionist Party,#48A5EE,1,229.427457,0.352965
2191,UNS 2025-09-04,2025-01-01,10,Alliance,#F6CB2F,1,294.517056,0.453103
2191,UNS 2025-09-04,2025-01-01,4,Conservative,#0087DC,51,10854.432979,16.699128
2191,UNS 2025-09-04,2025-01-01,9,Democratic Unionist Party,#D46A4C,6,435.237248,0.669596
2191,UNS 2025-09-04,2025-01-01,6,Green,#6AB023,4,5690.016358,8.753871
2191,UNS 2025-09-04,2025-01-01,1,Labour,#E4003B,166,14131.677453,21.741042
2191,UNS 2025-09-04,2025-01-01,5,Liberal Democrats,#FAA61A,75,8003.855493,12.313624
2191,UNS 2025-09-04,2025-01-01,7,Other,#808080,18,2798.786948,4.305826
2191,UNS 2025-09-04,2025-01-01,3,Plaid Cymru,#005B54,4,619.995774,0.953840
2191,UNS 2025-09-04,2025-01-01,2,Reform UK,#12B6CF,299,19152.848669,29.465921
2191,UNS 2025-09-04,2025-01-01,12,SDLP,#2AA82C,2,222.986684,0.343056
2191,UNS 2025-09-04,2025-01-01,8,Scottish National Party,#FFF95D,16,2039.448707,3.137613
2191,UNS 2025-09-04,2025-01-01,13,Sinn Féin,#326760,7,526.769174,0.810414
2191,UNS 2025-09-04,2025-01-01,11,Ulster Unionist Party,#48A5EE,1,229.427457,0.352965
2192,UNS 2025-09-05,2025-01-01,10,Alliance,#F6CB2F,1,294.554190,0.453160
2192,UNS 2025-09-05,2025-01-01,4,Conservative,#0087DC,50,10880.039003,16.738522
2192,UNS 2025-09-05,2025-01-01,9,Democratic Unionist Party,#D46A4C,6,435.289147,0.669676
2192,UNS 2025-09-05,2025-01-01,6,Green,#6AB023,4,5722.690946,8.804140
2192,UNS 2025-09-05,2025-01-01,1,Labour,#E4003B,170,14185.894678,21.824453
2192,UNS 2025-09-05,2025-01-01,5,Liberal Democrats,#FAA61A,75,7980.264094,12.277329
2192,UNS 2025-09-05,2025-01-01,7,Other,#808080,17,2794.920089,4.299877
2192,UNS 2025-09-05,2025-01-01,3,Plaid Cymru,#005B54,4,594.267637,0.914258
2192,UNS 2025-09-05,2025-01-01,2,Reform UK,#12B6CF,301,19192.517691,29.526950
2192,UNS 2025-09-05,2025-01-01,12,SDLP,#2AA82C,2,223.035977,0.343132
2192,UNS 2025-09-05,2025-01-01,8,Scottish National Party,#FFF95D,12,1940.199866,2.984923
2192,UNS 2025-09-05,2025-01-01,13,Sinn Féin,#326760,7,526.872818,0.810574
2192,UNS 2025-09-05,2025-01-01,11,Ulster Unionist Party,#48A5EE,1,229.453863,0.353006
2193,UNS 2025-09-06,2025-01-01,10,Alliance,#F6CB2F,1,294.554190,0.453160
2193,UNS 2025-09-06,2025-01-01,4,Conservative,#0087DC,50,10880.039003,16.738522
2193,UNS 2025-09-06,2025-01-01,9,Democratic Unionist Party,#D46A4C,6,435.289147,0.669676
2193,UNS 2025-09-06,2025-01-01,6,Green,#6AB023,4,5722.690946,8.804140
2193,UNS 2025-09-06,2025-01-01,1,Labour,#E4003B,170,14185.894678,21.824453
2193,UNS 2025-09-06,2025-01-01,5,Liberal Democrats,#FAA61A,75,7980.264094,12.277329
2193,UNS 2025-09-06,2025-01-01,7,Other,#808080,17,2794.920089,4.299877
2193,UNS 2025-09-06,2025-01-01,3,Plaid Cymru,#005B54,4,594.267637,0.914258
2193,UNS 2025-09-06,2025-01-01,2,Reform UK,#12B6CF,301,19192.517691,29.526950
2193,UNS 2025-09-06,2025-01-01,12,SDLP,#2AA82C,2,223.035977,0.343132
2193,UNS 2025-09-06,2025-01-01,8,Scottish National Party,#FFF95D,12,1940.199866,2.984923
2193,UNS 2025-09-06,2025-01-01,13,Sinn Féin,#326760,7,526.872818,0.810574
2193,UNS 2025-09-06,2025-01-01,11,Ulster Unionist Party,#48A5EE,1,229.453863,0.353006
2194,UNS 2025-09-07,2025-01-01,10,Alliance,#F6CB2F,1,294.554190,0.453160
2194,UNS 2025-09-07,2025-01-01,4,Conservative,#0087DC,50,10880.039003,16.738522
2194,UNS 2025-09-07,2025-01-01,9,Democratic Unionist Party,#D46A4C,6,435.289147,0.669676
2194,UNS 2025-09-07,2025-01-01,6,Green,#6AB023,4,5722.690946,8.804140
2194,UNS 2025-09-07,2025-01-01,1,Labour,#E4003B,170,14185.894678,21.824453
2194,UNS 2025-09-07,2025-01-01,5,Liberal Democrats,#FAA61A,75,7980.264094,12.277329
2194,UNS 2025-09-07,2025-01-01,7,Other,#808080,17,2794.920089,4.299877
2194,UNS 2025-09-07,2025-01-01,3,Plaid Cymru,#005B54,4,594.267637,0.914258
2194,UNS 2025-09-07,2025-01-01,2,Reform UK,#12B6CF,301,19192.517691,29.526950
2194,UNS 2025-09-07,2025-01-01,12,SDLP,#2AA82C,2,223.035977,0.343132
2194,UNS 2025-09-07,2025-01-01,8,Scottish National Party,#FFF95D,12,1940.199866,2.984923
2194,UNS 2025-09-07,2025-01-01,13,Sinn Féin,#326760,7,526.872818,0.810574
2194,UNS 2025-09-07,2025-01-01,11,Ulster Unionist Party,#48A5EE,1,229.453863,0.353006
2195,UNS 2025-09-08,2025-01-01,10,Alliance,#F6CB2F,1,294.589628,0.453215
2195,UNS 2025-09-08,2025-01-01,4,Conservative,#0087DC,48,10811.304128,16.632776
2195,UNS 2025-09-08,2025-01-01,9,Democratic Unionist Party,#D46A4C,6,435.338676,0.669752
2195,UNS 2025-09-08,2025-01-01,6,Green,#6AB023,4,5707.079730,8.780123
2195,UNS 2025-09-08,2025-01-01,1,Labour,#E4003B,168,14131.422761,21.740650
2195,UNS 2025-09-08,2025-01-01,5,Liberal Democrats,#FAA61A,75,7962.959278,12.250707
2195,UNS 2025-09-08,2025-01-01,7,Other,#808080,17,2766.827006,4.256657
2195,UNS 2025-09-08,2025-01-01,3,Plaid Cymru,#005B54,4,637.784104,0.981206
2195,UNS 2025-09-08,2025-01-01,2,Reform UK,#12B6CF,305,19144.228559,29.452659
2195,UNS 2025-09-08,2025-01-01,12,SDLP,#2AA82C,2,223.083018,0.343205
2195,UNS 2025-09-08,2025-01-01,8,Scottish National Party,#FFF95D,12,2128.932322,3.275280
2195,UNS 2025-09-08,2025-01-01,13,Sinn Féin,#326760,7,526.971728,0.810726
2195,UNS 2025-09-08,2025-01-01,11,Ulster Unionist Party,#48A5EE,1,229.479064,0.353045
2196,UNS 2025-09-09,2025-01-01,10,Alliance,#F6CB2F,1,294.589628,0.453215
2196,UNS 2025-09-09,2025-01-01,4,Conservative,#0087DC,48,10811.304128,16.632776
2196,UNS 2025-09-09,2025-01-01,9,Democratic Unionist Party,#D46A4C,6,435.338676,0.669752
2196,UNS 2025-09-09,2025-01-01,6,Green,#6AB023,4,5707.079730,8.780123
2196,UNS 2025-09-09,2025-01-01,1,Labour,#E4003B,168,14131.422761,21.740650
2196,UNS 2025-09-09,2025-01-01,5,Liberal Democrats,#FAA61A,75,7962.959278,12.250707
2196,UNS 2025-09-09,2025-01-01,7,Other,#808080,17,2766.827006,4.256657
2196,UNS 2025-09-09,2025-01-01,3,Plaid Cymru,#005B54,4,637.784104,0.981206
2196,UNS 2025-09-09,2025-01-01,2,Reform UK,#12B6CF,305,19144.228559,29.452659
2196,UNS 2025-09-09,2025-01-01,12,SDLP,#2AA82C,2,223.083018,0.343205
2196,UNS 2025-09-09,2025-01-01,8,Scottish National Party,#FFF95D,12,2128.932322,3.275280
2196,UNS 2025-09-09,2025-01-01,13,Sinn Féin,#326760,7,526.971728,0.810726
2196,UNS 2025-09-09,2025-01-01,11,Ulster Unionist Party,#48A5EE,1,229.479064,0.353045
2197,UNS 2025-09-10,2025-01-01,10,Alliance,#F6CB2F,1,294.622675,0.453266
2197,UNS 2025-09-10,2025-01-01,4,Conservative,#0087DC,44,10750.091551,16.538602
2197,UNS 2025-09-10,2025-01-01,9,Democratic Unionist Party,#D46A4C,6,435.384864,0.669823
2197,UNS 2025-09-10,2025-01-01,6,Green,#6AB023,4,5779.557344,8.891627
2197,UNS 2025-09-10,2025-01-01,1,Labour,#E4003B,165,14061.040727,21.632370
2197,UNS 2025-09-10,2025-01-01,5,Liberal Democrats,#FAA61A,75,7919.619422,12.184030
2197,UNS 2025-09-10,2025-01-01,7,Other,#808080,17,2814.927952,4.330658
2197,UNS 2025-09-10,2025-01-01,3,Plaid Cymru,#005B54,4,627.567976,0.965489
2197,UNS 2025-09-10,2025-01-01,2,Reform UK,#12B6CF,312,19262.433140,29.634513
2197,UNS 2025-09-10,2025-01-01,12,SDLP,#2AA82C,2,223.126886,0.343272
2197,UNS 2025-09-10,2025-01-01,8,Scottish National Party,#FFF95D,12,2075.060932,3.192401
2197,UNS 2025-09-10,2025-01-01,13,Sinn Féin,#326760,7,527.063967,0.810868
2197,UNS 2025-09-10,2025-01-01,11,Ulster Unionist Party,#48A5EE,1,229.502564,0.353081
2198,UNS 2025-09-11,2025-01-01,10,Alliance,#F6CB2F,1,294.622675,0.453266
2198,UNS 2025-09-11,2025-01-01,4,Conservative,#0087DC,44,10750.091551,16.538602
2198,UNS 2025-09-11,2025-01-01,9,Democratic Unionist Party,#D46A4C,6,435.384864,0.669823
2198,UNS 2025-09-11,2025-01-01,6,Green,#6AB023,4,5779.557344,8.891627
2198,UNS 2025-09-11,2025-01-01,1,Labour,#E4003B,165,14061.040727,21.632370
2198,UNS 2025-09-11,2025-01-01,5,Liberal Democrats,#FAA61A,75,7919.619422,12.184030
2198,UNS 2025-09-11,2025-01-01,7,Other,#808080,17,2814.927952,4.330658
2198,UNS 2025-09-11,2025-01-01,3,Plaid Cymru,#005B54,4,627.567976,0.965489
2198,UNS 2025-09-11,2025-01-01,2,Reform UK,#12B6CF,312,19262.433140,29.634513
2198,UNS 2025-09-11,2025-01-01,12,SDLP,#2AA82C,2,223.126886,0.343272
2198,UNS 2025-09-11,2025-01-01,8,Scottish National Party,#FFF95D,12,2075.060932,3.192401
2198,UNS 2025-09-11,2025-01-01,13,Sinn Féin,#326760,7,527.063967,0.810868
2198,UNS 2025-09-11,2025-01-01,11,Ulster Unionist Party,#48A5EE,1,229.502564,0.353081
2199,UNS 2025-09-12,2025-01-01,10,Alliance,#F6CB2F,1,294.622675,0.453266
2199,UNS 2025-09-12,2025-01-01,4,Conservative,#0087DC,44,10750.091551,16.538602
2199,UNS 2025-09-12,2025-01-01,9,Democratic Unionist Party,#D46A4C,6,435.384864,0.669823
2199,UNS 2025-09-12,2025-01-01,6,Green,#6AB023,4,5779.557344,8.891627
2199,UNS 2025-09-12,2025-01-01,1,Labour,#E4003B,165,14061.040727,21.632370
2199,UNS 2025-09-12,2025-01-01,5,Liberal Democrats,#FAA61A,75,7919.619422,12.184030
2199,UNS 2025-09-12,2025-01-01,7,Other,#808080,17,2814.927952,4.330658
2199,UNS 2025-09-12,2025-01-01,3,Plaid Cymru,#005B54,4,627.567976,0.965489
2199,UNS 2025-09-12,2025-01-01,2,Reform UK,#12B6CF,312,19262.433140,29.634513
2199,UNS 2025-09-12,2025-01-01,12,SDLP,#2AA82C,2,223.126886,0.343272
2199,UNS 2025-09-12,2025-01-01,8,Scottish National Party,#FFF95D,12,2075.060932,3.192401
2199,UNS 2025-09-12,2025-01-01,13,Sinn Féin,#326760,7,527.063967,0.810868
2199,UNS 2025-09-12,2025-01-01,11,Ulster Unionist Party,#48A5EE,1,229.502564,0.353081
2200,UNS 2025-09-13,2025-01-01,10,Alliance,#F6CB2F,1,294.622675,0.453266
2200,UNS 2025-09-13,2025-01-01,4,Conservative,#0087DC,44,10750.091551,16.538602
2200,UNS 2025-09-13,2025-01-01,9,Democratic Unionist Party,#D46A4C,6,435.384864,0.669823
2200,UNS 2025-09-13,2025-01-01,6,Green,#6AB023,4,5779.557344,8.891627
2200,UNS 2025-09-13,2025-01-01,1,Labour,#E4003B,165,14061.040727,21.632370
2200,UNS 2025-09-13,2025-01-01,5,Liberal Democrats,#FAA61A,75,7919.619422,12.184030
2200,UNS 2025-09-13,2025-01-01,7,Other,#808080,17,2814.927952,4.330658
2200,UNS 2025-09-13,2025-01-01,3,Plaid Cymru,#005B54,4,627.567976,0.965489
2200,UNS 2025-09-13,2025-01-01,2,Reform UK,#12B6CF,312,19262.433140,29.634513
2200,UNS 2025-09-13,2025-01-01,12,SDLP,#2AA82C,2,223.126886,0.343272
2200,UNS 2025-09-13,2025-01-01,8,Scottish National Party,#FFF95D,12,2075.060932,3.192401
2200,UNS 2025-09-13,2025-01-01,13,Sinn Féin,#326760,7,527.063967,0.810868
2200,UNS 2025-09-13,2025-01-01,11,Ulster Unionist Party,#48A5EE,1,229.502564,0.353081
2201,UNS 2025-09-14,2025-01-01,10,Alliance,#F6CB2F,1,294.622675,0.453266
2201,UNS 2025-09-14,2025-01-01,4,Conservative,#0087DC,44,10750.091551,16.538602
2201,UNS 2025-09-14,2025-01-01,9,Democratic Unionist Party,#D46A4C,6,435.384864,0.669823
2201,UNS 2025-09-14,2025-01-01,6,Green,#6AB023,4,5779.557344,8.891627
2201,UNS 2025-09-14,2025-01-01,1,Labour,#E4003B,165,14061.040727,21.632370
2201,UNS 2025-09-14,2025-01-01,5,Liberal Democrats,#FAA61A,75,7919.619422,12.184030
2201,UNS 2025-09-14,2025-01-01,7,Other,#808080,17,2814.927952,4.330658
2201,UNS 2025-09-14,2025-01-01,3,Plaid Cymru,#005B54,4,627.567976,0.965489
2201,UNS 2025-09-14,2025-01-01,2,Reform UK,#12B6CF,312,19262.433140,29.634513
2201,UNS 2025-09-14,2025-01-01,12,SDLP,#2AA82C,2,223.126886,0.343272
2201,UNS 2025-09-14,2025-01-01,8,Scottish National Party,#FFF95D,12,2075.060932,3.192401
2201,UNS 2025-09-14,2025-01-01,13,Sinn Féin,#326760,7,527.063967,0.810868
2201,UNS 2025-09-14,2025-01-01,11,Ulster Unionist Party,#48A5EE,1,229.502564,0.353081
2202,UNS 2025-09-15,2025-01-01,10,Alliance,#F6CB2F,1,294.655619,0.453316
2202,UNS 2025-09-15,2025-01-01,4,Conservative,#0087DC,48,10681.253695,16.432698
2202,UNS 2025-09-15,2025-01-01,9,Democratic Unionist Party,#D46A4C,6,435.430906,0.669894
2202,UNS 2025-09-15,2025-01-01,6,Green,#6AB023,4,5737.959020,8.827629
2202,UNS 2025-09-15,2025-01-01,1,Labour,#E4003B,168,14024.020309,21.575416
2202,UNS 2025-09-15,2025-01-01,5,Liberal Democrats,#FAA61A,76,7881.499967,12.125385
2202,UNS 2025-09-15,2025-01-01,7,Other,#808080,18,2821.812153,4.341249
2202,UNS 2025-09-15,2025-01-01,3,Plaid Cymru,#005B54,4,665.277159,1.023503
2202,UNS 2025-09-15,2025-01-01,2,Reform UK,#12B6CF,305,19237.896094,29.596763
2202,UNS 2025-09-15,2025-01-01,12,SDLP,#2AA82C,2,223.170616,0.343339
2202,UNS 2025-09-15,2025-01-01,8,Scottish National Party,#FFF95D,10,2240.342557,3.446681
2202,UNS 2025-09-15,2025-01-01,13,Sinn Féin,#326760,7,527.155915,0.811009
2202,UNS 2025-09-15,2025-01-01,11,Ulster Unionist Party,#48A5EE,1,229.525991,0.353117
2203,UNS 2025-09-16,2025-01-01,10,Alliance,#F6CB2F,1,294.655619,0.453316
2203,UNS 2025-09-16,2025-01-01,4,Conservative,#0087DC,48,10681.253695,16.432698
2203,UNS 2025-09-16,2025-01-01,9,Democratic Unionist Party,#D46A4C,6,435.430906,0.669894
2203,UNS 2025-09-16,2025-01-01,6,Green,#6AB023,4,5737.959020,8.827629
2203,UNS 2025-09-16,2025-01-01,1,Labour,#E4003B,168,14024.020309,21.575416
2203,UNS 2025-09-16,2025-01-01,5,Liberal Democrats,#FAA61A,76,7881.499967,12.125385
2203,UNS 2025-09-16,2025-01-01,7,Other,#808080,18,2821.812153,4.341249
2203,UNS 2025-09-16,2025-01-01,3,Plaid Cymru,#005B54,4,665.277159,1.023503
2203,UNS 2025-09-16,2025-01-01,2,Reform UK,#12B6CF,305,19237.896094,29.596763
2203,UNS 2025-09-16,2025-01-01,12,SDLP,#2AA82C,2,223.170616,0.343339
2203,UNS 2025-09-16,2025-01-01,8,Scottish National Party,#FFF95D,10,2240.342557,3.446681
2203,UNS 2025-09-16,2025-01-01,13,Sinn Féin,#326760,7,527.155915,0.811009
2203,UNS 2025-09-16,2025-01-01,11,Ulster Unionist Party,#48A5EE,1,229.525991,0.353117
2204,UNS 2025-09-17,2025-01-01,10,Alliance,#F6CB2F,1,294.655619,0.453316
2204,UNS 2025-09-17,2025-01-01,4,Conservative,#0087DC,49,10660.705293,16.401085
2204,UNS 2025-09-17,2025-01-01,9,Democratic Unionist Party,#D46A4C,6,435.430906,0.669894
2204,UNS 2025-09-17,2025-01-01,6,Green,#6AB023,4,5790.426214,8.908348
2204,UNS 2025-09-17,2025-01-01,1,Labour,#E4003B,171,14146.801569,21.764310
2204,UNS 2025-09-17,2025-01-01,5,Liberal Democrats,#FAA61A,76,7842.477636,12.065350
2204,UNS 2025-09-17,2025-01-01,7,Other,#808080,17,2790.260816,4.292709
2204,UNS 2025-09-17,2025-01-01,3,Plaid Cymru,#005B54,4,644.859689,0.992092
2204,UNS 2025-09-17,2025-01-01,2,Reform UK,#12B6CF,306,19260.274181,29.631191
2204,UNS 2025-09-17,2025-01-01,12,SDLP,#2AA82C,2,223.170616,0.343339
2204,UNS 2025-09-17,2025-01-01,8,Scottish National Party,#FFF95D,6,2154.255554,3.314239
2204,UNS 2025-09-17,2025-01-01,13,Sinn Féin,#326760,7,527.155915,0.811009
2204,UNS 2025-09-17,2025-01-01,11,Ulster Unionist Party,#48A5EE,1,229.525991,0.353117
2205,UNS 2025-09-18,2025-01-01,10,Alliance,#F6CB2F,1,294.686856,0.453364
2205,UNS 2025-09-18,2025-01-01,4,Conservative,#0087DC,47,10621.387237,16.340596
2205,UNS 2025-09-18,2025-01-01,9,Democratic Unionist Party,#D46A4C,6,435.474564,0.669961
2205,UNS 2025-09-18,2025-01-01,6,Green,#6AB023,4,5872.866991,9.035180
2205,UNS 2025-09-18,2025-01-01,1,Labour,#E4003B,168,14009.125941,21.552501
2205,UNS 2025-09-18,2025-01-01,5,Liberal Democrats,#FAA61A,76,7835.231584,12.054202
2205,UNS 2025-09-18,2025-01-01,7,Other,#808080,17,2814.947098,4.330688
2205,UNS 2025-09-18,2025-01-01,3,Plaid Cymru,#005B54,4,645.210430,0.992631
2205,UNS 2025-09-18,2025-01-01,2,Reform UK,#12B6CF,310,19381.774838,29.818115
2205,UNS 2025-09-18,2025-01-01,12,SDLP,#2AA82C,2,223.212080,0.343403
2205,UNS 2025-09-18,2025-01-01,8,Scottish National Party,#FFF95D,7,2109.291076,3.245063
2205,UNS 2025-09-18,2025-01-01,13,Sinn Féin,#326760,7,527.243100,0.811143
2205,UNS 2025-09-18,2025-01-01,11,Ulster Unionist Party,#48A5EE,1,229.548204,0.353151
2206,UNS 2025-09-19,2025-01-01,10,Alliance,#F6CB2F,1,294.715187,0.453408
2206,UNS 2025-09-19,2025-01-01,4,Conservative,#0087DC,45,10624.972474,16.346111
2206,UNS 2025-09-19,2025-01-01,9,Democratic Unionist Party,#D46A4C,6,435.514159,0.670022
2206,UNS 2025-09-19,2025-01-01,6,Green,#6AB023,4,5888.137527,9.058673
2206,UNS 2025-09-19,2025-01-01,1,Labour,#E4003B,169,14055.994938,21.624608
2206,UNS 2025-09-19,2025-01-01,5,Liberal Democrats,#FAA61A,76,7825.703186,12.039543
2206,UNS 2025-09-19,2025-01-01,7,Other,#808080,17,2827.217938,4.349566
2206,UNS 2025-09-19,2025-01-01,3,Plaid Cymru,#005B54,4,619.108157,0.952474
2206,UNS 2025-09-19,2025-01-01,2,Reform UK,#12B6CF,312,19437.375168,29.903654
2206,UNS 2025-09-19,2025-01-01,12,SDLP,#2AA82C,2,223.249687,0.343461
2206,UNS 2025-09-19,2025-01-01,8,Scottish National Party,#FFF95D,6,2011.121055,3.094032
2206,UNS 2025-09-19,2025-01-01,13,Sinn Féin,#326760,7,527.322173,0.811265
2206,UNS 2025-09-19,2025-01-01,11,Ulster Unionist Party,#48A5EE,1,229.568351,0.353182
2207,UNS 2025-09-20,2025-01-01,10,Alliance,#F6CB2F,1,294.715187,0.453408
2207,UNS 2025-09-20,2025-01-01,4,Conservative,#0087DC,45,10624.972474,16.346111
2207,UNS 2025-09-20,2025-01-01,9,Democratic Unionist Party,#D46A4C,6,435.514159,0.670022
2207,UNS 2025-09-20,2025-01-01,6,Green,#6AB023,4,5888.137527,9.058673
2207,UNS 2025-09-20,2025-01-01,1,Labour,#E4003B,169,14055.994938,21.624608
2207,UNS 2025-09-20,2025-01-01,5,Liberal Democrats,#FAA61A,76,7825.703186,12.039543
2207,UNS 2025-09-20,2025-01-01,7,Other,#808080,17,2827.217938,4.349566
2207,UNS 2025-09-20,2025-01-01,3,Plaid Cymru,#005B54,4,619.108157,0.952474
2207,UNS 2025-09-20,2025-01-01,2,Reform UK,#12B6CF,312,19437.375168,29.903654
2207,UNS 2025-09-20,2025-01-01,12,SDLP,#2AA82C,2,223.249687,0.343461
2207,UNS 2025-09-20,2025-01-01,8,Scottish National Party,#FFF95D,6,2011.121055,3.094032
2207,UNS 2025-09-20,2025-01-01,13,Sinn Féin,#326760,7,527.322173,0.811265
2207,UNS 2025-09-20,2025-01-01,11,Ulster Unionist Party,#48A5EE,1,229.568351,0.353182
2208,UNS 2025-09-21,2025-01-01,10,Alliance,#F6CB2F,1,294.715187,0.453408
2208,UNS 2025-09-21,2025-01-01,4,Conservative,#0087DC,45,10624.972474,16.346111
2208,UNS 2025-09-21,2025-01-01,9,Democratic Unionist Party,#D46A4C,6,435.514159,0.670022
2208,UNS 2025-09-21,2025-01-01,6,Green,#6AB023,4,5888.137527,9.058673
2208,UNS 2025-09-21,2025-01-01,1,Labour,#E4003B,169,14055.994938,21.624608
2208,UNS 2025-09-21,2025-01-01,5,Liberal Democrats,#FAA61A,76,7825.703186,12.039543
2208,UNS 2025-09-21,2025-01-01,7,Other,#808080,17,2827.217938,4.349566
2208,UNS 2025-09-21,2025-01-01,3,Plaid Cymru,#005B54,4,619.108157,0.952474
2208,UNS 2025-09-21,2025-01-01,2,Reform UK,#12B6CF,312,19437.375168,29.903654
2208,UNS 2025-09-21,2025-01-01,12,SDLP,#2AA82C,2,223.249687,0.343461
2208,UNS 2025-09-21,2025-01-01,8,Scottish National Party,#FFF95D,6,2011.121055,3.094032
2208,UNS 2025-09-21,2025-01-01,13,Sinn Féin,#326760,7,527.322173,0.811265
2208,UNS 2025-09-21,2025-01-01,11,Ulster Unionist Party,#48A5EE,1,229.568351,0.353182
2209,UNS 2025-09-22,2025-01-01,10,Alliance,#F6CB2F,1,294.742143,0.453449
2209,UNS 2025-09-22,2025-01-01,4,Conservative,#0087DC,46,10599.862358,16.307481
2209,UNS 2025-09-22,2025-01-01,9,Democratic Unionist Party,#D46A4C,6,435.551832,0.670080
2209,UNS 2025-09-22,2025-01-01,6,Green,#6AB023,4,5850.150241,9.000231
2209,UNS 2025-09-22,2025-01-01,1,Labour,#E4003B,170,14020.819142,21.570491
2209,UNS 2025-09-22,2025-01-01,5,Liberal Democrats,#FAA61A,76,7817.281265,12.026587
2209,UNS 2025-09-22,2025-01-01,7,Other,#808080,17,2781.267596,4.278873
2209,UNS 2025-09-22,2025-01-01,3,Plaid Cymru,#005B54,3,657.650102,1.011769
2209,UNS 2025-09-22,2025-01-01,2,Reform UK,#12B6CF,311,19378.198101,29.812612
2209,UNS 2025-09-22,2025-01-01,12,SDLP,#2AA82C,2,223.285468,0.343516
2209,UNS 2025-09-22,2025-01-01,8,Scottish National Party,#FFF95D,6,2184.206824,3.360318
2209,UNS 2025-09-22,2025-01-01,13,Sinn Féin,#326760,7,527.397408,0.811381
2209,UNS 2025-09-22,2025-01-01,11,Ulster Unionist Party,#48A5EE,1,229.587519,0.353212
2210,UNS 2025-09-23,2025-01-01,10,Alliance,#F6CB2F,1,294.742143,0.453449
2210,UNS 2025-09-23,2025-01-01,4,Conservative,#0087DC,46,10599.862358,16.307481
2210,UNS 2025-09-23,2025-01-01,9,Democratic Unionist Party,#D46A4C,6,435.551832,0.670080
2210,UNS 2025-09-23,2025-01-01,6,Green,#6AB023,4,5850.150241,9.000231
2210,UNS 2025-09-23,2025-01-01,1,Labour,#E4003B,170,14020.819142,21.570491
2210,UNS 2025-09-23,2025-01-01,5,Liberal Democrats,#FAA61A,76,7817.281265,12.026587
2210,UNS 2025-09-23,2025-01-01,7,Other,#808080,17,2781.267596,4.278873
2210,UNS 2025-09-23,2025-01-01,3,Plaid Cymru,#005B54,3,657.650102,1.011769
2210,UNS 2025-09-23,2025-01-01,2,Reform UK,#12B6CF,311,19378.198101,29.812612
2210,UNS 2025-09-23,2025-01-01,12,SDLP,#2AA82C,2,223.285468,0.343516
2210,UNS 2025-09-23,2025-01-01,8,Scottish National Party,#FFF95D,6,2184.206824,3.360318
2210,UNS 2025-09-23,2025-01-01,13,Sinn Féin,#326760,7,527.397408,0.811381
2210,UNS 2025-09-23,2025-01-01,11,Ulster Unionist Party,#48A5EE,1,229.587519,0.353212
2211,UNS 2025-09-24,2025-01-01,10,Alliance,#F6CB2F,1,294.765117,0.453485
2211,UNS 2025-09-24,2025-01-01,4,Conservative,#0087DC,43,10513.271536,16.174264
2211,UNS 2025-09-24,2025-01-01,9,Democratic Unionist Party,#D46A4C,6,435.582280,0.670127
2211,UNS 2025-09-24,2025-01-01,6,Green,#6AB023,4,5922.868446,9.112105
2211,UNS 2025-09-24,2025-01-01,1,Labour,#E4003B,166,13905.304332,21.392776
2211,UNS 2025-09-24,2025-01-01,5,Liberal Democrats,#FAA61A,76,7884.366861,12.129795
2211,UNS 2025-09-24,2025-01-01,7,Other,#808080,17,2791.181626,4.294126
2211,UNS 2025-09-24,2025-01-01,3,Plaid Cymru,#005B54,4,653.220172,1.004954
2211,UNS 2025-09-24,2025-01-01,2,Reform UK,#12B6CF,317,19479.166350,29.967948
2211,UNS 2025-09-24,2025-01-01,12,SDLP,#2AA82C,2,223.313452,0.343559
2211,UNS 2025-09-24,2025-01-01,8,Scottish National Party,#FFF95D,6,2139.906912,3.292164
2211,UNS 2025-09-24,2025-01-01,13,Sinn Féin,#326760,7,527.450040,0.811462
2211,UNS 2025-09-24,2025-01-01,11,Ulster Unionist Party,#48A5EE,1,229.602876,0.353235
2212,UNS 2025-09-25,2025-01-01,10,Alliance,#F6CB2F,1,294.430317,0.452970
2212,UNS 2025-09-25,2025-01-01,4,Conservative,#0087DC,41,10523.258686,16.189629
2212,UNS 2025-09-25,2025-01-01,9,Democratic Unionist Party,#D46A4C,6,435.116019,0.669409
2212,UNS 2025-09-25,2025-01-01,6,Green,#6AB023,4,5895.084470,9.069361
2212,UNS 2025-09-25,2025-01-01,1,Labour,#E4003B,167,13953.003341,21.466159
2212,UNS 2025-09-25,2025-01-01,5,Liberal Democrats,#FAA61A,75,7841.694323,12.064145
2212,UNS 2025-09-25,2025-01-01,7,Other,#808080,17,2749.807883,4.230474
2212,UNS 2025-09-25,2025-01-01,3,Plaid Cymru,#005B54,4,644.167754,0.991027
2212,UNS 2025-09-25,2025-01-01,2,Reform UK,#12B6CF,318,19557.617767,30.088643
2212,UNS 2025-09-25,2025-01-01,12,SDLP,#2AA82C,2,222.871543,0.342879
2212,UNS 2025-09-25,2025-01-01,8,Scottish National Party,#FFF95D,7,2127.055045,3.272392
2212,UNS 2025-09-25,2025-01-01,13,Sinn Féin,#326760,7,526.527077,0.810042
2212,UNS 2025-09-25,2025-01-01,11,Ulster Unionist Party,#48A5EE,1,229.365776,0.352870
2213,UNS 2025-09-26,2025-01-01,10,Alliance,#F6CB2F,1,294.470329,0.453031
2213,UNS 2025-09-26,2025-01-01,4,Conservative,#0087DC,42,10527.027129,16.195426
2213,UNS 2025-09-26,2025-01-01,9,Democratic Unionist Party,#D46A4C,6,435.171942,0.669495
2213,UNS 2025-09-26,2025-01-01,6,Green,#6AB023,4,5852.403305,9.003697
2213,UNS 2025-09-26,2025-01-01,1,Labour,#E4003B,166,14008.657104,21.551780
2213,UNS 2025-09-26,2025-01-01,5,Liberal Democrats,#FAA61A,75,7877.336371,12.118979
2213,UNS 2025-09-26,2025-01-01,7,Other,#808080,17,2751.740068,4.233446
2213,UNS 2025-09-26,2025-01-01,3,Plaid Cymru,#005B54,4,618.557749,0.951627
2213,UNS 2025-09-26,2025-01-01,2,Reform UK,#12B6CF,319,19623.196875,30.189534
2213,UNS 2025-09-26,2025-01-01,12,SDLP,#2AA82C,2,222.924657,0.342961
2213,UNS 2025-09-26,2025-01-01,8,Scottish National Party,#FFF95D,6,2032.481486,3.126895
2213,UNS 2025-09-26,2025-01-01,13,Sinn Féin,#326760,7,526.638755,0.810213
2213,UNS 2025-09-26,2025-01-01,11,Ulster Unionist Party,#48A5EE,1,229.394229,0.352914
2214,UNS 2025-09-27,2025-01-01,10,Alliance,#F6CB2F,1,294.470329,0.453031
2214,UNS 2025-09-27,2025-01-01,4,Conservative,#0087DC,42,10527.027129,16.195426
2214,UNS 2025-09-27,2025-01-01,9,Democratic Unionist Party,#D46A4C,6,435.171942,0.669495
2214,UNS 2025-09-27,2025-01-01,6,Green,#6AB023,4,5852.403305,9.003697
2214,UNS 2025-09-27,2025-01-01,1,Labour,#E4003B,166,14008.657104,21.551780
2214,UNS 2025-09-27,2025-01-01,5,Liberal Democrats,#FAA61A,75,7877.336371,12.118979
2214,UNS 2025-09-27,2025-01-01,7,Other,#808080,17,2751.740068,4.233446
2214,UNS 2025-09-27,2025-01-01,3,Plaid Cymru,#005B54,4,618.557749,0.951627
2214,UNS 2025-09-27,2025-01-01,2,Reform UK,#12B6CF,319,19623.196875,30.189534
2214,UNS 2025-09-27,2025-01-01,12,SDLP,#2AA82C,2,222.924657,0.342961
2214,UNS 2025-09-27,2025-01-01,8,Scottish National Party,#FFF95D,6,2032.481486,3.126895
2214,UNS 2025-09-27,2025-01-01,13,Sinn Féin,#326760,7,526.638755,0.810213
2214,UNS 2025-09-27,2025-01-01,11,Ulster Unionist Party,#48A5EE,1,229.394229,0.352914
2215,UNS 2025-09-28,2025-01-01,10,Alliance,#F6CB2F,1,294.470329,0.453031
2215,UNS 2025-09-28,2025-01-01,4,Conservative,#0087DC,42,10527.027129,16.195426
2215,UNS 2025-09-28,2025-01-01,9,Democratic Unionist Party,#D46A4C,6,435.171942,0.669495
2215,UNS 2025-09-28,2025-01-01,6,Green,#6AB023,4,5852.403305,9.003697
2215,UNS 2025-09-28,2025-01-01,1,Labour,#E4003B,166,14008.657104,21.551780
2215,UNS 2025-09-28,2025-01-01,5,Liberal Democrats,#FAA61A,75,7877.336371,12.118979
2215,UNS 2025-09-28,2025-01-01,7,Other,#808080,17,2751.740068,4.233446
2215,UNS 2025-09-28,2025-01-01,3,Plaid Cymru,#005B54,4,618.557749,0.951627
2215,UNS 2025-09-28,2025-01-01,2,Reform UK,#12B6CF,319,19623.196875,30.189534
2215,UNS 2025-09-28,2025-01-01,12,SDLP,#2AA82C,2,222.924657,0.342961
2215,UNS 2025-09-28,2025-01-01,8,Scottish National Party,#FFF95D,6,2032.481486,3.126895
2215,UNS 2025-09-28,2025-01-01,13,Sinn Féin,#326760,7,526.638755,0.810213
2215,UNS 2025-09-28,2025-01-01,11,Ulster Unionist Party,#48A5EE,1,229.394229,0.352914
2216,UNS 2025-09-29,2025-01-01,10,Alliance,#F6CB2F,1,294.508724,0.453090
2216,UNS 2025-09-29,2025-01-01,4,Conservative,#0087DC,41,10507.184198,16.164899
2216,UNS 2025-09-29,2025-01-01,9,Democratic Unionist Party,#D46A4C,6,435.225603,0.669578
2216,UNS 2025-09-29,2025-01-01,6,Green,#6AB023,4,5804.489441,8.929984
2216,UNS 2025-09-29,2025-01-01,1,Labour,#E4003B,166,13970.091489,21.492448
2216,UNS 2025-09-29,2025-01-01,5,Liberal Democrats,#FAA61A,75,7878.454268,12.120699
2216,UNS 2025-09-29,2025-01-01,7,Other,#808080,17,2744.925356,4.222962
2216,UNS 2025-09-29,2025-01-01,3,Plaid Cymru,#005B54,3,635.294441,0.977376
2216,UNS 2025-09-29,2025-01-01,2,Reform UK,#12B6CF,321,19573.994330,30.113837
2216,UNS 2025-09-29,2025-01-01,12,SDLP,#2AA82C,2,222.975624,0.343039
2216,UNS 2025-09-29,2025-01-01,8,Scottish National Party,#FFF95D,6,2176.689076,3.348752
2216,UNS 2025-09-29,2025-01-01,13,Sinn Féin,#326760,7,526.745919,0.810378
2216,UNS 2025-09-29,2025-01-01,11,Ulster Unionist Party,#48A5EE,1,229.421532,0.352956
2217,UNS 2025-09-30,2025-01-01,10,Alliance,#F6CB2F,1,294.508724,0.453090
2217,UNS 2025-09-30,2025-01-01,4,Conservative,#0087DC,41,10507.184198,16.164899
2217,UNS 2025-09-30,2025-01-01,9,Democratic Unionist Party,#D46A4C,6,435.225603,0.669578
2217,UNS 2025-09-30,2025-01-01,6,Green,#6AB023,4,5804.489441,8.929984
2217,UNS 2025-09-30,2025-01-01,1,Labour,#E4003B,166,13970.091489,21.492448
2217,UNS 2025-09-30,2025-01-01,5,Liberal Democrats,#FAA61A,75,7878.454268,12.120699
2217,UNS 2025-09-30,2025-01-01,7,Other,#808080,17,2744.925356,4.222962
2217,UNS 2025-09-30,2025-01-01,3,Plaid Cymru,#005B54,3,635.294441,0.977376
2217,UNS 2025-09-30,2025-01-01,2,Reform UK,#12B6CF,321,19573.994330,30.113837
2217,UNS 2025-09-30,2025-01-01,12,SDLP,#2AA82C,2,222.975624,0.343039
2217,UNS 2025-09-30,2025-01-01,8,Scottish National Party,#FFF95D,6,2176.689076,3.348752
2217,UNS 2025-09-30,2025-01-01,13,Sinn Féin,#326760,7,526.745919,0.810378
2217,UNS 2025-09-30,2025-01-01,11,Ulster Unionist Party,#48A5EE,1,229.421532,0.352956
2218,UNS 2025-10-01,2025-01-01,10,Alliance,#F6CB2F,1,294.544716,0.453146
2218,UNS 2025-10-01,2025-01-01,4,Conservative,#0087DC,41,10513.481158,16.174586
2218,UNS 2025-10-01,2025-01-01,9,Democratic Unionist Party,#D46A4C,6,435.275906,0.669655
2218,UNS 2025-10-01,2025-01-01,6,Green,#6AB023,4,5789.055225,8.906239
2218,UNS 2025-10-01,2025-01-01,1,Labour,#E4003B,169,14013.853264,21.559774
2218,UNS 2025-10-01,2025-01-01,5,Liberal Democrats,#FAA61A,76,7889.537393,12.137750
2218,UNS 2025-10-01,2025-01-01,7,Other,#808080,17,2739.667571,4.214873
2218,UNS 2025-10-01,2025-01-01,3,Plaid Cymru,#005B54,4,628.036578,0.966210
2218,UNS 2025-10-01,2025-01-01,2,Reform UK,#12B6CF,316,19548.909412,30.075245
2218,UNS 2025-10-01,2025-01-01,12,SDLP,#2AA82C,2,223.023400,0.343113
2218,UNS 2025-10-01,2025-01-01,8,Scottish National Party,#FFF95D,6,2168.321876,3.335880
2218,UNS 2025-10-01,2025-01-01,13,Sinn Féin,#326760,7,526.846375,0.810533
2218,UNS 2025-10-01,2025-01-01,11,Ulster Unionist Party,#48A5EE,1,229.447126,0.352996
2219,UNS 2025-10-02,2025-01-01,10,Alliance,#F6CB2F,1,294.544716,0.453146
2219,UNS 2025-10-02,2025-01-01,4,Conservative,#0087DC,41,10513.481158,16.174586
2219,UNS 2025-10-02,2025-01-01,9,Democratic Unionist Party,#D46A4C,6,435.275906,0.669655
2219,UNS 2025-10-02,2025-01-01,6,Green,#6AB023,4,5789.055225,8.906239
2219,UNS 2025-10-02,2025-01-01,1,Labour,#E4003B,169,14013.853264,21.559774
2219,UNS 2025-10-02,2025-01-01,5,Liberal Democrats,#FAA61A,76,7889.537393,12.137750
2219,UNS 2025-10-02,2025-01-01,7,Other,#808080,17,2739.667571,4.214873
2219,UNS 2025-10-02,2025-01-01,3,Plaid Cymru,#005B54,4,628.036578,0.966210
2219,UNS 2025-10-02,2025-01-01,2,Reform UK,#12B6CF,316,19548.909412,30.075245
2219,UNS 2025-10-02,2025-01-01,12,SDLP,#2AA82C,2,223.023400,0.343113
2219,UNS 2025-10-02,2025-01-01,8,Scottish National Party,#FFF95D,6,2168.321876,3.335880
2219,UNS 2025-10-02,2025-01-01,13,Sinn Féin,#326760,7,526.846375,0.810533
2219,UNS 2025-10-02,2025-01-01,11,Ulster Unionist Party,#48A5EE,1,229.447126,0.352996
2220,UNS 2025-10-03,2025-01-01,10,Alliance,#F6CB2F,1,294.578488,0.453198
2220,UNS 2025-10-03,2025-01-01,4,Conservative,#0087DC,42,10508.591918,16.167064
2220,UNS 2025-10-03,2025-01-01,9,Democratic Unionist Party,#D46A4C,6,435.323107,0.669728
2220,UNS 2025-10-03,2025-01-01,6,Green,#6AB023,4,5830.591600,8.970141
2220,UNS 2025-10-03,2025-01-01,1,Labour,#E4003B,168,14016.856773,21.564395
2220,UNS 2025-10-03,2025-01-01,5,Liberal Democrats,#FAA61A,76,7866.729162,12.102660
2220,UNS 2025-10-03,2025-01-01,7,Other,#808080,17,2736.019819,4.209261
2220,UNS 2025-10-03,2025-01-01,3,Plaid Cymru,#005B54,3,603.602617,0.928619
2220,UNS 2025-10-03,2025-01-01,2,Reform UK,#12B6CF,318,19660.948957,30.247614
2220,UNS 2025-10-03,2025-01-01,12,SDLP,#2AA82C,2,223.068231,0.343182
2220,UNS 2025-10-03,2025-01-01,8,Scottish National Party,#FFF95D,5,2067.277547,3.180427
2220,UNS 2025-10-03,2025-01-01,13,Sinn Féin,#326760,7,526.940637,0.810678
2220,UNS 2025-10-03,2025-01-01,11,Ulster Unionist Party,#48A5EE,1,229.471142,0.353033
2221,UNS 2025-10-04,2025-01-01,10,Alliance,#F6CB2F,1,294.578481,0.453198
2221,UNS 2025-10-04,2025-01-01,4,Conservative,#0087DC,42,10508.545558,16.166993
2221,UNS 2025-10-04,2025-01-01,9,Democratic Unionist Party,#D46A4C,6,435.323098,0.669728
2221,UNS 2025-10-04,2025-01-01,6,Green,#6AB023,4,5830.600395,8.970154
2221,UNS 2025-10-04,2025-01-01,1,Labour,#E4003B,168,14016.807889,21.564320
2221,UNS 2025-10-04,2025-01-01,5,Liberal Democrats,#FAA61A,76,7866.727747,12.102658
2221,UNS 2025-10-04,2025-01-01,7,Other,#808080,17,2736.033105,4.209282
2221,UNS 2025-10-04,2025-01-01,3,Plaid Cymru,#005B54,3,603.605620,0.928624
2221,UNS 2025-10-04,2025-01-01,2,Reform UK,#12B6CF,318,19661.011573,30.247710
2221,UNS 2025-10-04,2025-01-01,12,SDLP,#2AA82C,2,223.068222,0.343182
2221,UNS 2025-10-04,2025-01-01,8,Scottish National Party,#FFF95D,5,2067.286557,3.180441
2221,UNS 2025-10-04,2025-01-01,13,Sinn Féin,#326760,7,526.940618,0.810678
2221,UNS 2025-10-04,2025-01-01,11,Ulster Unionist Party,#48A5EE,1,229.471138,0.353033
2222,UNS 2025-10-05,2025-01-01,10,Alliance,#F6CB2F,1,294.578474,0.453198
2222,UNS 2025-10-05,2025-01-01,4,Conservative,#0087DC,42,10508.502044,16.166926
2222,UNS 2025-10-05,2025-01-01,9,Democratic Unionist Party,#D46A4C,6,435.323088,0.669728
2222,UNS 2025-10-05,2025-01-01,6,Green,#6AB023,4,5830.604629,8.970161
2222,UNS 2025-10-05,2025-01-01,1,Labour,#E4003B,168,14016.752531,21.564235
2222,UNS 2025-10-05,2025-01-01,5,Liberal Democrats,#FAA61A,76,7866.731892,12.102664
2222,UNS 2025-10-05,2025-01-01,7,Other,#808080,17,2736.042477,4.209296
2222,UNS 2025-10-05,2025-01-01,3,Plaid Cymru,#005B54,3,603.610677,0.928632
2222,UNS 2025-10-05,2025-01-01,2,Reform UK,#12B6CF,318,19661.066426,30.247795
2222,UNS 2025-10-05,2025-01-01,12,SDLP,#2AA82C,2,223.068212,0.343182
2222,UNS 2025-10-05,2025-01-01,8,Scottish National Party,#FFF95D,5,2067.307819,3.180474
2222,UNS 2025-10-05,2025-01-01,13,Sinn Féin,#326760,7,526.940598,0.810678
2222,UNS 2025-10-05,2025-01-01,11,Ulster Unionist Party,#48A5EE,1,229.471132,0.353033
2223,UNS 2025-10-06,2025-01-01,10,Alliance,#F6CB2F,1,294.610897,0.453248
2223,UNS 2025-10-06,2025-01-01,4,Conservative,#0087DC,42,10460.304365,16.092776
2223,UNS 2025-10-06,2025-01-01,9,Democratic Unionist Party,#D46A4C,6,435.368402,0.669798
2223,UNS 2025-10-06,2025-01-01,6,Green,#6AB023,4,5785.038963,8.900060
2223,UNS 2025-10-06,2025-01-01,1,Labour,#E4003B,168,13893.750324,21.375000
2223,UNS 2025-10-06,2025-01-01,5,Liberal Democrats,#FAA61A,76,7933.555843,12.205471
2223,UNS 2025-10-06,2025-01-01,7,Other,#808080,17,2693.392922,4.143681
2223,UNS 2025-10-06,2025-01-01,3,Plaid Cymru,#005B54,3,634.116809,0.975564
2223,UNS 2025-10-06,2025-01-01,2,Reform UK,#12B6CF,319,19568.964902,30.106100
2223,UNS 2025-10-06,2025-01-01,12,SDLP,#2AA82C,2,223.111251,0.343248
2223,UNS 2025-10-06,2025-01-01,8,Scottish National Party,#FFF95D,4,2321.260042,3.571169
2223,UNS 2025-10-06,2025-01-01,13,Sinn Féin,#326760,7,527.031091,0.810817
2223,UNS 2025-10-06,2025-01-01,11,Ulster Unionist Party,#48A5EE,1,229.494188,0.353068
2224,UNS 2025-10-07,2025-01-01,10,Alliance,#F6CB2F,1,294.610897,0.453248
2224,UNS 2025-10-07,2025-01-01,4,Conservative,#0087DC,42,10460.304365,16.092776
2224,UNS 2025-10-07,2025-01-01,9,Democratic Unionist Party,#D46A4C,6,435.368402,0.669798
2224,UNS 2025-10-07,2025-01-01,6,Green,#6AB023,4,5785.038963,8.900060
2224,UNS 2025-10-07,2025-01-01,1,Labour,#E4003B,168,13893.750324,21.375000
2224,UNS 2025-10-07,2025-01-01,5,Liberal Democrats,#FAA61A,76,7933.555843,12.205471
2224,UNS 2025-10-07,2025-01-01,7,Other,#808080,17,2693.392922,4.143681
2224,UNS 2025-10-07,2025-01-01,3,Plaid Cymru,#005B54,3,634.116809,0.975564
2224,UNS 2025-10-07,2025-01-01,2,Reform UK,#12B6CF,319,19568.964902,30.106100
2224,UNS 2025-10-07,2025-01-01,12,SDLP,#2AA82C,2,223.111251,0.343248
2224,UNS 2025-10-07,2025-01-01,8,Scottish National Party,#FFF95D,4,2321.260042,3.571169
2224,UNS 2025-10-07,2025-01-01,13,Sinn Féin,#326760,7,527.031091,0.810817
2224,UNS 2025-10-07,2025-01-01,11,Ulster Unionist Party,#48A5EE,1,229.494188,0.353068
2225,UNS 2025-10-08,2025-01-01,10,Alliance,#F6CB2F,1,294.641302,0.453294
2225,UNS 2025-10-08,2025-01-01,4,Conservative,#0087DC,41,10445.305008,16.069700
2225,UNS 2025-10-08,2025-01-01,9,Democratic Unionist Party,#D46A4C,6,435.410896,0.669863
2225,UNS 2025-10-08,2025-01-01,6,Green,#6AB023,4,5940.019458,9.138491
2225,UNS 2025-10-08,2025-01-01,1,Labour,#E4003B,166,13799.711431,21.230325
2225,UNS 2025-10-08,2025-01-01,5,Liberal Democrats,#FAA61A,75,7907.138013,12.164828
2225,UNS 2025-10-08,2025-01-01,7,Other,#808080,17,2681.479935,4.125354
2225,UNS 2025-10-08,2025-01-01,3,Plaid Cymru,#005B54,3,625.626546,0.962502
2225,UNS 2025-10-08,2025-01-01,2,Reform UK,#12B6CF,322,19614.709837,30.176477
2225,UNS 2025-10-08,2025-01-01,12,SDLP,#2AA82C,2,223.151611,0.343310
2225,UNS 2025-10-08,2025-01-01,8,Scottish National Party,#FFF95D,5,2276.174199,3.501806
2225,UNS 2025-10-08,2025-01-01,13,Sinn Féin,#326760,7,527.115954,0.810948
2225,UNS 2025-10-08,2025-01-01,11,Ulster Unionist Party,#48A5EE,1,229.515810,0.353101
2226,UNS 2025-10-09,2025-01-01,10,Alliance,#F6CB2F,1,294.641302,0.453294
2226,UNS 2025-10-09,2025-01-01,4,Conservative,#0087DC,41,10445.305008,16.069700
2226,UNS 2025-10-09,2025-01-01,9,Democratic Unionist Party,#D46A4C,6,435.410896,0.669863
2226,UNS 2025-10-09,2025-01-01,6,Green,#6AB023,4,5940.019458,9.138491
2226,UNS 2025-10-09,2025-01-01,1,Labour,#E4003B,166,13799.711431,21.230325
2226,UNS 2025-10-09,2025-01-01,5,Liberal Democrats,#FAA61A,75,7907.138013,12.164828
2226,UNS 2025-10-09,2025-01-01,7,Other,#808080,17,2681.479935,4.125354
2226,UNS 2025-10-09,2025-01-01,3,Plaid Cymru,#005B54,3,625.626546,0.962502
2226,UNS 2025-10-09,2025-01-01,2,Reform UK,#12B6CF,322,19614.709837,30.176477
2226,UNS 2025-10-09,2025-01-01,12,SDLP,#2AA82C,2,223.151611,0.343310
2226,UNS 2025-10-09,2025-01-01,8,Scottish National Party,#FFF95D,5,2276.174199,3.501806
2226,UNS 2025-10-09,2025-01-01,13,Sinn Féin,#326760,7,527.115954,0.810948
2226,UNS 2025-10-09,2025-01-01,11,Ulster Unionist Party,#48A5EE,1,229.515810,0.353101
2227,UNS 2025-10-10,2025-01-01,10,Alliance,#F6CB2F,1,294.669843,0.453338
2227,UNS 2025-10-10,2025-01-01,4,Conservative,#0087DC,42,10479.778436,16.122736
2227,UNS 2025-10-10,2025-01-01,9,Democratic Unionist Party,#D46A4C,6,435.450785,0.669924
2227,UNS 2025-10-10,2025-01-01,6,Green,#6AB023,4,5987.200110,9.211077
2227,UNS 2025-10-10,2025-01-01,1,Labour,#E4003B,164,13846.041215,21.301602
2227,UNS 2025-10-10,2025-01-01,5,Liberal Democrats,#FAA61A,75,7863.472450,12.097650
2227,UNS 2025-10-10,2025-01-01,7,Other,#808080,17,2663.441777,4.097603
2227,UNS 2025-10-10,2025-01-01,3,Plaid Cymru,#005B54,3,601.707235,0.925703
2227,UNS 2025-10-10,2025-01-01,2,Reform UK,#12B6CF,325,19674.793284,30.268913
2227,UNS 2025-10-10,2025-01-01,12,SDLP,#2AA82C,2,223.189497,0.343368
2227,UNS 2025-10-10,2025-01-01,8,Scottish National Party,#FFF95D,3,2173.523650,3.343883
2227,UNS 2025-10-10,2025-01-01,13,Sinn Féin,#326760,7,527.195614,0.811070
2227,UNS 2025-10-10,2025-01-01,11,Ulster Unionist Party,#48A5EE,1,229.536106,0.353132
2228,UNS 2025-10-11,2025-01-01,10,Alliance,#F6CB2F,1,294.669843,0.453338
2228,UNS 2025-10-11,2025-01-01,4,Conservative,#0087DC,42,10479.778436,16.122736
2228,UNS 2025-10-11,2025-01-01,9,Democratic Unionist Party,#D46A4C,6,435.450785,0.669924
2228,UNS 2025-10-11,2025-01-01,6,Green,#6AB023,4,5987.200110,9.211077
2228,UNS 2025-10-11,2025-01-01,1,Labour,#E4003B,164,13846.041215,21.301602
2228,UNS 2025-10-11,2025-01-01,5,Liberal Democrats,#FAA61A,75,7863.472450,12.097650
2228,UNS 2025-10-11,2025-01-01,7,Other,#808080,17,2663.441777,4.097603
2228,UNS 2025-10-11,2025-01-01,3,Plaid Cymru,#005B54,3,601.707235,0.925703
2228,UNS 2025-10-11,2025-01-01,2,Reform UK,#12B6CF,325,19674.793284,30.268913
2228,UNS 2025-10-11,2025-01-01,12,SDLP,#2AA82C,2,223.189497,0.343368
2228,UNS 2025-10-11,2025-01-01,8,Scottish National Party,#FFF95D,3,2173.523650,3.343883
2228,UNS 2025-10-11,2025-01-01,13,Sinn Féin,#326760,7,527.195614,0.811070
2228,UNS 2025-10-11,2025-01-01,11,Ulster Unionist Party,#48A5EE,1,229.536106,0.353132
2229,UNS 2025-10-12,2025-01-01,10,Alliance,#F6CB2F,1,294.669843,0.453338
2229,UNS 2025-10-12,2025-01-01,4,Conservative,#0087DC,42,10479.778436,16.122736
2229,UNS 2025-10-12,2025-01-01,9,Democratic Unionist Party,#D46A4C,6,435.450785,0.669924
2229,UNS 2025-10-12,2025-01-01,6,Green,#6AB023,4,5987.200110,9.211077
2229,UNS 2025-10-12,2025-01-01,1,Labour,#E4003B,164,13846.041215,21.301602
2229,UNS 2025-10-12,2025-01-01,5,Liberal Democrats,#FAA61A,75,7863.472450,12.097650
2229,UNS 2025-10-12,2025-01-01,7,Other,#808080,17,2663.441777,4.097603
2229,UNS 2025-10-12,2025-01-01,3,Plaid Cymru,#005B54,3,601.707235,0.925703
2229,UNS 2025-10-12,2025-01-01,2,Reform UK,#12B6CF,325,19674.793284,30.268913
2229,UNS 2025-10-12,2025-01-01,12,SDLP,#2AA82C,2,223.189497,0.343368
2229,UNS 2025-10-12,2025-01-01,8,Scottish National Party,#FFF95D,3,2173.523650,3.343883
2229,UNS 2025-10-12,2025-01-01,13,Sinn Féin,#326760,7,527.195614,0.811070
2229,UNS 2025-10-12,2025-01-01,11,Ulster Unionist Party,#48A5EE,1,229.536106,0.353132
2230,UNS 2025-10-13,2025-01-01,10,Alliance,#F6CB2F,1,294.697251,0.453380
2230,UNS 2025-10-13,2025-01-01,4,Conservative,#0087DC,46,10517.773253,16.181190
2230,UNS 2025-10-13,2025-01-01,9,Democratic Unionist Party,#D46A4C,6,435.489091,0.669983
2230,UNS 2025-10-13,2025-01-01,6,Green,#6AB023,4,5955.701644,9.162618
2230,UNS 2025-10-13,2025-01-01,1,Labour,#E4003B,165,13788.506462,21.213087
2230,UNS 2025-10-13,2025-01-01,5,Liberal Democrats,#FAA61A,75,7926.654693,12.194853
2230,UNS 2025-10-13,2025-01-01,7,Other,#808080,17,2590.942564,3.986065
2230,UNS 2025-10-13,2025-01-01,3,Plaid Cymru,#005B54,3,639.238258,0.983443
2230,UNS 2025-10-13,2025-01-01,2,Reform UK,#12B6CF,320,19534.455994,30.053009
2230,UNS 2025-10-13,2025-01-01,12,SDLP,#2AA82C,2,223.225879,0.343424
2230,UNS 2025-10-13,2025-01-01,8,Scottish National Party,#FFF95D,3,2336.487203,3.594596
2230,UNS 2025-10-13,2025-01-01,13,Sinn Féin,#326760,7,527.272112,0.811188
2230,UNS 2025-10-13,2025-01-01,11,Ulster Unionist Party,#48A5EE,1,229.555596,0.353162
2231,UNS 2025-10-14,2025-01-01,10,Alliance,#F6CB2F,1,294.697251,0.453380
2231,UNS 2025-10-14,2025-01-01,4,Conservative,#0087DC,46,10517.773253,16.181190
2231,UNS 2025-10-14,2025-01-01,9,Democratic Unionist Party,#D46A4C,6,435.489091,0.669983
2231,UNS 2025-10-14,2025-01-01,6,Green,#6AB023,4,5955.701644,9.162618
2231,UNS 2025-10-14,2025-01-01,1,Labour,#E4003B,165,13788.506462,21.213087
2231,UNS 2025-10-14,2025-01-01,5,Liberal Democrats,#FAA61A,75,7926.654693,12.194853
2231,UNS 2025-10-14,2025-01-01,7,Other,#808080,17,2590.942564,3.986065
2231,UNS 2025-10-14,2025-01-01,3,Plaid Cymru,#005B54,3,639.238258,0.983443
2231,UNS 2025-10-14,2025-01-01,2,Reform UK,#12B6CF,320,19534.455994,30.053009
2231,UNS 2025-10-14,2025-01-01,12,SDLP,#2AA82C,2,223.225879,0.343424
2231,UNS 2025-10-14,2025-01-01,8,Scottish National Party,#FFF95D,3,2336.487203,3.594596
2231,UNS 2025-10-14,2025-01-01,13,Sinn Féin,#326760,7,527.272112,0.811188
2231,UNS 2025-10-14,2025-01-01,11,Ulster Unionist Party,#48A5EE,1,229.555596,0.353162
2232,UNS 2025-10-15,2025-01-01,10,Alliance,#F6CB2F,1,294.697251,0.453380
2232,UNS 2025-10-15,2025-01-01,4,Conservative,#0087DC,46,10517.773253,16.181190
2232,UNS 2025-10-15,2025-01-01,9,Democratic Unionist Party,#D46A4C,6,435.489091,0.669983
2232,UNS 2025-10-15,2025-01-01,6,Green,#6AB023,4,5955.701644,9.162618
2232,UNS 2025-10-15,2025-01-01,1,Labour,#E4003B,165,13788.506462,21.213087
2232,UNS 2025-10-15,2025-01-01,5,Liberal Democrats,#FAA61A,75,7926.654693,12.194853
2232,UNS 2025-10-15,2025-01-01,7,Other,#808080,17,2590.942564,3.986065
2232,UNS 2025-10-15,2025-01-01,3,Plaid Cymru,#005B54,3,639.238258,0.983443
2232,UNS 2025-10-15,2025-01-01,2,Reform UK,#12B6CF,320,19534.455994,30.053009
2232,UNS 2025-10-15,2025-01-01,12,SDLP,#2AA82C,2,223.225879,0.343424
2232,UNS 2025-10-15,2025-01-01,8,Scottish National Party,#FFF95D,3,2336.487203,3.594596
2232,UNS 2025-10-15,2025-01-01,13,Sinn Féin,#326760,7,527.272112,0.811188
2232,UNS 2025-10-15,2025-01-01,11,Ulster Unionist Party,#48A5EE,1,229.555596,0.353162
2233,UNS 2025-10-16,2025-01-01,10,Alliance,#F6CB2F,1,294.723531,0.453421
2233,UNS 2025-10-16,2025-01-01,4,Conservative,#0087DC,45,10515.393839,16.177529
2233,UNS 2025-10-16,2025-01-01,9,Democratic Unionist Party,#D46A4C,6,435.525820,0.670040
2233,UNS 2025-10-16,2025-01-01,6,Green,#6AB023,4,6113.645560,9.405609
2233,UNS 2025-10-16,2025-01-01,1,Labour,#E4003B,160,13656.304220,21.009699
2233,UNS 2025-10-16,2025-01-01,5,Liberal Democrats,#FAA61A,75,7896.343347,12.148221
2233,UNS 2025-10-16,2025-01-01,7,Other,#808080,17,2600.103558,4.000159
2233,UNS 2025-10-16,2025-01-01,3,Plaid Cymru,#005B54,3,632.259540,0.972707
2233,UNS 2025-10-16,2025-01-01,2,Reform UK,#12B6CF,326,19591.090050,30.140139
2233,UNS 2025-10-16,2025-01-01,12,SDLP,#2AA82C,2,223.260763,0.343478
2233,UNS 2025-10-16,2025-01-01,8,Scottish National Party,#FFF95D,3,2284.430027,3.514508
2233,UNS 2025-10-16,2025-01-01,13,Sinn Féin,#326760,7,527.345461,0.811301
2233,UNS 2025-10-16,2025-01-01,11,Ulster Unionist Party,#48A5EE,1,229.574284,0.353191
2234,UNS 2025-10-17,2025-01-01,10,Alliance,#F6CB2F,1,294.747310,0.453457
2234,UNS 2025-10-17,2025-01-01,4,Conservative,#0087DC,47,10511.890509,16.172139
2234,UNS 2025-10-17,2025-01-01,9,Democratic Unionist Party,#D46A4C,6,435.558811,0.670090
2234,UNS 2025-10-17,2025-01-01,6,Green,#6AB023,4,6107.471244,9.396110
2234,UNS 2025-10-17,2025-01-01,1,Labour,#E4003B,165,13738.896354,21.136764
2234,UNS 2025-10-17,2025-01-01,5,Liberal Democrats,#FAA61A,75,7870.910528,12.109093
2234,UNS 2025-10-17,2025-01-01,7,Other,#808080,17,2612.560548,4.019324
2234,UNS 2025-10-17,2025-01-01,3,Plaid Cymru,#005B54,3,622.777270,0.958119
2234,UNS 2025-10-17,2025-01-01,2,Reform UK,#12B6CF,318,19543.133989,30.066360
2234,UNS 2025-10-17,2025-01-01,12,SDLP,#2AA82C,2,223.291960,0.343526
2234,UNS 2025-10-17,2025-01-01,8,Scottish National Party,#FFF95D,4,2281.760274,3.510400
2234,UNS 2025-10-17,2025-01-01,13,Sinn Féin,#326760,7,527.410152,0.811400
2234,UNS 2025-10-17,2025-01-01,11,Ulster Unionist Party,#48A5EE,1,229.591050,0.353217
2235,UNS 2025-10-18,2025-01-01,10,Alliance,#F6CB2F,1,294.747310,0.453457
2235,UNS 2025-10-18,2025-01-01,4,Conservative,#0087DC,47,10511.890509,16.172139
2235,UNS 2025-10-18,2025-01-01,9,Democratic Unionist Party,#D46A4C,6,435.558811,0.670090
2235,UNS 2025-10-18,2025-01-01,6,Green,#6AB023,4,6107.471244,9.396110
2235,UNS 2025-10-18,2025-01-01,1,Labour,#E4003B,165,13738.896354,21.136764
2235,UNS 2025-10-18,2025-01-01,5,Liberal Democrats,#FAA61A,75,7870.910528,12.109093
2235,UNS 2025-10-18,2025-01-01,7,Other,#808080,17,2612.560548,4.019324
2235,UNS 2025-10-18,2025-01-01,3,Plaid Cymru,#005B54,3,622.777270,0.958119
2235,UNS 2025-10-18,2025-01-01,2,Reform UK,#12B6CF,318,19543.133989,30.066360
2235,UNS 2025-10-18,2025-01-01,12,SDLP,#2AA82C,2,223.291960,0.343526
2235,UNS 2025-10-18,2025-01-01,8,Scottish National Party,#FFF95D,4,2281.760274,3.510400
2235,UNS 2025-10-18,2025-01-01,13,Sinn Féin,#326760,7,527.410152,0.811400
2235,UNS 2025-10-18,2025-01-01,11,Ulster Unionist Party,#48A5EE,1,229.591050,0.353217
2236,UNS 2025-10-19,2025-01-01,10,Alliance,#F6CB2F,1,294.747310,0.453457
2236,UNS 2025-10-19,2025-01-01,4,Conservative,#0087DC,47,10511.890509,16.172139
2236,UNS 2025-10-19,2025-01-01,9,Democratic Unionist Party,#D46A4C,6,435.558811,0.670090
2236,UNS 2025-10-19,2025-01-01,6,Green,#6AB023,4,6107.471244,9.396110
2236,UNS 2025-10-19,2025-01-01,1,Labour,#E4003B,165,13738.896354,21.136764
2236,UNS 2025-10-19,2025-01-01,5,Liberal Democrats,#FAA61A,75,7870.910528,12.109093
2236,UNS 2025-10-19,2025-01-01,7,Other,#808080,17,2612.560548,4.019324
2236,UNS 2025-10-19,2025-01-01,3,Plaid Cymru,#005B54,3,622.777270,0.958119
2236,UNS 2025-10-19,2025-01-01,2,Reform UK,#12B6CF,318,19543.133989,30.066360
2236,UNS 2025-10-19,2025-01-01,12,SDLP,#2AA82C,2,223.291960,0.343526
2236,UNS 2025-10-19,2025-01-01,8,Scottish National Party,#FFF95D,4,2281.760274,3.510400
2236,UNS 2025-10-19,2025-01-01,13,Sinn Féin,#326760,7,527.410152,0.811400
2236,UNS 2025-10-19,2025-01-01,11,Ulster Unionist Party,#48A5EE,1,229.591050,0.353217
2237,UNS 2025-10-20,2025-01-01,10,Alliance,#F6CB2F,1,294.768339,0.453490
2237,UNS 2025-10-20,2025-01-01,4,Conservative,#0087DC,48,10482.382510,16.126742
2237,UNS 2025-10-20,2025-01-01,9,Democratic Unionist Party,#D46A4C,6,435.586526,0.670133
2237,UNS 2025-10-20,2025-01-01,6,Green,#6AB023,4,6186.088123,9.517059
2237,UNS 2025-10-20,2025-01-01,1,Labour,#E4003B,167,13747.698021,21.150305
2237,UNS 2025-10-20,2025-01-01,5,Liberal Democrats,#FAA61A,76,7842.463313,12.065328
2237,UNS 2025-10-20,2025-01-01,7,Other,#808080,17,2550.924658,3.924499
2237,UNS 2025-10-20,2025-01-01,3,Plaid Cymru,#005B54,3,651.383940,1.002129
2237,UNS 2025-10-20,2025-01-01,2,Reform UK,#12B6CF,315,19384.949975,29.823000
2237,UNS 2025-10-20,2025-01-01,12,SDLP,#2AA82C,2,223.317340,0.343565
2237,UNS 2025-10-20,2025-01-01,8,Scottish National Party,#FFF95D,3,2443.374984,3.759038
2237,UNS 2025-10-20,2025-01-01,13,Sinn Féin,#326760,7,527.457256,0.811473
2237,UNS 2025-10-20,2025-01-01,11,Ulster Unionist Party,#48A5EE,1,229.605016,0.353238
2238,UNS 2025-10-21,2025-01-01,10,Alliance,#F6CB2F,1,294.768339,0.453490
2238,UNS 2025-10-21,2025-01-01,4,Conservative,#0087DC,48,10482.382510,16.126742
2238,UNS 2025-10-21,2025-01-01,9,Democratic Unionist Party,#D46A4C,6,435.586526,0.670133
2238,UNS 2025-10-21,2025-01-01,6,Green,#6AB023,4,6186.088123,9.517059
2238,UNS 2025-10-21,2025-01-01,1,Labour,#E4003B,167,13747.698021,21.150305
2238,UNS 2025-10-21,2025-01-01,5,Liberal Democrats,#FAA61A,76,7842.463313,12.065328
2238,UNS 2025-10-21,2025-01-01,7,Other,#808080,17,2550.924658,3.924499
2238,UNS 2025-10-21,2025-01-01,3,Plaid Cymru,#005B54,3,651.383940,1.002129
2238,UNS 2025-10-21,2025-01-01,2,Reform UK,#12B6CF,315,19384.949975,29.823000
2238,UNS 2025-10-21,2025-01-01,12,SDLP,#2AA82C,2,223.317340,0.343565
2238,UNS 2025-10-21,2025-01-01,8,Scottish National Party,#FFF95D,3,2443.374984,3.759038
2238,UNS 2025-10-21,2025-01-01,13,Sinn Féin,#326760,7,527.457256,0.811473
2238,UNS 2025-10-21,2025-01-01,11,Ulster Unionist Party,#48A5EE,1,229.605016,0.353238
2239,UNS 2025-10-22,2025-01-01,10,Alliance,#F6CB2F,1,294.788074,0.453520
2239,UNS 2025-10-22,2025-01-01,4,Conservative,#0087DC,47,10483.832764,16.128973
2239,UNS 2025-10-22,2025-01-01,9,Democratic Unionist Party,#D46A4C,6,435.612535,0.670173
2239,UNS 2025-10-22,2025-01-01,6,Green,#6AB023,5,6341.794444,9.756607
2239,UNS 2025-10-22,2025-01-01,1,Labour,#E4003B,166,13634.532930,20.976205
2239,UNS 2025-10-22,2025-01-01,5,Liberal Democrats,#FAA61A,76,7819.463696,12.029944
2239,UNS 2025-10-22,2025-01-01,7,Other,#808080,17,2558.951190,3.936848
2239,UNS 2025-10-22,2025-01-01,3,Plaid Cymru,#005B54,3,649.194968,0.998761
2239,UNS 2025-10-22,2025-01-01,2,Reform UK,#12B6CF,315,19413.822539,29.867419
2239,UNS 2025-10-22,2025-01-01,12,SDLP,#2AA82C,2,223.341159,0.343602
2239,UNS 2025-10-22,2025-01-01,8,Scottish National Party,#FFF95D,4,2387.546116,3.673148
2239,UNS 2025-10-22,2025-01-01,13,Sinn Féin,#326760,7,527.501463,0.811541
2239,UNS 2025-10-22,2025-01-01,11,Ulster Unionist Party,#48A5EE,1,229.618122,0.353259
2240,UNS 2025-10-23,2025-01-01,10,Alliance,#F6CB2F,1,294.788074,0.453520
2240,UNS 2025-10-23,2025-01-01,4,Conservative,#0087DC,47,10483.832764,16.128973
2240,UNS 2025-10-23,2025-01-01,9,Democratic Unionist Party,#D46A4C,6,435.612535,0.670173
2240,UNS 2025-10-23,2025-01-01,6,Green,#6AB023,5,6341.794444,9.756607
2240,UNS 2025-10-23,2025-01-01,1,Labour,#E4003B,166,13634.532930,20.976205
2240,UNS 2025-10-23,2025-01-01,5,Liberal Democrats,#FAA61A,76,7819.463696,12.029944
2240,UNS 2025-10-23,2025-01-01,7,Other,#808080,17,2558.951190,3.936848
2240,UNS 2025-10-23,2025-01-01,3,Plaid Cymru,#005B54,3,649.194968,0.998761
2240,UNS 2025-10-23,2025-01-01,2,Reform UK,#12B6CF,315,19413.822539,29.867419
2240,UNS 2025-10-23,2025-01-01,12,SDLP,#2AA82C,2,223.341159,0.343602
2240,UNS 2025-10-23,2025-01-01,8,Scottish National Party,#FFF95D,4,2387.546116,3.673148
2240,UNS 2025-10-23,2025-01-01,13,Sinn Féin,#326760,7,527.501463,0.811541
2240,UNS 2025-10-23,2025-01-01,11,Ulster Unionist Party,#48A5EE,1,229.618122,0.353259
2241,UNS 2025-10-24,2025-01-01,10,Alliance,#F6CB2F,1,294.806612,0.453549
2241,UNS 2025-10-24,2025-01-01,4,Conservative,#0087DC,47,10522.431101,16.188356
2241,UNS 2025-10-24,2025-01-01,9,Democratic Unionist Party,#D46A4C,6,435.636967,0.670211
2241,UNS 2025-10-24,2025-01-01,6,Green,#6AB023,5,6410.438072,9.862212
2241,UNS 2025-10-24,2025-01-01,1,Labour,#E4003B,166,13647.504250,20.996160
2241,UNS 2025-10-24,2025-01-01,5,Liberal Democrats,#FAA61A,76,7809.437437,12.014519
2241,UNS 2025-10-24,2025-01-01,7,Other,#808080,17,2559.378526,3.937505
2241,UNS 2025-10-24,2025-01-01,3,Plaid Cymru,#005B54,3,625.940981,0.962986
2241,UNS 2025-10-24,2025-01-01,2,Reform UK,#12B6CF,316,19431.911378,29.895248
2241,UNS 2025-10-24,2025-01-01,12,SDLP,#2AA82C,2,223.363532,0.343636
2241,UNS 2025-10-24,2025-01-01,8,Scottish National Party,#FFF95D,3,2281.977721,3.510735
2241,UNS 2025-10-24,2025-01-01,13,Sinn Féin,#326760,7,527.542988,0.811605
2241,UNS 2025-10-24,2025-01-01,11,Ulster Unionist Party,#48A5EE,1,229.630434,0.353278
2242,UNS 2025-10-25,2025-01-01,10,Alliance,#F6CB2F,1,294.806612,0.453549
2242,UNS 2025-10-25,2025-01-01,4,Conservative,#0087DC,47,10522.431101,16.188356
2242,UNS 2025-10-25,2025-01-01,9,Democratic Unionist Party,#D46A4C,6,435.636967,0.670211
2242,UNS 2025-10-25,2025-01-01,6,Green,#6AB023,5,6410.438072,9.862212
2242,UNS 2025-10-25,2025-01-01,1,Labour,#E4003B,166,13647.504250,20.996160
2242,UNS 2025-10-25,2025-01-01,5,Liberal Democrats,#FAA61A,76,7809.437437,12.014519
2242,UNS 2025-10-25,2025-01-01,7,Other,#808080,17,2559.378526,3.937505
2242,UNS 2025-10-25,2025-01-01,3,Plaid Cymru,#005B54,3,625.940981,0.962986
2242,UNS 2025-10-25,2025-01-01,2,Reform UK,#12B6CF,316,19431.911378,29.895248
2242,UNS 2025-10-25,2025-01-01,12,SDLP,#2AA82C,2,223.363532,0.343636
2242,UNS 2025-10-25,2025-01-01,8,Scottish National Party,#FFF95D,3,2281.977721,3.510735
2242,UNS 2025-10-25,2025-01-01,13,Sinn Féin,#326760,7,527.542988,0.811605
2242,UNS 2025-10-25,2025-01-01,11,Ulster Unionist Party,#48A5EE,1,229.630434,0.353278
2243,UNS 2025-10-26,2025-01-01,10,Alliance,#F6CB2F,1,294.806612,0.453549
2243,UNS 2025-10-26,2025-01-01,4,Conservative,#0087DC,47,10522.431101,16.188356
2243,UNS 2025-10-26,2025-01-01,9,Democratic Unionist Party,#D46A4C,6,435.636967,0.670211
2243,UNS 2025-10-26,2025-01-01,6,Green,#6AB023,5,6410.438072,9.862212
2243,UNS 2025-10-26,2025-01-01,1,Labour,#E4003B,166,13647.504250,20.996160
2243,UNS 2025-10-26,2025-01-01,5,Liberal Democrats,#FAA61A,76,7809.437437,12.014519
2243,UNS 2025-10-26,2025-01-01,7,Other,#808080,17,2559.378526,3.937505
2243,UNS 2025-10-26,2025-01-01,3,Plaid Cymru,#005B54,3,625.940981,0.962986
2243,UNS 2025-10-26,2025-01-01,2,Reform UK,#12B6CF,316,19431.911378,29.895248
2243,UNS 2025-10-26,2025-01-01,12,SDLP,#2AA82C,2,223.363532,0.343636
2243,UNS 2025-10-26,2025-01-01,8,Scottish National Party,#FFF95D,3,2281.977721,3.510735
2243,UNS 2025-10-26,2025-01-01,13,Sinn Féin,#326760,7,527.542988,0.811605
2243,UNS 2025-10-26,2025-01-01,11,Ulster Unionist Party,#48A5EE,1,229.630434,0.353278
2244,UNS 2025-10-27,2025-01-01,10,Alliance,#F6CB2F,1,294.824426,0.453576
2244,UNS 2025-10-27,2025-01-01,4,Conservative,#0087DC,48,10582.609695,16.280938
2244,UNS 2025-10-27,2025-01-01,9,Democratic Unionist Party,#D46A4C,6,435.660445,0.670247
2244,UNS 2025-10-27,2025-01-01,6,Green,#6AB023,4,6536.391412,10.055987
2244,UNS 2025-10-27,2025-01-01,1,Labour,#E4003B,162,13535.060209,20.823170
2244,UNS 2025-10-27,2025-01-01,5,Liberal Democrats,#FAA61A,75,7834.154696,12.052546
2244,UNS 2025-10-27,2025-01-01,7,Other,#808080,17,2499.859601,3.845938
2244,UNS 2025-10-27,2025-01-01,3,Plaid Cymru,#005B54,3,611.332861,0.940512
2244,UNS 2025-10-27,2025-01-01,2,Reform UK,#12B6CF,321,19552.400165,30.080616
2244,UNS 2025-10-27,2025-01-01,12,SDLP,#2AA82C,2,223.385032,0.343669
2244,UNS 2025-10-27,2025-01-01,8,Scottish National Party,#FFF95D,3,2137.096301,3.287840
2244,UNS 2025-10-27,2025-01-01,13,Sinn Féin,#326760,7,527.582892,0.811666
2244,UNS 2025-10-27,2025-01-01,11,Ulster Unionist Party,#48A5EE,1,229.642265,0.353296
2245,UNS 2025-10-28,2025-01-01,10,Alliance,#F6CB2F,1,294.824426,0.453576
2245,UNS 2025-10-28,2025-01-01,4,Conservative,#0087DC,48,10582.609695,16.280938
2245,UNS 2025-10-28,2025-01-01,9,Democratic Unionist Party,#D46A4C,6,435.660445,0.670247
2245,UNS 2025-10-28,2025-01-01,6,Green,#6AB023,4,6536.391412,10.055987
2245,UNS 2025-10-28,2025-01-01,1,Labour,#E4003B,162,13535.060209,20.823170
2245,UNS 2025-10-28,2025-01-01,5,Liberal Democrats,#FAA61A,75,7834.154696,12.052546
2245,UNS 2025-10-28,2025-01-01,7,Other,#808080,17,2499.859601,3.845938
2245,UNS 2025-10-28,2025-01-01,3,Plaid Cymru,#005B54,3,611.332861,0.940512
2245,UNS 2025-10-28,2025-01-01,2,Reform UK,#12B6CF,321,19552.400165,30.080616
2245,UNS 2025-10-28,2025-01-01,12,SDLP,#2AA82C,2,223.385032,0.343669
2245,UNS 2025-10-28,2025-01-01,8,Scottish National Party,#FFF95D,3,2137.096301,3.287840
2245,UNS 2025-10-28,2025-01-01,13,Sinn Féin,#326760,7,527.582892,0.811666
2245,UNS 2025-10-28,2025-01-01,11,Ulster Unionist Party,#48A5EE,1,229.642265,0.353296
2246,UNS 2025-10-29,2025-01-01,10,Alliance,#F6CB2F,1,294.841148,0.453602
2246,UNS 2025-10-29,2025-01-01,4,Conservative,#0087DC,47,10560.917189,16.247565
2246,UNS 2025-10-29,2025-01-01,9,Democratic Unionist Party,#D46A4C,6,435.682483,0.670281
2246,UNS 2025-10-29,2025-01-01,6,Green,#6AB023,4,6712.294536,10.326607
2246,UNS 2025-10-29,2025-01-01,1,Labour,#E4003B,157,13415.182324,20.638742
2246,UNS 2025-10-29,2025-01-01,5,Liberal Democrats,#FAA61A,74,7812.185452,12.018747
2246,UNS 2025-10-29,2025-01-01,7,Other,#808080,17,2492.141114,3.834063
2246,UNS 2025-10-29,2025-01-01,3,Plaid Cymru,#005B54,3,606.067036,0.932411
2246,UNS 2025-10-29,2025-01-01,2,Reform UK,#12B6CF,328,19604.361274,30.160556
2246,UNS 2025-10-29,2025-01-01,12,SDLP,#2AA82C,2,223.405214,0.343700
2246,UNS 2025-10-29,2025-01-01,8,Scottish National Party,#FFF95D,3,2085.648509,3.208690
2246,UNS 2025-10-29,2025-01-01,13,Sinn Féin,#326760,7,527.620349,0.811724
2246,UNS 2025-10-29,2025-01-01,11,Ulster Unionist Party,#48A5EE,1,229.653370,0.353313
2247,UNS 2025-10-30,2025-01-01,10,Alliance,#F6CB2F,1,294.841148,0.453602
2247,UNS 2025-10-30,2025-01-01,4,Conservative,#0087DC,47,10560.917189,16.247565
2247,UNS 2025-10-30,2025-01-01,9,Democratic Unionist Party,#D46A4C,6,435.682483,0.670281
2247,UNS 2025-10-30,2025-01-01,6,Green,#6AB023,4,6712.294536,10.326607
2247,UNS 2025-10-30,2025-01-01,1,Labour,#E4003B,157,13415.182324,20.638742
2247,UNS 2025-10-30,2025-01-01,5,Liberal Democrats,#FAA61A,74,7812.185452,12.018747
2247,UNS 2025-10-30,2025-01-01,7,Other,#808080,17,2492.141114,3.834063
2247,UNS 2025-10-30,2025-01-01,3,Plaid Cymru,#005B54,3,606.067036,0.932411
2247,UNS 2025-10-30,2025-01-01,2,Reform UK,#12B6CF,328,19604.361274,30.160556
2247,UNS 2025-10-30,2025-01-01,12,SDLP,#2AA82C,2,223.405214,0.343700
2247,UNS 2025-10-30,2025-01-01,8,Scottish National Party,#FFF95D,3,2085.648509,3.208690
2247,UNS 2025-10-30,2025-01-01,13,Sinn Féin,#326760,7,527.620349,0.811724
2247,UNS 2025-10-30,2025-01-01,11,Ulster Unionist Party,#48A5EE,1,229.653370,0.353313
2248,UNS 2025-10-31,2025-01-01,10,Alliance,#F6CB2F,1,294.841148,0.453602
2248,UNS 2025-10-31,2025-01-01,4,Conservative,#0087DC,47,10560.917189,16.247565
2248,UNS 2025-10-31,2025-01-01,9,Democratic Unionist Party,#D46A4C,6,435.682483,0.670281
2248,UNS 2025-10-31,2025-01-01,6,Green,#6AB023,4,6712.294536,10.326607
2248,UNS 2025-10-31,2025-01-01,1,Labour,#E4003B,157,13415.182324,20.638742
2248,UNS 2025-10-31,2025-01-01,5,Liberal Democrats,#FAA61A,74,7812.185452,12.018747
2248,UNS 2025-10-31,2025-01-01,7,Other,#808080,17,2492.141114,3.834063
2248,UNS 2025-10-31,2025-01-01,3,Plaid Cymru,#005B54,3,606.067036,0.932411
2248,UNS 2025-10-31,2025-01-01,2,Reform UK,#12B6CF,328,19604.361274,30.160556
2248,UNS 2025-10-31,2025-01-01,12,SDLP,#2AA82C,2,223.405214,0.343700
2248,UNS 2025-10-31,2025-01-01,8,Scottish National Party,#FFF95D,3,2085.648509,3.208690
2248,UNS 2025-10-31,2025-01-01,13,Sinn Féin,#326760,7,527.620349,0.811724
2248,UNS 2025-10-31,2025-01-01,11,Ulster Unionist Party,#48A5EE,1,229.653370,0.353313
2249,UNS 2025-11-01,2025-01-01,10,Alliance,#F6CB2F,1,294.841148,0.453602
2249,UNS 2025-11-01,2025-01-01,4,Conservative,#0087DC,47,10560.917189,16.247565
2249,UNS 2025-11-01,2025-01-01,9,Democratic Unionist Party,#D46A4C,6,435.682483,0.670281
2249,UNS 2025-11-01,2025-01-01,6,Green,#6AB023,4,6712.294536,10.326607
2249,UNS 2025-11-01,2025-01-01,1,Labour,#E4003B,157,13415.182324,20.638742
2249,UNS 2025-11-01,2025-01-01,5,Liberal Democrats,#FAA61A,74,7812.185452,12.018747
2249,UNS 2025-11-01,2025-01-01,7,Other,#808080,17,2492.141114,3.834063
2249,UNS 2025-11-01,2025-01-01,3,Plaid Cymru,#005B54,3,606.067036,0.932411
2249,UNS 2025-11-01,2025-01-01,2,Reform UK,#12B6CF,328,19604.361274,30.160556
2249,UNS 2025-11-01,2025-01-01,12,SDLP,#2AA82C,2,223.405214,0.343700
2249,UNS 2025-11-01,2025-01-01,8,Scottish National Party,#FFF95D,3,2085.648509,3.208690
2249,UNS 2025-11-01,2025-01-01,13,Sinn Féin,#326760,7,527.620349,0.811724
2249,UNS 2025-11-01,2025-01-01,11,Ulster Unionist Party,#48A5EE,1,229.653370,0.353313
2250,UNS 2025-11-02,2025-01-01,10,Alliance,#F6CB2F,1,294.841148,0.453602
2250,UNS 2025-11-02,2025-01-01,4,Conservative,#0087DC,47,10560.917189,16.247565
2250,UNS 2025-11-02,2025-01-01,9,Democratic Unionist Party,#D46A4C,6,435.682483,0.670281
2250,UNS 2025-11-02,2025-01-01,6,Green,#6AB023,4,6712.294536,10.326607
2250,UNS 2025-11-02,2025-01-01,1,Labour,#E4003B,157,13415.182324,20.638742
2250,UNS 2025-11-02,2025-01-01,5,Liberal Democrats,#FAA61A,74,7812.185452,12.018747
2250,UNS 2025-11-02,2025-01-01,7,Other,#808080,17,2492.141114,3.834063
2250,UNS 2025-11-02,2025-01-01,3,Plaid Cymru,#005B54,3,606.067036,0.932411
2250,UNS 2025-11-02,2025-01-01,2,Reform UK,#12B6CF,328,19604.361274,30.160556
2250,UNS 2025-11-02,2025-01-01,12,SDLP,#2AA82C,2,223.405214,0.343700
2250,UNS 2025-11-02,2025-01-01,8,Scottish National Party,#FFF95D,3,2085.648509,3.208690
2250,UNS 2025-11-02,2025-01-01,13,Sinn Féin,#326760,7,527.620349,0.811724
2250,UNS 2025-11-02,2025-01-01,11,Ulster Unionist Party,#48A5EE,1,229.653370,0.353313
2251,UNS 2025-11-03,2025-01-01,10,Alliance,#F6CB2F,1,294.857924,0.453628
2251,UNS 2025-11-03,2025-01-01,4,Conservative,#0087DC,46,10482.707159,16.127242
2251,UNS 2025-11-03,2025-01-01,9,Democratic Unionist Party,#D46A4C,6,435.704591,0.670315
2251,UNS 2025-11-03,2025-01-01,6,Green,#6AB023,4,6828.347162,10.505149
2251,UNS 2025-11-03,2025-01-01,1,Labour,#E4003B,157,13304.641160,20.468679
2251,UNS 2025-11-03,2025-01-01,5,Liberal Democrats,#FAA61A,74,7810.730065,12.016508
2251,UNS 2025-11-03,2025-01-01,7,Other,#808080,17,2456.310515,3.778939
2251,UNS 2025-11-03,2025-01-01,3,Plaid Cymru,#005B54,3,657.973059,1.012266
2251,UNS 2025-11-03,2025-01-01,2,Reform UK,#12B6CF,330,19496.029667,29.993892
2251,UNS 2025-11-03,2025-01-01,12,SDLP,#2AA82C,2,223.425460,0.343731
2251,UNS 2025-11-03,2025-01-01,8,Scottish National Party,#FFF95D,2,2251.950802,3.464540
2251,UNS 2025-11-03,2025-01-01,13,Sinn Féin,#326760,7,527.657926,0.811781
2251,UNS 2025-11-03,2025-01-01,11,Ulster Unionist Party,#48A5EE,1,229.664511,0.353330
2252,UNS 2025-11-04,2025-01-01,10,Alliance,#F6CB2F,1,294.857924,0.453628
2252,UNS 2025-11-04,2025-01-01,4,Conservative,#0087DC,46,10482.707159,16.127242
2252,UNS 2025-11-04,2025-01-01,9,Democratic Unionist Party,#D46A4C,6,435.704591,0.670315
2252,UNS 2025-11-04,2025-01-01,6,Green,#6AB023,4,6828.347162,10.505149
2252,UNS 2025-11-04,2025-01-01,1,Labour,#E4003B,157,13304.641160,20.468679
2252,UNS 2025-11-04,2025-01-01,5,Liberal Democrats,#FAA61A,74,7810.730065,12.016508
2252,UNS 2025-11-04,2025-01-01,7,Other,#808080,17,2456.310515,3.778939
2252,UNS 2025-11-04,2025-01-01,3,Plaid Cymru,#005B54,3,657.973059,1.012266
2252,UNS 2025-11-04,2025-01-01,2,Reform UK,#12B6CF,330,19496.029667,29.993892
2252,UNS 2025-11-04,2025-01-01,12,SDLP,#2AA82C,2,223.425460,0.343731
2252,UNS 2025-11-04,2025-01-01,8,Scottish National Party,#FFF95D,2,2251.950802,3.464540
2252,UNS 2025-11-04,2025-01-01,13,Sinn Féin,#326760,7,527.657926,0.811781
2252,UNS 2025-11-04,2025-01-01,11,Ulster Unionist Party,#48A5EE,1,229.664511,0.353330
2253,UNS 2025-11-05,2025-01-01,10,Alliance,#F6CB2F,1,294.857924,0.453628
2253,UNS 2025-11-05,2025-01-01,4,Conservative,#0087DC,48,10368.445004,15.951454
2253,UNS 2025-11-05,2025-01-01,9,Democratic Unionist Party,#D46A4C,6,435.704591,0.670315
2253,UNS 2025-11-05,2025-01-01,6,Green,#6AB023,5,6870.085427,10.569362
2253,UNS 2025-11-05,2025-01-01,1,Labour,#E4003B,159,13426.434807,20.656054
2253,UNS 2025-11-05,2025-01-01,5,Liberal Democrats,#FAA61A,74,7750.446158,11.923763
2253,UNS 2025-11-05,2025-01-01,7,Other,#808080,16,2447.187825,3.764904
2253,UNS 2025-11-05,2025-01-01,3,Plaid Cymru,#005B54,3,644.204881,0.991084
2253,UNS 2025-11-05,2025-01-01,2,Reform UK,#12B6CF,326,19588.190534,30.135678
2253,UNS 2025-11-05,2025-01-01,12,SDLP,#2AA82C,2,223.425460,0.343731
2253,UNS 2025-11-05,2025-01-01,8,Scottish National Party,#FFF95D,2,2193.694951,3.374915
2253,UNS 2025-11-05,2025-01-01,13,Sinn Féin,#326760,7,527.657926,0.811781
2253,UNS 2025-11-05,2025-01-01,11,Ulster Unionist Party,#48A5EE,1,229.664511,0.353330
2254,UNS 2025-11-06,2025-01-01,10,Alliance,#F6CB2F,1,294.873929,0.453652
2254,UNS 2025-11-06,2025-01-01,4,Conservative,#0087DC,45,10351.888864,15.925983
2254,UNS 2025-11-06,2025-01-01,9,Democratic Unionist Party,#D46A4C,6,435.725684,0.670347
2254,UNS 2025-11-06,2025-01-01,6,Green,#6AB023,5,7066.309813,10.871246
2254,UNS 2025-11-06,2025-01-01,1,Labour,#E4003B,153,13272.910185,20.419862
2254,UNS 2025-11-06,2025-01-01,5,Liberal Democrats,#FAA61A,74,7694.898588,11.838306
2254,UNS 2025-11-06,2025-01-01,7,Other,#808080,16,2433.670622,3.744109
2254,UNS 2025-11-06,2025-01-01,3,Plaid Cymru,#005B54,3,648.318268,0.997413
2254,UNS 2025-11-06,2025-01-01,2,Reform UK,#12B6CF,335,19677.604934,30.273238
2254,UNS 2025-11-06,2025-01-01,12,SDLP,#2AA82C,2,223.444777,0.343761
2254,UNS 2025-11-06,2025-01-01,8,Scottish National Party,#FFF95D,2,2142.985420,3.296901
2254,UNS 2025-11-06,2025-01-01,13,Sinn Féin,#326760,7,527.693776,0.811837
2254,UNS 2025-11-06,2025-01-01,11,Ulster Unionist Party,#48A5EE,1,229.675140,0.353346
2255,UNS 2025-11-07,2025-01-01,10,Alliance,#F6CB2F,1,294.888528,0.453675
2255,UNS 2025-11-07,2025-01-01,4,Conservative,#0087DC,43,10375.858880,15.962860
2255,UNS 2025-11-07,2025-01-01,9,Democratic Unionist Party,#D46A4C,6,435.744925,0.670377
2255,UNS 2025-11-07,2025-01-01,6,Green,#6AB023,5,7077.824340,10.888961
2255,UNS 2025-11-07,2025-01-01,1,Labour,#E4003B,150,13294.817350,20.453565
2255,UNS 2025-11-07,2025-01-01,5,Liberal Democrats,#FAA61A,74,7690.435902,11.831440
2255,UNS 2025-11-07,2025-01-01,7,Other,#808080,16,2418.188828,3.720291
2255,UNS 2025-11-07,2025-01-01,3,Plaid Cymru,#005B54,3,624.198520,0.960305
2255,UNS 2025-11-07,2025-01-01,2,Reform UK,#12B6CF,340,19762.836031,30.404363
2255,UNS 2025-11-07,2025-01-01,12,SDLP,#2AA82C,2,223.462397,0.343788
2255,UNS 2025-11-07,2025-01-01,8,Scottish National Party,#FFF95D,2,2044.332984,3.145128
2255,UNS 2025-11-07,2025-01-01,13,Sinn Féin,#326760,7,527.726479,0.811887
2255,UNS 2025-11-07,2025-01-01,11,Ulster Unionist Party,#48A5EE,1,229.684836,0.353361
2256,UNS 2025-11-08,2025-01-01,10,Alliance,#F6CB2F,1,294.888528,0.453675
2256,UNS 2025-11-08,2025-01-01,4,Conservative,#0087DC,43,10375.858880,15.962860
2256,UNS 2025-11-08,2025-01-01,9,Democratic Unionist Party,#D46A4C,6,435.744925,0.670377
2256,UNS 2025-11-08,2025-01-01,6,Green,#6AB023,5,7077.824340,10.888961
2256,UNS 2025-11-08,2025-01-01,1,Labour,#E4003B,150,13294.817350,20.453565
2256,UNS 2025-11-08,2025-01-01,5,Liberal Democrats,#FAA61A,74,7690.435902,11.831440
2256,UNS 2025-11-08,2025-01-01,7,Other,#808080,16,2418.188828,3.720291
2256,UNS 2025-11-08,2025-01-01,3,Plaid Cymru,#005B54,3,624.198520,0.960305
2256,UNS 2025-11-08,2025-01-01,2,Reform UK,#12B6CF,340,19762.836031,30.404363
2256,UNS 2025-11-08,2025-01-01,12,SDLP,#2AA82C,2,223.462397,0.343788
2256,UNS 2025-11-08,2025-01-01,8,Scottish National Party,#FFF95D,2,2044.332984,3.145128
2256,UNS 2025-11-08,2025-01-01,13,Sinn Féin,#326760,7,527.726479,0.811887
2256,UNS 2025-11-08,2025-01-01,11,Ulster Unionist Party,#48A5EE,1,229.684836,0.353361
2257,UNS 2025-11-09,2025-01-01,10,Alliance,#F6CB2F,1,294.888528,0.453675
2257,UNS 2025-11-09,2025-01-01,4,Conservative,#0087DC,43,10375.858880,15.962860
2257,UNS 2025-11-09,2025-01-01,9,Democratic Unionist Party,#D46A4C,6,435.744925,0.670377
2257,UNS 2025-11-09,2025-01-01,6,Green,#6AB023,5,7077.824340,10.888961
2257,UNS 2025-11-09,2025-01-01,1,Labour,#E4003B,150,13294.817350,20.453565
2257,UNS 2025-11-09,2025-01-01,5,Liberal Democrats,#FAA61A,74,7690.435902,11.831440
2257,UNS 2025-11-09,2025-01-01,7,Other,#808080,16,2418.188828,3.720291
2257,UNS 2025-11-09,2025-01-01,3,Plaid Cymru,#005B54,3,624.198520,0.960305
2257,UNS 2025-11-09,2025-01-01,2,Reform UK,#12B6CF,340,19762.836031,30.404363
2257,UNS 2025-11-09,2025-01-01,12,SDLP,#2AA82C,2,223.462397,0.343788
2257,UNS 2025-11-09,2025-01-01,8,Scottish National Party,#FFF95D,2,2044.332984,3.145128
2257,UNS 2025-11-09,2025-01-01,13,Sinn Féin,#326760,7,527.726479,0.811887
2257,UNS 2025-11-09,2025-01-01,11,Ulster Unionist Party,#48A5EE,1,229.684836,0.353361
2258,UNS 2025-11-10,2025-01-01,10,Alliance,#F6CB2F,1,294.902494,0.453696
2258,UNS 2025-11-10,2025-01-01,4,Conservative,#0087DC,45,10390.451343,15.985310
2258,UNS 2025-11-10,2025-01-01,9,Democratic Unionist Party,#D46A4C,6,435.763331,0.670405
2258,UNS 2025-11-10,2025-01-01,6,Green,#6AB023,5,7065.633704,10.870206
2258,UNS 2025-11-10,2025-01-01,1,Labour,#E4003B,152,13204.318078,20.314336
2258,UNS 2025-11-10,2025-01-01,5,Liberal Democrats,#FAA61A,74,7708.232456,11.858819
2258,UNS 2025-11-10,2025-01-01,7,Other,#808080,16,2380.862559,3.662865
2258,UNS 2025-11-10,2025-01-01,3,Plaid Cymru,#005B54,3,699.284639,1.075823
2258,UNS 2025-11-10,2025-01-01,2,Reform UK,#12B6CF,336,19656.397179,30.240611
2258,UNS 2025-11-10,2025-01-01,12,SDLP,#2AA82C,2,223.479252,0.343814
2258,UNS 2025-11-10,2025-01-01,8,Scottish National Party,#FFF95D,2,2183.223092,3.358805
2258,UNS 2025-11-10,2025-01-01,13,Sinn Féin,#326760,7,527.757762,0.811935
2258,UNS 2025-11-10,2025-01-01,11,Ulster Unionist Party,#48A5EE,1,229.694111,0.353376
2259,UNS 2025-11-11,2025-01-01,10,Alliance,#F6CB2F,1,294.902494,0.453696
2259,UNS 2025-11-11,2025-01-01,4,Conservative,#0087DC,45,10390.451343,15.985310
2259,UNS 2025-11-11,2025-01-01,9,Democratic Unionist Party,#D46A4C,6,435.763331,0.670405
2259,UNS 2025-11-11,2025-01-01,6,Green,#6AB023,5,7065.633704,10.870206
2259,UNS 2025-11-11,2025-01-01,1,Labour,#E4003B,152,13204.318078,20.314336
2259,UNS 2025-11-11,2025-01-01,5,Liberal Democrats,#FAA61A,74,7708.232456,11.858819
2259,UNS 2025-11-11,2025-01-01,7,Other,#808080,16,2380.862559,3.662865
2259,UNS 2025-11-11,2025-01-01,3,Plaid Cymru,#005B54,3,699.284639,1.075823
2259,UNS 2025-11-11,2025-01-01,2,Reform UK,#12B6CF,336,19656.397179,30.240611
2259,UNS 2025-11-11,2025-01-01,12,SDLP,#2AA82C,2,223.479252,0.343814
2259,UNS 2025-11-11,2025-01-01,8,Scottish National Party,#FFF95D,2,2183.223092,3.358805
2259,UNS 2025-11-11,2025-01-01,13,Sinn Féin,#326760,7,527.757762,0.811935
2259,UNS 2025-11-11,2025-01-01,11,Ulster Unionist Party,#48A5EE,1,229.694111,0.353376
2260,UNS 2025-11-12,2025-01-01,10,Alliance,#F6CB2F,1,294.915546,0.453716
2260,UNS 2025-11-12,2025-01-01,4,Conservative,#0087DC,44,10367.739906,15.950369
2260,UNS 2025-11-12,2025-01-01,9,Democratic Unionist Party,#D46A4C,6,435.780532,0.670432
2260,UNS 2025-11-12,2025-01-01,6,Green,#6AB023,5,7229.331902,11.122049
2260,UNS 2025-11-12,2025-01-01,1,Labour,#E4003B,147,13086.157920,20.132551
2260,UNS 2025-11-12,2025-01-01,5,Liberal Democrats,#FAA61A,73,7661.075231,11.786270
2260,UNS 2025-11-12,2025-01-01,7,Other,#808080,15,2372.219423,3.649568
2260,UNS 2025-11-12,2025-01-01,3,Plaid Cymru,#005B54,3,705.700385,1.085693
2260,UNS 2025-11-12,2025-01-01,2,Reform UK,#12B6CF,344,19726.231255,30.348048
2260,UNS 2025-11-12,2025-01-01,12,SDLP,#2AA82C,2,223.495004,0.343838
2260,UNS 2025-11-12,2025-01-01,8,Scottish National Party,#FFF95D,2,2139.863118,3.292097
2260,UNS 2025-11-12,2025-01-01,13,Sinn Féin,#326760,7,527.786999,0.811980
2260,UNS 2025-11-12,2025-01-01,11,Ulster Unionist Party,#48A5EE,1,229.702779,0.353389
2261,UNS 2025-11-13,2025-01-01,10,Alliance,#F6CB2F,1,294.915546,0.453716
2261,UNS 2025-11-13,2025-01-01,4,Conservative,#0087DC,44,10367.739906,15.950369
2261,UNS 2025-11-13,2025-01-01,9,Democratic Unionist Party,#D46A4C,6,435.780532,0.670432
2261,UNS 2025-11-13,2025-01-01,6,Green,#6AB023,5,7229.331902,11.122049
2261,UNS 2025-11-13,2025-01-01,1,Labour,#E4003B,147,13086.157920,20.132551
2261,UNS 2025-11-13,2025-01-01,5,Liberal Democrats,#FAA61A,73,7661.075231,11.786270
2261,UNS 2025-11-13,2025-01-01,7,Other,#808080,15,2372.219423,3.649568
2261,UNS 2025-11-13,2025-01-01,3,Plaid Cymru,#005B54,3,705.700385,1.085693
2261,UNS 2025-11-13,2025-01-01,2,Reform UK,#12B6CF,344,19726.231255,30.348048
2261,UNS 2025-11-13,2025-01-01,12,SDLP,#2AA82C,2,223.495004,0.343838
2261,UNS 2025-11-13,2025-01-01,8,Scottish National Party,#FFF95D,2,2139.863118,3.292097
2261,UNS 2025-11-13,2025-01-01,13,Sinn Féin,#326760,7,527.786999,0.811980
2261,UNS 2025-11-13,2025-01-01,11,Ulster Unionist Party,#48A5EE,1,229.702779,0.353389
2262,UNS 2025-11-14,2025-01-01,10,Alliance,#F6CB2F,1,294.915546,0.453716
2262,UNS 2025-11-14,2025-01-01,4,Conservative,#0087DC,44,10367.739906,15.950369
2262,UNS 2025-11-14,2025-01-01,9,Democratic Unionist Party,#D46A4C,6,435.780532,0.670432
2262,UNS 2025-11-14,2025-01-01,6,Green,#6AB023,5,7229.331902,11.122049
2262,UNS 2025-11-14,2025-01-01,1,Labour,#E4003B,147,13086.157920,20.132551
2262,UNS 2025-11-14,2025-01-01,5,Liberal Democrats,#FAA61A,73,7661.075231,11.786270
2262,UNS 2025-11-14,2025-01-01,7,Other,#808080,15,2372.219423,3.649568
2262,UNS 2025-11-14,2025-01-01,3,Plaid Cymru,#005B54,3,705.700385,1.085693
2262,UNS 2025-11-14,2025-01-01,2,Reform UK,#12B6CF,344,19726.231255,30.348048
2262,UNS 2025-11-14,2025-01-01,12,SDLP,#2AA82C,2,223.495004,0.343838
2262,UNS 2025-11-14,2025-01-01,8,Scottish National Party,#FFF95D,2,2139.863118,3.292097
2262,UNS 2025-11-14,2025-01-01,13,Sinn Féin,#326760,7,527.786999,0.811980
2262,UNS 2025-11-14,2025-01-01,11,Ulster Unionist Party,#48A5EE,1,229.702779,0.353389
2263,UNS 2025-11-15,2025-01-01,10,Alliance,#F6CB2F,1,294.915546,0.453716
2263,UNS 2025-11-15,2025-01-01,4,Conservative,#0087DC,44,10367.739906,15.950369
2263,UNS 2025-11-15,2025-01-01,9,Democratic Unionist Party,#D46A4C,6,435.780532,0.670432
2263,UNS 2025-11-15,2025-01-01,6,Green,#6AB023,5,7229.331902,11.122049
2263,UNS 2025-11-15,2025-01-01,1,Labour,#E4003B,147,13086.157920,20.132551
2263,UNS 2025-11-15,2025-01-01,5,Liberal Democrats,#FAA61A,73,7661.075231,11.786270
2263,UNS 2025-11-15,2025-01-01,7,Other,#808080,15,2372.219423,3.649568
2263,UNS 2025-11-15,2025-01-01,3,Plaid Cymru,#005B54,3,705.700385,1.085693
2263,UNS 2025-11-15,2025-01-01,2,Reform UK,#12B6CF,344,19726.231255,30.348048
2263,UNS 2025-11-15,2025-01-01,12,SDLP,#2AA82C,2,223.495004,0.343838
2263,UNS 2025-11-15,2025-01-01,8,Scottish National Party,#FFF95D,2,2139.863118,3.292097
2263,UNS 2025-11-15,2025-01-01,13,Sinn Féin,#326760,7,527.786999,0.811980
2263,UNS 2025-11-15,2025-01-01,11,Ulster Unionist Party,#48A5EE,1,229.702779,0.353389
2264,UNS 2025-11-16,2025-01-01,10,Alliance,#F6CB2F,1,294.915546,0.453716
2264,UNS 2025-11-16,2025-01-01,4,Conservative,#0087DC,44,10367.739906,15.950369
2264,UNS 2025-11-16,2025-01-01,9,Democratic Unionist Party,#D46A4C,6,435.780532,0.670432
2264,UNS 2025-11-16,2025-01-01,6,Green,#6AB023,5,7229.331902,11.122049
2264,UNS 2025-11-16,2025-01-01,1,Labour,#E4003B,147,13086.157920,20.132551
2264,UNS 2025-11-16,2025-01-01,5,Liberal Democrats,#FAA61A,73,7661.075231,11.786270
2264,UNS 2025-11-16,2025-01-01,7,Other,#808080,15,2372.219423,3.649568
2264,UNS 2025-11-16,2025-01-01,3,Plaid Cymru,#005B54,3,705.700385,1.085693
2264,UNS 2025-11-16,2025-01-01,2,Reform UK,#12B6CF,344,19726.231255,30.348048
2264,UNS 2025-11-16,2025-01-01,12,SDLP,#2AA82C,2,223.495004,0.343838
2264,UNS 2025-11-16,2025-01-01,8,Scottish National Party,#FFF95D,2,2139.863118,3.292097
2264,UNS 2025-11-16,2025-01-01,13,Sinn Féin,#326760,7,527.786999,0.811980
2264,UNS 2025-11-16,2025-01-01,11,Ulster Unionist Party,#48A5EE,1,229.702779,0.353389
2265,UNS 2025-11-17,2025-01-01,10,Alliance,#F6CB2F,1,294.928585,0.453736
2265,UNS 2025-11-17,2025-01-01,4,Conservative,#0087DC,47,10461.414538,16.094484
2265,UNS 2025-11-17,2025-01-01,9,Democratic Unionist Party,#D46A4C,6,435.797717,0.670458
2265,UNS 2025-11-17,2025-01-01,6,Green,#6AB023,6,7399.605426,11.384008
2265,UNS 2025-11-17,2025-01-01,1,Labour,#E4003B,153,13148.363576,20.228252
2265,UNS 2025-11-17,2025-01-01,5,Liberal Democrats,#FAA61A,75,7664.488984,11.791522
2265,UNS 2025-11-17,2025-01-01,7,Other,#808080,16,2359.684241,3.630283
2265,UNS 2025-11-17,2025-01-01,3,Plaid Cymru,#005B54,4,701.689475,1.079522
2265,UNS 2025-11-17,2025-01-01,2,Reform UK,#12B6CF,330,19530.190208,30.046446
2265,UNS 2025-11-17,2025-01-01,12,SDLP,#2AA82C,2,223.510741,0.343863
2265,UNS 2025-11-17,2025-01-01,8,Scottish National Party,#FFF95D,2,2022.798866,3.111998
2265,UNS 2025-11-17,2025-01-01,13,Sinn Féin,#326760,7,527.816206,0.812025
2265,UNS 2025-11-17,2025-01-01,11,Ulster Unionist Party,#48A5EE,1,229.711438,0.353402
2266,UNS 2025-11-18,2025-01-01,10,Alliance,#F6CB2F,1,294.928585,0.453736
2266,UNS 2025-11-18,2025-01-01,4,Conservative,#0087DC,47,10461.414538,16.094484
2266,UNS 2025-11-18,2025-01-01,9,Democratic Unionist Party,#D46A4C,6,435.797717,0.670458
2266,UNS 2025-11-18,2025-01-01,6,Green,#6AB023,6,7399.605426,11.384008
2266,UNS 2025-11-18,2025-01-01,1,Labour,#E4003B,153,13148.363576,20.228252
2266,UNS 2025-11-18,2025-01-01,5,Liberal Democrats,#FAA61A,75,7664.488984,11.791522
2266,UNS 2025-11-18,2025-01-01,7,Other,#808080,16,2359.684241,3.630283
2266,UNS 2025-11-18,2025-01-01,3,Plaid Cymru,#005B54,4,701.689475,1.079522
2266,UNS 2025-11-18,2025-01-01,2,Reform UK,#12B6CF,330,19530.190208,30.046446
2266,UNS 2025-11-18,2025-01-01,12,SDLP,#2AA82C,2,223.510741,0.343863
2266,UNS 2025-11-18,2025-01-01,8,Scottish National Party,#FFF95D,2,2022.798866,3.111998
2266,UNS 2025-11-18,2025-01-01,13,Sinn Féin,#326760,7,527.816206,0.812025
2266,UNS 2025-11-18,2025-01-01,11,Ulster Unionist Party,#48A5EE,1,229.711438,0.353402
2267,UNS 2025-11-19,2025-01-01,10,Alliance,#F6CB2F,1,294.940707,0.453755
2267,UNS 2025-11-19,2025-01-01,4,Conservative,#0087DC,47,10455.167213,16.084873
2267,UNS 2025-11-19,2025-01-01,9,Democratic Unionist Party,#D46A4C,6,435.813693,0.670483
2267,UNS 2025-11-19,2025-01-01,6,Green,#6AB023,8,7578.570866,11.659340
2267,UNS 2025-11-19,2025-01-01,1,Labour,#E4003B,145,13042.418631,20.065259
2267,UNS 2025-11-19,2025-01-01,5,Liberal Democrats,#FAA61A,74,7607.979154,11.704583
2267,UNS 2025-11-19,2025-01-01,7,Other,#808080,16,2343.504541,3.605392
2267,UNS 2025-11-19,2025-01-01,3,Plaid Cymru,#005B54,4,707.379659,1.088276
2267,UNS 2025-11-19,2025-01-01,2,Reform UK,#12B6CF,336,19568.184858,30.104900
2267,UNS 2025-11-19,2025-01-01,12,SDLP,#2AA82C,2,223.525371,0.343885
2267,UNS 2025-11-19,2025-01-01,8,Scottish National Party,#FFF95D,3,1984.952459,3.053773
2267,UNS 2025-11-19,2025-01-01,13,Sinn Féin,#326760,7,527.843360,0.812067
2267,UNS 2025-11-19,2025-01-01,11,Ulster Unionist Party,#48A5EE,1,229.719489,0.353415
2268,UNS 2025-11-20,2025-01-01,10,Alliance,#F6CB2F,1,287.028369,0.441582
2268,UNS 2025-11-20,2025-01-01,4,Conservative,#0087DC,48,10467.304593,16.103546
2268,UNS 2025-11-20,2025-01-01,9,Democratic Unionist Party,#D46A4C,6,423.444854,0.651454
2268,UNS 2025-11-20,2025-01-01,6,Green,#6AB023,8,7574.638056,11.653289
2268,UNS 2025-11-20,2025-01-01,1,Labour,#E4003B,154,13099.970776,20.153801
2268,UNS 2025-11-20,2025-01-01,5,Liberal Democrats,#FAA61A,75,7599.381787,11.691357
2268,UNS 2025-11-20,2025-01-01,7,Other,#808080,16,2404.266243,3.698871
2268,UNS 2025-11-20,2025-01-01,3,Plaid Cymru,#005B54,4,712.236311,1.095748
2268,UNS 2025-11-20,2025-01-01,2,Reform UK,#12B6CF,324,19505.642511,30.008681
2268,UNS 2025-11-20,2025-01-01,12,SDLP,#2AA82C,2,216.607730,0.333243
2268,UNS 2025-11-20,2025-01-01,8,Scottish National Party,#FFF95D,4,1976.323788,3.040498
2268,UNS 2025-11-20,2025-01-01,13,Sinn Féin,#326760,7,509.339239,0.783599
2268,UNS 2025-11-20,2025-01-01,11,Ulster Unionist Party,#48A5EE,1,223.815745,0.344332
2269,UNS 2025-11-21,2025-01-01,10,Alliance,#F6CB2F,1,288.062735,0.443173
2269,UNS 2025-11-21,2025-01-01,4,Conservative,#0087DC,48,10474.680793,16.114894
2269,UNS 2025-11-21,2025-01-01,9,Democratic Unionist Party,#D46A4C,6,425.180201,0.654123
2269,UNS 2025-11-21,2025-01-01,6,Green,#6AB023,8,7567.821524,11.642802
2269,UNS 2025-11-21,2025-01-01,1,Labour,#E4003B,155,13153.809717,20.236630
2269,UNS 2025-11-21,2025-01-01,5,Liberal Democrats,#FAA61A,76,7620.115047,11.723254
2269,UNS 2025-11-21,2025-01-01,7,Other,#808080,18,2425.740698,3.731909
2269,UNS 2025-11-21,2025-01-01,3,Plaid Cymru,#005B54,4,678.175187,1.043346
2269,UNS 2025-11-21,2025-01-01,2,Reform UK,#12B6CF,320,19530.364485,30.046715
2269,UNS 2025-11-21,2025-01-01,12,SDLP,#2AA82C,2,217.522792,0.334650
2269,UNS 2025-11-21,2025-01-01,8,Scottish National Party,#FFF95D,4,1881.848452,2.895151
2269,UNS 2025-11-21,2025-01-01,13,Sinn Féin,#326760,7,511.971186,0.787648
2269,UNS 2025-11-21,2025-01-01,11,Ulster Unionist Party,#48A5EE,1,224.707183,0.345703
2270,UNS 2025-11-22,2025-01-01,10,Alliance,#F6CB2F,1,288.062735,0.443173
2270,UNS 2025-11-22,2025-01-01,4,Conservative,#0087DC,48,10474.680793,16.114894
2270,UNS 2025-11-22,2025-01-01,9,Democratic Unionist Party,#D46A4C,6,425.180201,0.654123
2270,UNS 2025-11-22,2025-01-01,6,Green,#6AB023,8,7567.821524,11.642802
2270,UNS 2025-11-22,2025-01-01,1,Labour,#E4003B,155,13153.809717,20.236630
2270,UNS 2025-11-22,2025-01-01,5,Liberal Democrats,#FAA61A,76,7620.115047,11.723254
2270,UNS 2025-11-22,2025-01-01,7,Other,#808080,18,2425.740698,3.731909
2270,UNS 2025-11-22,2025-01-01,3,Plaid Cymru,#005B54,4,678.175187,1.043346
2270,UNS 2025-11-22,2025-01-01,2,Reform UK,#12B6CF,320,19530.364485,30.046715
2270,UNS 2025-11-22,2025-01-01,12,SDLP,#2AA82C,2,217.522792,0.334650
2270,UNS 2025-11-22,2025-01-01,8,Scottish National Party,#FFF95D,4,1881.848452,2.895151
2270,UNS 2025-11-22,2025-01-01,13,Sinn Féin,#326760,7,511.971186,0.787648
2270,UNS 2025-11-22,2025-01-01,11,Ulster Unionist Party,#48A5EE,1,224.707183,0.345703
2271,UNS 2025-11-23,2025-01-01,10,Alliance,#F6CB2F,1,288.062735,0.443173
2271,UNS 2025-11-23,2025-01-01,4,Conservative,#0087DC,48,10474.680793,16.114894
2271,UNS 2025-11-23,2025-01-01,9,Democratic Unionist Party,#D46A4C,6,425.180201,0.654123
2271,UNS 2025-11-23,2025-01-01,6,Green,#6AB023,8,7567.821524,11.642802
2271,UNS 2025-11-23,2025-01-01,1,Labour,#E4003B,155,13153.809717,20.236630
2271,UNS 2025-11-23,2025-01-01,5,Liberal Democrats,#FAA61A,76,7620.115047,11.723254
2271,UNS 2025-11-23,2025-01-01,7,Other,#808080,18,2425.740698,3.731909
2271,UNS 2025-11-23,2025-01-01,3,Plaid Cymru,#005B54,4,678.175187,1.043346
2271,UNS 2025-11-23,2025-01-01,2,Reform UK,#12B6CF,320,19530.364485,30.046715
2271,UNS 2025-11-23,2025-01-01,12,SDLP,#2AA82C,2,217.522792,0.334650
2271,UNS 2025-11-23,2025-01-01,8,Scottish National Party,#FFF95D,4,1881.848452,2.895151
2271,UNS 2025-11-23,2025-01-01,13,Sinn Féin,#326760,7,511.971186,0.787648
2271,UNS 2025-11-23,2025-01-01,11,Ulster Unionist Party,#48A5EE,1,224.707183,0.345703
2272,UNS 2025-11-24,2025-01-01,10,Alliance,#F6CB2F,1,288.524810,0.443884
2272,UNS 2025-11-24,2025-01-01,4,Conservative,#0087DC,48,10554.353391,16.237467
2272,UNS 2025-11-24,2025-01-01,9,Democratic Unionist Party,#D46A4C,6,425.946561,0.655302
2272,UNS 2025-11-24,2025-01-01,6,Green,#6AB023,8,7619.844833,11.722838
2272,UNS 2025-11-24,2025-01-01,1,Labour,#E4003B,158,13173.893384,20.267528
2272,UNS 2025-11-24,2025-01-01,5,Liberal Democrats,#FAA61A,76,7687.708777,11.827244
2272,UNS 2025-11-24,2025-01-01,7,Other,#808080,18,2404.760965,3.699632
2272,UNS 2025-11-24,2025-01-01,3,Plaid Cymru,#005B54,4,673.047628,1.035458
2272,UNS 2025-11-24,2025-01-01,2,Reform UK,#12B6CF,316,19380.717524,29.816488
2272,UNS 2025-11-24,2025-01-01,12,SDLP,#2AA82C,2,217.897979,0.335228
2272,UNS 2025-11-24,2025-01-01,8,Scottish National Party,#FFF95D,5,1835.097149,2.823226
2272,UNS 2025-11-24,2025-01-01,13,Sinn Féin,#326760,7,513.095691,0.789378
2272,UNS 2025-11-24,2025-01-01,11,Ulster Unionist Party,#48A5EE,1,225.111308,0.346325
2273,UNS 2025-11-25,2025-01-01,10,Alliance,#F6CB2F,1,288.524810,0.443884
2273,UNS 2025-11-25,2025-01-01,4,Conservative,#0087DC,48,10554.353391,16.237467
2273,UNS 2025-11-25,2025-01-01,9,Democratic Unionist Party,#D46A4C,6,425.946561,0.655302
2273,UNS 2025-11-25,2025-01-01,6,Green,#6AB023,8,7619.844833,11.722838
2273,UNS 2025-11-25,2025-01-01,1,Labour,#E4003B,158,13173.893384,20.267528
2273,UNS 2025-11-25,2025-01-01,5,Liberal Democrats,#FAA61A,76,7687.708777,11.827244
2273,UNS 2025-11-25,2025-01-01,7,Other,#808080,18,2404.760965,3.699632
2273,UNS 2025-11-25,2025-01-01,3,Plaid Cymru,#005B54,4,673.047628,1.035458
2273,UNS 2025-11-25,2025-01-01,2,Reform UK,#12B6CF,316,19380.717524,29.816488
2273,UNS 2025-11-25,2025-01-01,12,SDLP,#2AA82C,2,217.897979,0.335228
2273,UNS 2025-11-25,2025-01-01,8,Scottish National Party,#FFF95D,5,1835.097149,2.823226
2273,UNS 2025-11-25,2025-01-01,13,Sinn Féin,#326760,7,513.095691,0.789378
2273,UNS 2025-11-25,2025-01-01,11,Ulster Unionist Party,#48A5EE,1,225.111308,0.346325
2274,UNS 2025-11-26,2025-01-01,10,Alliance,#F6CB2F,1,288.962390,0.444558
2274,UNS 2025-11-26,2025-01-01,4,Conservative,#0087DC,48,10571.080073,16.263200
2274,UNS 2025-11-26,2025-01-01,9,Democratic Unionist Party,#D46A4C,6,426.672290,0.656419
2274,UNS 2025-11-26,2025-01-01,6,Green,#6AB023,8,7766.700171,11.948769
2274,UNS 2025-11-26,2025-01-01,1,Labour,#E4003B,153,13054.982127,20.084588
2274,UNS 2025-11-26,2025-01-01,5,Liberal Democrats,#FAA61A,76,7661.764443,11.787330
2274,UNS 2025-11-26,2025-01-01,7,Other,#808080,18,2383.057328,3.666242
2274,UNS 2025-11-26,2025-01-01,3,Plaid Cymru,#005B54,4,677.650602,1.042539
2274,UNS 2025-11-26,2025-01-01,2,Reform UK,#12B6CF,321,19408.929483,29.859892
2274,UNS 2025-11-26,2025-01-01,12,SDLP,#2AA82C,2,218.253267,0.335774
2274,UNS 2025-11-26,2025-01-01,8,Scottish National Party,#FFF95D,5,1802.293255,2.772759
2274,UNS 2025-11-26,2025-01-01,13,Sinn Féin,#326760,7,514.160561,0.791016
2274,UNS 2025-11-26,2025-01-01,11,Ulster Unionist Party,#48A5EE,1,225.494009,0.346914
2275,UNS 2025-11-27,2025-01-01,10,Alliance,#F6CB2F,1,289.367926,0.445181
2275,UNS 2025-11-27,2025-01-01,4,Conservative,#0087DC,50,10638.631420,16.367125
2275,UNS 2025-11-27,2025-01-01,9,Democratic Unionist Party,#D46A4C,6,427.344866,0.657454
2275,UNS 2025-11-27,2025-01-01,6,Green,#6AB023,8,7766.614352,11.948637
2275,UNS 2025-11-27,2025-01-01,1,Labour,#E4003B,153,13101.719141,20.156491
2275,UNS 2025-11-27,2025-01-01,5,Liberal Democrats,#FAA61A,76,7643.216398,11.758794
2275,UNS 2025-11-27,2025-01-01,7,Other,#808080,18,2357.046227,3.626225
2275,UNS 2025-11-27,2025-01-01,3,Plaid Cymru,#005B54,4,671.850266,1.033616
2275,UNS 2025-11-27,2025-01-01,2,Reform UK,#12B6CF,319,19394.434592,29.837592
2275,UNS 2025-11-27,2025-01-01,12,SDLP,#2AA82C,2,218.582527,0.336281
2275,UNS 2025-11-27,2025-01-01,8,Scottish National Party,#FFF95D,5,1750.196174,2.692609
2275,UNS 2025-11-27,2025-01-01,13,Sinn Féin,#326760,7,515.147428,0.792535
2275,UNS 2025-11-27,2025-01-01,11,Ulster Unionist Party,#48A5EE,1,225.848683,0.347460
2276,UNS 2025-11-28,2025-01-01,10,Alliance,#F6CB2F,1,290.352129,0.446696
2276,UNS 2025-11-28,2025-01-01,4,Conservative,#0087DC,53,10646.764834,16.379638
2276,UNS 2025-11-28,2025-01-01,9,Democratic Unionist Party,#D46A4C,6,428.963946,0.659945
2276,UNS 2025-11-28,2025-01-01,6,Green,#6AB023,8,7764.087989,11.944751
2276,UNS 2025-11-28,2025-01-01,1,Labour,#E4003B,160,13262.689893,20.404138
2276,UNS 2025-11-28,2025-01-01,5,Liberal Democrats,#FAA61A,78,7626.223255,11.732651
2276,UNS 2025-11-28,2025-01-01,7,Other,#808080,18,2384.221206,3.668033
2276,UNS 2025-11-28,2025-01-01,3,Plaid Cymru,#005B54,4,641.361779,0.986710
2276,UNS 2025-11-28,2025-01-01,2,Reform UK,#12B6CF,307,19341.502201,29.756157
2276,UNS 2025-11-28,2025-01-01,12,SDLP,#2AA82C,2,219.404657,0.337546
2276,UNS 2025-11-28,2025-01-01,8,Scottish National Party,#FFF95D,5,1650.276409,2.538887
2276,UNS 2025-11-28,2025-01-01,13,Sinn Féin,#326760,7,517.576023,0.796271
2276,UNS 2025-11-28,2025-01-01,11,Ulster Unionist Party,#48A5EE,1,226.575678,0.348578
2277,UNS 2025-11-29,2025-01-01,10,Alliance,#F6CB2F,1,290.352129,0.446696
2277,UNS 2025-11-29,2025-01-01,4,Conservative,#0087DC,53,10646.764834,16.379638
2277,UNS 2025-11-29,2025-01-01,9,Democratic Unionist Party,#D46A4C,6,428.963946,0.659945
2277,UNS 2025-11-29,2025-01-01,6,Green,#6AB023,8,7764.087989,11.944751
2277,UNS 2025-11-29,2025-01-01,1,Labour,#E4003B,160,13262.689893,20.404138
2277,UNS 2025-11-29,2025-01-01,5,Liberal Democrats,#FAA61A,78,7626.223255,11.732651
2277,UNS 2025-11-29,2025-01-01,7,Other,#808080,18,2384.221206,3.668033
2277,UNS 2025-11-29,2025-01-01,3,Plaid Cymru,#005B54,4,641.361779,0.986710
2277,UNS 2025-11-29,2025-01-01,2,Reform UK,#12B6CF,307,19341.502201,29.756157
2277,UNS 2025-11-29,2025-01-01,12,SDLP,#2AA82C,2,219.404657,0.337546
2277,UNS 2025-11-29,2025-01-01,8,Scottish National Party,#FFF95D,5,1650.276409,2.538887
2277,UNS 2025-11-29,2025-01-01,13,Sinn Féin,#326760,7,517.576023,0.796271
2277,UNS 2025-11-29,2025-01-01,11,Ulster Unionist Party,#48A5EE,1,226.575678,0.348578
2278,UNS 2025-11-30,2025-01-01,10,Alliance,#F6CB2F,1,290.352129,0.446696
2278,UNS 2025-11-30,2025-01-01,4,Conservative,#0087DC,53,10646.764834,16.379638
2278,UNS 2025-11-30,2025-01-01,9,Democratic Unionist Party,#D46A4C,6,428.963946,0.659945
2278,UNS 2025-11-30,2025-01-01,6,Green,#6AB023,8,7764.087989,11.944751
2278,UNS 2025-11-30,2025-01-01,1,Labour,#E4003B,160,13262.689893,20.404138
2278,UNS 2025-11-30,2025-01-01,5,Liberal Democrats,#FAA61A,78,7626.223255,11.732651
2278,UNS 2025-11-30,2025-01-01,7,Other,#808080,18,2384.221206,3.668033
2278,UNS 2025-11-30,2025-01-01,3,Plaid Cymru,#005B54,4,641.361779,0.986710
2278,UNS 2025-11-30,2025-01-01,2,Reform UK,#12B6CF,307,19341.502201,29.756157
2278,UNS 2025-11-30,2025-01-01,12,SDLP,#2AA82C,2,219.404657,0.337546
2278,UNS 2025-11-30,2025-01-01,8,Scottish National Party,#FFF95D,5,1650.276409,2.538887
2278,UNS 2025-11-30,2025-01-01,13,Sinn Féin,#326760,7,517.576023,0.796271
2278,UNS 2025-11-30,2025-01-01,11,Ulster Unionist Party,#48A5EE,1,226.575678,0.348578
2279,UNS 2025-12-01,2025-01-01,10,Alliance,#F6CB2F,1,290.352129,0.446696
2279,UNS 2025-12-01,2025-01-01,4,Conservative,#0087DC,53,10676.036994,16.424672
2279,UNS 2025-12-01,2025-01-01,9,Democratic Unionist Party,#D46A4C,6,428.963946,0.659945
2279,UNS 2025-12-01,2025-01-01,6,Green,#6AB023,8,7865.787892,12.101212
2279,UNS 2025-12-01,2025-01-01,1,Labour,#E4003B,160,13234.220612,20.360339
2279,UNS 2025-12-01,2025-01-01,5,Liberal Democrats,#FAA61A,78,7650.034598,11.769284
2279,UNS 2025-12-01,2025-01-01,7,Other,#808080,18,2366.547065,3.640842
2279,UNS 2025-12-01,2025-01-01,3,Plaid Cymru,#005B54,4,651.158666,1.001783
2279,UNS 2025-12-01,2025-01-01,2,Reform UK,#12B6CF,305,19225.498381,29.577690
2279,UNS 2025-12-01,2025-01-01,12,SDLP,#2AA82C,2,219.404657,0.337546
2279,UNS 2025-12-01,2025-01-01,8,Scottish National Party,#FFF95D,7,1647.843360,2.535144
2279,UNS 2025-12-01,2025-01-01,13,Sinn Féin,#326760,7,517.576023,0.796271
2279,UNS 2025-12-01,2025-01-01,11,Ulster Unionist Party,#48A5EE,1,226.575678,0.348578
2280,UNS 2025-12-02,2025-01-01,10,Alliance,#F6CB2F,1,290.636027,0.447132
2280,UNS 2025-12-02,2025-01-01,4,Conservative,#0087DC,55,10749.126003,16.537117
2280,UNS 2025-12-02,2025-01-01,9,Democratic Unionist Party,#D46A4C,6,429.418052,0.660643
2280,UNS 2025-12-02,2025-01-01,6,Green,#6AB023,8,7824.381048,12.037509
2280,UNS 2025-12-02,2025-01-01,1,Labour,#E4003B,160,13243.064511,20.373945
2280,UNS 2025-12-02,2025-01-01,5,Liberal Democrats,#FAA61A,78,7631.413912,11.740637
2280,UNS 2025-12-02,2025-01-01,7,Other,#808080,18,2358.656960,3.628703
2280,UNS 2025-12-02,2025-01-01,3,Plaid Cymru,#005B54,4,656.638648,1.010213
2280,UNS 2025-12-02,2025-01-01,2,Reform UK,#12B6CF,301,19225.722592,29.578035
2280,UNS 2025-12-02,2025-01-01,12,SDLP,#2AA82C,2,219.631806,0.337895
2280,UNS 2025-12-02,2025-01-01,8,Scottish National Party,#FFF95D,9,1626.329073,2.502045
2280,UNS 2025-12-02,2025-01-01,13,Sinn Féin,#326760,7,518.221777,0.797264
2280,UNS 2025-12-02,2025-01-01,11,Ulster Unionist Party,#48A5EE,1,226.759591,0.348861
2281,UNS 2025-12-03,2025-01-01,10,Alliance,#F6CB2F,1,290.898689,0.447536
2281,UNS 2025-12-03,2025-01-01,4,Conservative,#0087DC,52,10806.318550,16.625105
2281,UNS 2025-12-03,2025-01-01,9,Democratic Unionist Party,#D46A4C,6,429.834393,0.661284
2281,UNS 2025-12-03,2025-01-01,6,Green,#6AB023,8,7976.215473,12.271101
2281,UNS 2025-12-03,2025-01-01,1,Labour,#E4003B,157,13094.433203,20.145282
2281,UNS 2025-12-03,2025-01-01,5,Liberal Democrats,#FAA61A,77,7580.844698,11.662838
2281,UNS 2025-12-03,2025-01-01,7,Other,#808080,18,2343.826909,3.605888
2281,UNS 2025-12-03,2025-01-01,3,Plaid Cymru,#005B54,4,655.442127,1.008373
2281,UNS 2025-12-03,2025-01-01,2,Reform UK,#12B6CF,306,19247.989607,29.612292
2281,UNS 2025-12-03,2025-01-01,12,SDLP,#2AA82C,2,219.837129,0.338211
2281,UNS 2025-12-03,2025-01-01,8,Scottish National Party,#FFF95D,11,1608.632903,2.474820
2281,UNS 2025-12-03,2025-01-01,13,Sinn Féin,#326760,7,518.798025,0.798151
2281,UNS 2025-12-03,2025-01-01,11,Ulster Unionist Party,#48A5EE,1,226.928293,0.349120
2282,UNS 2025-12-04,2025-01-01,10,Alliance,#F6CB2F,1,290.898689,0.447536
2282,UNS 2025-12-04,2025-01-01,4,Conservative,#0087DC,52,10806.318550,16.625105
2282,UNS 2025-12-04,2025-01-01,9,Democratic Unionist Party,#D46A4C,6,429.834393,0.661284
2282,UNS 2025-12-04,2025-01-01,6,Green,#6AB023,8,7976.215473,12.271101
2282,UNS 2025-12-04,2025-01-01,1,Labour,#E4003B,157,13094.433203,20.145282
2282,UNS 2025-12-04,2025-01-01,5,Liberal Democrats,#FAA61A,77,7580.844698,11.662838
2282,UNS 2025-12-04,2025-01-01,7,Other,#808080,18,2343.826909,3.605888
2282,UNS 2025-12-04,2025-01-01,3,Plaid Cymru,#005B54,4,655.442127,1.008373
2282,UNS 2025-12-04,2025-01-01,2,Reform UK,#12B6CF,306,19247.989607,29.612292
2282,UNS 2025-12-04,2025-01-01,12,SDLP,#2AA82C,2,219.837129,0.338211
2282,UNS 2025-12-04,2025-01-01,8,Scottish National Party,#FFF95D,11,1608.632903,2.474820
2282,UNS 2025-12-04,2025-01-01,13,Sinn Féin,#326760,7,518.798025,0.798151
2282,UNS 2025-12-04,2025-01-01,11,Ulster Unionist Party,#48A5EE,1,226.928293,0.349120
2283,UNS 2025-12-05,2025-01-01,10,Alliance,#F6CB2F,1,290.898689,0.447536
2283,UNS 2025-12-05,2025-01-01,4,Conservative,#0087DC,52,10806.318550,16.625105
2283,UNS 2025-12-05,2025-01-01,9,Democratic Unionist Party,#D46A4C,6,429.834393,0.661284
2283,UNS 2025-12-05,2025-01-01,6,Green,#6AB023,8,7976.215473,12.271101
2283,UNS 2025-12-05,2025-01-01,1,Labour,#E4003B,157,13094.433203,20.145282
2283,UNS 2025-12-05,2025-01-01,5,Liberal Democrats,#FAA61A,77,7580.844698,11.662838
2283,UNS 2025-12-05,2025-01-01,7,Other,#808080,18,2343.826909,3.605888
2283,UNS 2025-12-05,2025-01-01,3,Plaid Cymru,#005B54,4,655.442127,1.008373
2283,UNS 2025-12-05,2025-01-01,2,Reform UK,#12B6CF,306,19247.989607,29.612292
2283,UNS 2025-12-05,2025-01-01,12,SDLP,#2AA82C,2,219.837129,0.338211
2283,UNS 2025-12-05,2025-01-01,8,Scottish National Party,#FFF95D,11,1608.632903,2.474820
2283,UNS 2025-12-05,2025-01-01,13,Sinn Féin,#326760,7,518.798025,0.798151
2283,UNS 2025-12-05,2025-01-01,11,Ulster Unionist Party,#48A5EE,1,226.928293,0.349120
2284,UNS 2025-12-06,2025-01-01,10,Alliance,#F6CB2F,1,290.898689,0.447536
2284,UNS 2025-12-06,2025-01-01,4,Conservative,#0087DC,52,10806.318550,16.625105
2284,UNS 2025-12-06,2025-01-01,9,Democratic Unionist Party,#D46A4C,6,429.834393,0.661284
2284,UNS 2025-12-06,2025-01-01,6,Green,#6AB023,8,7976.215473,12.271101
2284,UNS 2025-12-06,2025-01-01,1,Labour,#E4003B,157,13094.433203,20.145282
2284,UNS 2025-12-06,2025-01-01,5,Liberal Democrats,#FAA61A,77,7580.844698,11.662838
2284,UNS 2025-12-06,2025-01-01,7,Other,#808080,18,2343.826909,3.605888
2284,UNS 2025-12-06,2025-01-01,3,Plaid Cymru,#005B54,4,655.442127,1.008373
2284,UNS 2025-12-06,2025-01-01,2,Reform UK,#12B6CF,306,19247.989607,29.612292
2284,UNS 2025-12-06,2025-01-01,12,SDLP,#2AA82C,2,219.837129,0.338211
2284,UNS 2025-12-06,2025-01-01,8,Scottish National Party,#FFF95D,11,1608.632903,2.474820
2284,UNS 2025-12-06,2025-01-01,13,Sinn Féin,#326760,7,518.798025,0.798151
2284,UNS 2025-12-06,2025-01-01,11,Ulster Unionist Party,#48A5EE,1,226.928293,0.349120
2285,UNS 2025-12-07,2025-01-01,10,Alliance,#F6CB2F,1,290.898689,0.447536
2285,UNS 2025-12-07,2025-01-01,4,Conservative,#0087DC,52,10806.318550,16.625105
2285,UNS 2025-12-07,2025-01-01,9,Democratic Unionist Party,#D46A4C,6,429.834393,0.661284
2285,UNS 2025-12-07,2025-01-01,6,Green,#6AB023,8,7976.215473,12.271101
2285,UNS 2025-12-07,2025-01-01,1,Labour,#E4003B,157,13094.433203,20.145282
2285,UNS 2025-12-07,2025-01-01,5,Liberal Democrats,#FAA61A,77,7580.844698,11.662838
2285,UNS 2025-12-07,2025-01-01,7,Other,#808080,18,2343.826909,3.605888
2285,UNS 2025-12-07,2025-01-01,3,Plaid Cymru,#005B54,4,655.442127,1.008373
2285,UNS 2025-12-07,2025-01-01,2,Reform UK,#12B6CF,306,19247.989607,29.612292
2285,UNS 2025-12-07,2025-01-01,12,SDLP,#2AA82C,2,219.837129,0.338211
2285,UNS 2025-12-07,2025-01-01,8,Scottish National Party,#FFF95D,11,1608.632903,2.474820
2285,UNS 2025-12-07,2025-01-01,13,Sinn Féin,#326760,7,518.798025,0.798151
2285,UNS 2025-12-07,2025-01-01,11,Ulster Unionist Party,#48A5EE,1,226.928293,0.349120
2286,UNS 2025-12-08,2025-01-01,10,Alliance,#F6CB2F,1,291.167451,0.447950
2286,UNS 2025-12-08,2025-01-01,4,Conservative,#0087DC,54,10895.586187,16.762440
2286,UNS 2025-12-08,2025-01-01,9,Democratic Unionist Party,#D46A4C,6,430.260398,0.661939
2286,UNS 2025-12-08,2025-01-01,6,Green,#6AB023,8,7981.339077,12.278983
2286,UNS 2025-12-08,2025-01-01,1,Labour,#E4003B,153,13091.922335,20.141419
2286,UNS 2025-12-08,2025-01-01,5,Liberal Democrats,#FAA61A,76,7633.118353,11.743259
2286,UNS 2025-12-08,2025-01-01,7,Other,#808080,18,2310.874745,3.555192
2286,UNS 2025-12-08,2025-01-01,3,Plaid Cymru,#005B54,4,654.208525,1.006475
2286,UNS 2025-12-08,2025-01-01,2,Reform UK,#12B6CF,306,19155.151569,29.469464
2286,UNS 2025-12-08,2025-01-01,12,SDLP,#2AA82C,2,220.047215,0.338534
2286,UNS 2025-12-08,2025-01-01,8,Scottish National Party,#FFF95D,14,1589.835590,2.445901
2286,UNS 2025-12-08,2025-01-01,13,Sinn Féin,#326760,7,519.387644,0.799058
2286,UNS 2025-12-08,2025-01-01,11,Ulster Unionist Party,#48A5EE,1,227.100911,0.349386
2287,UNS 2025-12-09,2025-01-01,10,Alliance,#F6CB2F,1,291.167451,0.447950
2287,UNS 2025-12-09,2025-01-01,4,Conservative,#0087DC,54,10895.586187,16.762440
2287,UNS 2025-12-09,2025-01-01,9,Democratic Unionist Party,#D46A4C,6,430.260398,0.661939
2287,UNS 2025-12-09,2025-01-01,6,Green,#6AB023,8,7981.339077,12.278983
2287,UNS 2025-12-09,2025-01-01,1,Labour,#E4003B,153,13091.922335,20.141419
2287,UNS 2025-12-09,2025-01-01,5,Liberal Democrats,#FAA61A,76,7633.118353,11.743259
2287,UNS 2025-12-09,2025-01-01,7,Other,#808080,18,2310.874745,3.555192
2287,UNS 2025-12-09,2025-01-01,3,Plaid Cymru,#005B54,4,654.208525,1.006475
2287,UNS 2025-12-09,2025-01-01,2,Reform UK,#12B6CF,306,19155.151569,29.469464
2287,UNS 2025-12-09,2025-01-01,12,SDLP,#2AA82C,2,220.047215,0.338534
2287,UNS 2025-12-09,2025-01-01,8,Scottish National Party,#FFF95D,14,1589.835590,2.445901
2287,UNS 2025-12-09,2025-01-01,13,Sinn Féin,#326760,7,519.387644,0.799058
2287,UNS 2025-12-09,2025-01-01,11,Ulster Unionist Party,#48A5EE,1,227.100911,0.349386
2288,UNS 2025-12-10,2025-01-01,10,Alliance,#F6CB2F,1,291.423236,0.448343
2288,UNS 2025-12-10,2025-01-01,4,Conservative,#0087DC,55,10898.661786,16.767172
2288,UNS 2025-12-10,2025-01-01,9,Democratic Unionist Party,#D46A4C,6,430.665833,0.662563
2288,UNS 2025-12-10,2025-01-01,6,Green,#6AB023,9,8113.488311,12.482290
2288,UNS 2025-12-10,2025-01-01,1,Labour,#E4003B,149,12968.998207,19.952305
2288,UNS 2025-12-10,2025-01-01,5,Liberal Democrats,#FAA61A,77,7620.589643,11.723984
2288,UNS 2025-12-10,2025-01-01,7,Other,#808080,18,2322.587318,3.573211
2288,UNS 2025-12-10,2025-01-01,3,Plaid Cymru,#005B54,4,657.775330,1.011962
2288,UNS 2025-12-10,2025-01-01,2,Reform UK,#12B6CF,305,19161.351244,29.479002
2288,UNS 2025-12-10,2025-01-01,12,SDLP,#2AA82C,2,220.247153,0.338842
2288,UNS 2025-12-10,2025-01-01,8,Scottish National Party,#FFF95D,16,1566.997956,2.410766
2288,UNS 2025-12-10,2025-01-01,13,Sinn Féin,#326760,7,519.948788,0.799921
2288,UNS 2025-12-10,2025-01-01,11,Ulster Unionist Party,#48A5EE,1,227.265194,0.349639
2289,UNS 2025-12-11,2025-01-01,10,Alliance,#F6CB2F,1,291.423236,0.448343
2289,UNS 2025-12-11,2025-01-01,4,Conservative,#0087DC,55,10898.661786,16.767172
2289,UNS 2025-12-11,2025-01-01,9,Democratic Unionist Party,#D46A4C,6,430.665833,0.662563
2289,UNS 2025-12-11,2025-01-01,6,Green,#6AB023,9,8113.488311,12.482290
2289,UNS 2025-12-11,2025-01-01,1,Labour,#E4003B,149,12968.998207,19.952305
2289,UNS 2025-12-11,2025-01-01,5,Liberal Democrats,#FAA61A,77,7620.589643,11.723984
2289,UNS 2025-12-11,2025-01-01,7,Other,#808080,18,2322.587318,3.573211
2289,UNS 2025-12-11,2025-01-01,3,Plaid Cymru,#005B54,4,657.775330,1.011962
2289,UNS 2025-12-11,2025-01-01,2,Reform UK,#12B6CF,305,19161.351244,29.479002
2289,UNS 2025-12-11,2025-01-01,12,SDLP,#2AA82C,2,220.247153,0.338842
2289,UNS 2025-12-11,2025-01-01,8,Scottish National Party,#FFF95D,16,1566.997956,2.410766
2289,UNS 2025-12-11,2025-01-01,13,Sinn Féin,#326760,7,519.948788,0.799921
2289,UNS 2025-12-11,2025-01-01,11,Ulster Unionist Party,#48A5EE,1,227.265194,0.349639
2290,UNS 2025-12-12,2025-01-01,10,Alliance,#F6CB2F,1,291.666709,0.448718
2290,UNS 2025-12-12,2025-01-01,4,Conservative,#0087DC,53,10921.937498,16.802981
2290,UNS 2025-12-12,2025-01-01,9,Democratic Unionist Party,#D46A4C,6,431.051749,0.663157
2290,UNS 2025-12-12,2025-01-01,6,Green,#6AB023,9,8087.544664,12.442376
2290,UNS 2025-12-12,2025-01-01,1,Labour,#E4003B,150,13007.485733,20.011517
2290,UNS 2025-12-12,2025-01-01,5,Liberal Democrats,#FAA61A,77,7626.477486,11.733042
2290,UNS 2025-12-12,2025-01-01,7,Other,#808080,16,2305.673927,3.547191
2290,UNS 2025-12-12,2025-01-01,3,Plaid Cymru,#005B54,4,634.875526,0.976732
2290,UNS 2025-12-12,2025-01-01,2,Reform UK,#12B6CF,310,19226.870840,29.579801
2290,UNS 2025-12-12,2025-01-01,12,SDLP,#2AA82C,2,220.437464,0.339135
2290,UNS 2025-12-12,2025-01-01,8,Scottish National Party,#FFF95D,14,1498.073923,2.304729
2290,UNS 2025-12-12,2025-01-01,13,Sinn Féin,#326760,7,520.482913,0.800743
2290,UNS 2025-12-12,2025-01-01,11,Ulster Unionist Party,#48A5EE,1,227.421569,0.349879
2291,UNS 2025-12-13,2025-01-01,10,Alliance,#F6CB2F,1,291.666709,0.448718
2291,UNS 2025-12-13,2025-01-01,4,Conservative,#0087DC,53,10921.937498,16.802981
2291,UNS 2025-12-13,2025-01-01,9,Democratic Unionist Party,#D46A4C,6,431.051749,0.663157
2291,UNS 2025-12-13,2025-01-01,6,Green,#6AB023,9,8087.544664,12.442376
2291,UNS 2025-12-13,2025-01-01,1,Labour,#E4003B,150,13007.485733,20.011517
2291,UNS 2025-12-13,2025-01-01,5,Liberal Democrats,#FAA61A,77,7626.477486,11.733042
2291,UNS 2025-12-13,2025-01-01,7,Other,#808080,16,2305.673927,3.547191
2291,UNS 2025-12-13,2025-01-01,3,Plaid Cymru,#005B54,4,634.875526,0.976732
2291,UNS 2025-12-13,2025-01-01,2,Reform UK,#12B6CF,310,19226.870840,29.579801
2291,UNS 2025-12-13,2025-01-01,12,SDLP,#2AA82C,2,220.437464,0.339135
2291,UNS 2025-12-13,2025-01-01,8,Scottish National Party,#FFF95D,14,1498.073923,2.304729
2291,UNS 2025-12-13,2025-01-01,13,Sinn Féin,#326760,7,520.482913,0.800743
2291,UNS 2025-12-13,2025-01-01,11,Ulster Unionist Party,#48A5EE,1,227.421569,0.349879
2292,UNS 2025-12-14,2025-01-01,10,Alliance,#F6CB2F,1,291.666709,0.448718
2292,UNS 2025-12-14,2025-01-01,4,Conservative,#0087DC,53,10921.937498,16.802981
2292,UNS 2025-12-14,2025-01-01,9,Democratic Unionist Party,#D46A4C,6,431.051749,0.663157
2292,UNS 2025-12-14,2025-01-01,6,Green,#6AB023,9,8087.544664,12.442376
2292,UNS 2025-12-14,2025-01-01,1,Labour,#E4003B,150,13007.485733,20.011517
2292,UNS 2025-12-14,2025-01-01,5,Liberal Democrats,#FAA61A,77,7626.477486,11.733042
2292,UNS 2025-12-14,2025-01-01,7,Other,#808080,16,2305.673927,3.547191
2292,UNS 2025-12-14,2025-01-01,3,Plaid Cymru,#005B54,4,634.875526,0.976732
2292,UNS 2025-12-14,2025-01-01,2,Reform UK,#12B6CF,310,19226.870840,29.579801
2292,UNS 2025-12-14,2025-01-01,12,SDLP,#2AA82C,2,220.437464,0.339135
2292,UNS 2025-12-14,2025-01-01,8,Scottish National Party,#FFF95D,14,1498.073923,2.304729
2292,UNS 2025-12-14,2025-01-01,13,Sinn Féin,#326760,7,520.482913,0.800743
2292,UNS 2025-12-14,2025-01-01,11,Ulster Unionist Party,#48A5EE,1,227.421569,0.349879
2293,UNS 2025-12-15,2025-01-01,10,Alliance,#F6CB2F,1,291.666709,0.448718
2293,UNS 2025-12-15,2025-01-01,4,Conservative,#0087DC,53,10936.126932,16.824811
2293,UNS 2025-12-15,2025-01-01,9,Democratic Unionist Party,#D46A4C,6,431.051749,0.663157
2293,UNS 2025-12-15,2025-01-01,6,Green,#6AB023,9,8299.737792,12.768827
2293,UNS 2025-12-15,2025-01-01,1,Labour,#E4003B,148,12978.510322,19.966939
2293,UNS 2025-12-15,2025-01-01,5,Liberal Democrats,#FAA61A,77,7607.432055,11.703742
2293,UNS 2025-12-15,2025-01-01,7,Other,#808080,17,2296.376751,3.532887
2293,UNS 2025-12-15,2025-01-01,3,Plaid Cymru,#005B54,4,637.716636,0.981103
2293,UNS 2025-12-15,2025-01-01,2,Reform UK,#12B6CF,308,19064.775441,29.330424
2293,UNS 2025-12-15,2025-01-01,12,SDLP,#2AA82C,2,220.437464,0.339135
2293,UNS 2025-12-15,2025-01-01,8,Scottish National Party,#FFF95D,17,1488.263667,2.289636
2293,UNS 2025-12-15,2025-01-01,13,Sinn Féin,#326760,7,520.482913,0.800743
2293,UNS 2025-12-15,2025-01-01,11,Ulster Unionist Party,#48A5EE,1,227.421569,0.349879
2294,UNS 2025-12-16,2025-01-01,10,Alliance,#F6CB2F,1,291.666709,0.448718
2294,UNS 2025-12-16,2025-01-01,4,Conservative,#0087DC,53,10936.126932,16.824811
2294,UNS 2025-12-16,2025-01-01,9,Democratic Unionist Party,#D46A4C,6,431.051749,0.663157
2294,UNS 2025-12-16,2025-01-01,6,Green,#6AB023,9,8299.737792,12.768827
2294,UNS 2025-12-16,2025-01-01,1,Labour,#E4003B,148,12978.510322,19.966939
2294,UNS 2025-12-16,2025-01-01,5,Liberal Democrats,#FAA61A,77,7607.432055,11.703742
2294,UNS 2025-12-16,2025-01-01,7,Other,#808080,17,2296.376751,3.532887
2294,UNS 2025-12-16,2025-01-01,3,Plaid Cymru,#005B54,4,637.716636,0.981103
2294,UNS 2025-12-16,2025-01-01,2,Reform UK,#12B6CF,308,19064.775441,29.330424
2294,UNS 2025-12-16,2025-01-01,12,SDLP,#2AA82C,2,220.437464,0.339135
2294,UNS 2025-12-16,2025-01-01,8,Scottish National Party,#FFF95D,17,1488.263667,2.289636
2294,UNS 2025-12-16,2025-01-01,13,Sinn Féin,#326760,7,520.482913,0.800743
2294,UNS 2025-12-16,2025-01-01,11,Ulster Unionist Party,#48A5EE,1,227.421569,0.349879
2295,UNS 2025-12-17,2025-01-01,10,Alliance,#F6CB2F,1,291.914305,0.449099
2295,UNS 2025-12-17,2025-01-01,4,Conservative,#0087DC,53,10933.423255,16.820651
2295,UNS 2025-12-17,2025-01-01,9,Democratic Unionist Party,#D46A4C,6,431.444199,0.663760
2295,UNS 2025-12-17,2025-01-01,6,Green,#6AB023,9,8397.662701,12.919481
2295,UNS 2025-12-17,2025-01-01,1,Labour,#E4003B,145,12856.722136,19.779573
2295,UNS 2025-12-17,2025-01-01,5,Liberal Democrats,#FAA61A,77,7563.031363,11.635433
2295,UNS 2025-12-17,2025-01-01,7,Other,#808080,16,2284.970848,3.515340
2295,UNS 2025-12-17,2025-01-01,3,Plaid Cymru,#005B54,4,641.064824,0.986254
2295,UNS 2025-12-17,2025-01-01,2,Reform UK,#12B6CF,312,19159.970345,29.476877
2295,UNS 2025-12-17,2025-01-01,12,SDLP,#2AA82C,2,220.630993,0.339432
2295,UNS 2025-12-17,2025-01-01,8,Scottish National Party,#FFF95D,17,1470.558365,2.262397
2295,UNS 2025-12-17,2025-01-01,13,Sinn Féin,#326760,7,521.026076,0.801579
2295,UNS 2025-12-17,2025-01-01,11,Ulster Unionist Party,#48A5EE,1,227.580590,0.350124
2296,UNS 2025-12-18,2025-01-01,10,Alliance,#F6CB2F,1,291.914305,0.449099
2296,UNS 2025-12-18,2025-01-01,4,Conservative,#0087DC,52,10947.985134,16.843054
2296,UNS 2025-12-18,2025-01-01,9,Democratic Unionist Party,#D46A4C,6,431.444199,0.663760
2296,UNS 2025-12-18,2025-01-01,6,Green,#6AB023,9,8320.428767,12.800660
2296,UNS 2025-12-18,2025-01-01,1,Labour,#E4003B,143,12873.915582,19.806024
2296,UNS 2025-12-18,2025-01-01,5,Liberal Democrats,#FAA61A,77,7603.956974,11.698395
2296,UNS 2025-12-18,2025-01-01,7,Other,#808080,16,2269.039243,3.490830
2296,UNS 2025-12-18,2025-01-01,3,Plaid Cymru,#005B54,4,643.790009,0.990446
2296,UNS 2025-12-18,2025-01-01,2,Reform UK,#12B6CF,315,19172.270747,29.495801
2296,UNS 2025-12-18,2025-01-01,12,SDLP,#2AA82C,2,220.630993,0.339432
2296,UNS 2025-12-18,2025-01-01,8,Scottish National Party,#FFF95D,17,1476.017381,2.270796
2296,UNS 2025-12-18,2025-01-01,13,Sinn Féin,#326760,7,521.026076,0.801579
2296,UNS 2025-12-18,2025-01-01,11,Ulster Unionist Party,#48A5EE,1,227.580590,0.350124
2297,UNS 2025-12-19,2025-01-01,10,Alliance,#F6CB2F,1,291.914305,0.449099
2297,UNS 2025-12-19,2025-01-01,4,Conservative,#0087DC,52,10947.985134,16.843054
2297,UNS 2025-12-19,2025-01-01,9,Democratic Unionist Party,#D46A4C,6,431.444199,0.663760
2297,UNS 2025-12-19,2025-01-01,6,Green,#6AB023,9,8320.428767,12.800660
2297,UNS 2025-12-19,2025-01-01,1,Labour,#E4003B,143,12873.915582,19.806024
2297,UNS 2025-12-19,2025-01-01,5,Liberal Democrats,#FAA61A,77,7603.956974,11.698395
2297,UNS 2025-12-19,2025-01-01,7,Other,#808080,16,2269.039243,3.490830
2297,UNS 2025-12-19,2025-01-01,3,Plaid Cymru,#005B54,4,643.790009,0.990446
2297,UNS 2025-12-19,2025-01-01,2,Reform UK,#12B6CF,315,19172.270747,29.495801
2297,UNS 2025-12-19,2025-01-01,12,SDLP,#2AA82C,2,220.630993,0.339432
2297,UNS 2025-12-19,2025-01-01,8,Scottish National Party,#FFF95D,17,1476.017381,2.270796
2297,UNS 2025-12-19,2025-01-01,13,Sinn Féin,#326760,7,521.026076,0.801579
2297,UNS 2025-12-19,2025-01-01,11,Ulster Unionist Party,#48A5EE,1,227.580590,0.350124
2298,UNS 2025-12-20,2025-01-01,10,Alliance,#F6CB2F,1,291.914305,0.449099
2298,UNS 2025-12-20,2025-01-01,4,Conservative,#0087DC,52,10947.985134,16.843054
2298,UNS 2025-12-20,2025-01-01,9,Democratic Unionist Party,#D46A4C,6,431.444199,0.663760
2298,UNS 2025-12-20,2025-01-01,6,Green,#6AB023,9,8320.428767,12.800660
2298,UNS 2025-12-20,2025-01-01,1,Labour,#E4003B,143,12873.915582,19.806024
2298,UNS 2025-12-20,2025-01-01,5,Liberal Democrats,#FAA61A,77,7603.956974,11.698395
2298,UNS 2025-12-20,2025-01-01,7,Other,#808080,16,2269.039243,3.490830
2298,UNS 2025-12-20,2025-01-01,3,Plaid Cymru,#005B54,4,643.790009,0.990446
2298,UNS 2025-12-20,2025-01-01,2,Reform UK,#12B6CF,315,19172.270747,29.495801
2298,UNS 2025-12-20,2025-01-01,12,SDLP,#2AA82C,2,220.630993,0.339432
2298,UNS 2025-12-20,2025-01-01,8,Scottish National Party,#FFF95D,17,1476.017381,2.270796
2298,UNS 2025-12-20,2025-01-01,13,Sinn Féin,#326760,7,521.026076,0.801579
2298,UNS 2025-12-20,2025-01-01,11,Ulster Unionist Party,#48A5EE,1,227.580590,0.350124
2299,UNS 2025-12-21,2025-01-01,10,Alliance,#F6CB2F,1,291.914305,0.449099
2299,UNS 2025-12-21,2025-01-01,4,Conservative,#0087DC,52,10947.985134,16.843054
2299,UNS 2025-12-21,2025-01-01,9,Democratic Unionist Party,#D46A4C,6,431.444199,0.663760
2299,UNS 2025-12-21,2025-01-01,6,Green,#6AB023,9,8320.428767,12.800660
2299,UNS 2025-12-21,2025-01-01,1,Labour,#E4003B,143,12873.915582,19.806024
2299,UNS 2025-12-21,2025-01-01,5,Liberal Democrats,#FAA61A,77,7603.956974,11.698395
2299,UNS 2025-12-21,2025-01-01,7,Other,#808080,16,2269.039243,3.490830
2299,UNS 2025-12-21,2025-01-01,3,Plaid Cymru,#005B54,4,643.790009,0.990446
2299,UNS 2025-12-21,2025-01-01,2,Reform UK,#12B6CF,315,19172.270747,29.495801
2299,UNS 2025-12-21,2025-01-01,12,SDLP,#2AA82C,2,220.630993,0.339432
2299,UNS 2025-12-21,2025-01-01,8,Scottish National Party,#FFF95D,17,1476.017381,2.270796
2299,UNS 2025-12-21,2025-01-01,13,Sinn Féin,#326760,7,521.026076,0.801579
2299,UNS 2025-12-21,2025-01-01,11,Ulster Unionist Party,#48A5EE,1,227.580590,0.350124
2300,UNS 2025-12-22,2025-01-01,10,Alliance,#F6CB2F,1,291.914305,0.449099
2300,UNS 2025-12-22,2025-01-01,4,Conservative,#0087DC,51,10986.285695,16.901978
2300,UNS 2025-12-22,2025-01-01,9,Democratic Unionist Party,#D46A4C,6,431.444199,0.663760
2300,UNS 2025-12-22,2025-01-01,6,Green,#6AB023,9,8375.760336,12.885785
2300,UNS 2025-12-22,2025-01-01,1,Labour,#E4003B,146,12891.164508,19.832561
2300,UNS 2025-12-22,2025-01-01,5,Liberal Democrats,#FAA61A,77,7641.625509,11.756347
2300,UNS 2025-12-22,2025-01-01,7,Other,#808080,16,2252.940802,3.466063
2300,UNS 2025-12-22,2025-01-01,3,Plaid Cymru,#005B54,4,645.231448,0.992664
2300,UNS 2025-12-22,2025-01-01,2,Reform UK,#12B6CF,311,19037.688053,29.288751
2300,UNS 2025-12-22,2025-01-01,12,SDLP,#2AA82C,2,220.630993,0.339432
2300,UNS 2025-12-22,2025-01-01,8,Scottish National Party,#FFF95D,19,1476.707485,2.271858
2300,UNS 2025-12-22,2025-01-01,13,Sinn Féin,#326760,7,521.026076,0.801579
2300,UNS 2025-12-22,2025-01-01,11,Ulster Unionist Party,#48A5EE,1,227.580590,0.350124
2301,UNS 2025-12-23,2025-01-01,10,Alliance,#F6CB2F,1,292.169976,0.449492
2301,UNS 2025-12-23,2025-01-01,4,Conservative,#0087DC,51,11104.922819,17.084497
2301,UNS 2025-12-23,2025-01-01,9,Democratic Unionist Party,#D46A4C,6,431.849444,0.664384
2301,UNS 2025-12-23,2025-01-01,6,Green,#6AB023,9,8273.140245,12.727908
2301,UNS 2025-12-23,2025-01-01,1,Labour,#E4003B,145,12931.513535,19.894636
2301,UNS 2025-12-23,2025-01-01,5,Liberal Democrats,#FAA61A,77,7656.122762,11.778650
2301,UNS 2025-12-23,2025-01-01,7,Other,#808080,16,2238.171220,3.443340
2301,UNS 2025-12-23,2025-01-01,3,Plaid Cymru,#005B54,4,632.986365,0.973825
2301,UNS 2025-12-23,2025-01-01,2,Reform UK,#12B6CF,312,19004.095923,29.237071
2301,UNS 2025-12-23,2025-01-01,12,SDLP,#2AA82C,2,220.830830,0.339740
2301,UNS 2025-12-23,2025-01-01,8,Scottish National Party,#FFF95D,19,1464.865140,2.253639
2301,UNS 2025-12-23,2025-01-01,13,Sinn Féin,#326760,7,521.586944,0.802441
2301,UNS 2025-12-23,2025-01-01,11,Ulster Unionist Party,#48A5EE,1,227.744797,0.350377
2302,UNS 2025-12-24,2025-01-01,10,Alliance,#F6CB2F,1,292.404518,0.449853
2302,UNS 2025-12-24,2025-01-01,4,Conservative,#0087DC,52,11113.671085,17.097956
2302,UNS 2025-12-24,2025-01-01,9,Democratic Unionist Party,#D46A4C,6,432.221198,0.664956
2302,UNS 2025-12-24,2025-01-01,6,Green,#6AB023,9,8389.238238,12.906520
2302,UNS 2025-12-24,2025-01-01,1,Labour,#E4003B,141,12824.161781,19.729480
2302,UNS 2025-12-24,2025-01-01,5,Liberal Democrats,#FAA61A,77,7621.866230,11.725948
2302,UNS 2025-12-24,2025-01-01,7,Other,#808080,16,2240.700562,3.447232
2302,UNS 2025-12-24,2025-01-01,3,Plaid Cymru,#005B54,4,639.880404,0.984431
2302,UNS 2025-12-24,2025-01-01,2,Reform UK,#12B6CF,315,19015.541054,29.254679
2302,UNS 2025-12-24,2025-01-01,12,SDLP,#2AA82C,2,221.014150,0.340022
2302,UNS 2025-12-24,2025-01-01,8,Scottish National Party,#FFF95D,19,1459.303890,2.245083
2302,UNS 2025-12-24,2025-01-01,13,Sinn Féin,#326760,7,522.101456,0.803233
2302,UNS 2025-12-24,2025-01-01,11,Ulster Unionist Party,#48A5EE,1,227.895434,0.350608
2303,UNS 2025-12-25,2025-01-01,10,Alliance,#F6CB2F,1,292.404518,0.449853
2303,UNS 2025-12-25,2025-01-01,4,Conservative,#0087DC,52,11113.671085,17.097956
2303,UNS 2025-12-25,2025-01-01,9,Democratic Unionist Party,#D46A4C,6,432.221198,0.664956
2303,UNS 2025-12-25,2025-01-01,6,Green,#6AB023,9,8389.238238,12.906520
2303,UNS 2025-12-25,2025-01-01,1,Labour,#E4003B,141,12824.161781,19.729480
2303,UNS 2025-12-25,2025-01-01,5,Liberal Democrats,#FAA61A,77,7621.866230,11.725948
2303,UNS 2025-12-25,2025-01-01,7,Other,#808080,16,2240.700562,3.447232
2303,UNS 2025-12-25,2025-01-01,3,Plaid Cymru,#005B54,4,639.880404,0.984431
2303,UNS 2025-12-25,2025-01-01,2,Reform UK,#12B6CF,315,19015.541054,29.254679
2303,UNS 2025-12-25,2025-01-01,12,SDLP,#2AA82C,2,221.014150,0.340022
2303,UNS 2025-12-25,2025-01-01,8,Scottish National Party,#FFF95D,19,1459.303890,2.245083
2303,UNS 2025-12-25,2025-01-01,13,Sinn Féin,#326760,7,522.101456,0.803233
2303,UNS 2025-12-25,2025-01-01,11,Ulster Unionist Party,#48A5EE,1,227.895434,0.350608
2304,UNS 2025-12-26,2025-01-01,10,Alliance,#F6CB2F,1,292.404518,0.449853
2304,UNS 2025-12-26,2025-01-01,4,Conservative,#0087DC,52,11113.671085,17.097956
2304,UNS 2025-12-26,2025-01-01,9,Democratic Unionist Party,#D46A4C,6,432.221198,0.664956
2304,UNS 2025-12-26,2025-01-01,6,Green,#6AB023,9,8389.238238,12.906520
2304,UNS 2025-12-26,2025-01-01,1,Labour,#E4003B,141,12824.161781,19.729480
2304,UNS 2025-12-26,2025-01-01,5,Liberal Democrats,#FAA61A,77,7621.866230,11.725948
2304,UNS 2025-12-26,2025-01-01,7,Other,#808080,16,2240.700562,3.447232
2304,UNS 2025-12-26,2025-01-01,3,Plaid Cymru,#005B54,4,639.880404,0.984431
2304,UNS 2025-12-26,2025-01-01,2,Reform UK,#12B6CF,315,19015.541054,29.254679
2304,UNS 2025-12-26,2025-01-01,12,SDLP,#2AA82C,2,221.014150,0.340022
2304,UNS 2025-12-26,2025-01-01,8,Scottish National Party,#FFF95D,19,1459.303890,2.245083
2304,UNS 2025-12-26,2025-01-01,13,Sinn Féin,#326760,7,522.101456,0.803233
2304,UNS 2025-12-26,2025-01-01,11,Ulster Unionist Party,#48A5EE,1,227.895434,0.350608
2305,UNS 2025-12-27,2025-01-01,10,Alliance,#F6CB2F,1,292.404518,0.449853
2305,UNS 2025-12-27,2025-01-01,4,Conservative,#0087DC,52,11113.671085,17.097956
2305,UNS 2025-12-27,2025-01-01,9,Democratic Unionist Party,#D46A4C,6,432.221198,0.664956
2305,UNS 2025-12-27,2025-01-01,6,Green,#6AB023,9,8389.238238,12.906520
2305,UNS 2025-12-27,2025-01-01,1,Labour,#E4003B,141,12824.161781,19.729480
2305,UNS 2025-12-27,2025-01-01,5,Liberal Democrats,#FAA61A,77,7621.866230,11.725948
2305,UNS 2025-12-27,2025-01-01,7,Other,#808080,16,2240.700562,3.447232
2305,UNS 2025-12-27,2025-01-01,3,Plaid Cymru,#005B54,4,639.880404,0.984431
2305,UNS 2025-12-27,2025-01-01,2,Reform UK,#12B6CF,315,19015.541054,29.254679
2305,UNS 2025-12-27,2025-01-01,12,SDLP,#2AA82C,2,221.014150,0.340022
2305,UNS 2025-12-27,2025-01-01,8,Scottish National Party,#FFF95D,19,1459.303890,2.245083
2305,UNS 2025-12-27,2025-01-01,13,Sinn Féin,#326760,7,522.101456,0.803233
2305,UNS 2025-12-27,2025-01-01,11,Ulster Unionist Party,#48A5EE,1,227.895434,0.350608
2306,UNS 2025-12-28,2025-01-01,10,Alliance,#F6CB2F,1,292.404518,0.449853
2306,UNS 2025-12-28,2025-01-01,4,Conservative,#0087DC,52,11113.671085,17.097956
2306,UNS 2025-12-28,2025-01-01,9,Democratic Unionist Party,#D46A4C,6,432.221198,0.664956
2306,UNS 2025-12-28,2025-01-01,6,Green,#6AB023,9,8389.238238,12.906520
2306,UNS 2025-12-28,2025-01-01,1,Labour,#E4003B,141,12824.161781,19.729480
2306,UNS 2025-12-28,2025-01-01,5,Liberal Democrats,#FAA61A,77,7621.866230,11.725948
2306,UNS 2025-12-28,2025-01-01,7,Other,#808080,16,2240.700562,3.447232
2306,UNS 2025-12-28,2025-01-01,3,Plaid Cymru,#005B54,4,639.880404,0.984431
2306,UNS 2025-12-28,2025-01-01,2,Reform UK,#12B6CF,315,19015.541054,29.254679
2306,UNS 2025-12-28,2025-01-01,12,SDLP,#2AA82C,2,221.014150,0.340022
2306,UNS 2025-12-28,2025-01-01,8,Scottish National Party,#FFF95D,19,1459.303890,2.245083
2306,UNS 2025-12-28,2025-01-01,13,Sinn Féin,#326760,7,522.101456,0.803233
2306,UNS 2025-12-28,2025-01-01,11,Ulster Unionist Party,#48A5EE,1,227.895434,0.350608
2307,UNS 2025-12-29,2025-01-01,10,Alliance,#F6CB2F,1,292.404518,0.449853
2307,UNS 2025-12-29,2025-01-01,4,Conservative,#0087DC,52,11113.671085,17.097956
2307,UNS 2025-12-29,2025-01-01,9,Democratic Unionist Party,#D46A4C,6,432.221198,0.664956
2307,UNS 2025-12-29,2025-01-01,6,Green,#6AB023,9,8389.238238,12.906520
2307,UNS 2025-12-29,2025-01-01,1,Labour,#E4003B,141,12824.161781,19.729480
2307,UNS 2025-12-29,2025-01-01,5,Liberal Democrats,#FAA61A,77,7621.866230,11.725948
2307,UNS 2025-12-29,2025-01-01,7,Other,#808080,16,2240.700562,3.447232
2307,UNS 2025-12-29,2025-01-01,3,Plaid Cymru,#005B54,4,639.880404,0.984431
2307,UNS 2025-12-29,2025-01-01,2,Reform UK,#12B6CF,315,19015.541054,29.254679
2307,UNS 2025-12-29,2025-01-01,12,SDLP,#2AA82C,2,221.014150,0.340022
2307,UNS 2025-12-29,2025-01-01,8,Scottish National Party,#FFF95D,19,1459.303890,2.245083
2307,UNS 2025-12-29,2025-01-01,13,Sinn Féin,#326760,7,522.101456,0.803233
2307,UNS 2025-12-29,2025-01-01,11,Ulster Unionist Party,#48A5EE,1,227.895434,0.350608
2308,UNS 2025-12-30,2025-01-01,10,Alliance,#F6CB2F,1,292.404518,0.449853
2308,UNS 2025-12-30,2025-01-01,4,Conservative,#0087DC,52,11113.671085,17.097956
2308,UNS 2025-12-30,2025-01-01,9,Democratic Unionist Party,#D46A4C,6,432.221198,0.664956
2308,UNS 2025-12-30,2025-01-01,6,Green,#6AB023,9,8389.238238,12.906520
2308,UNS 2025-12-30,2025-01-01,1,Labour,#E4003B,141,12824.161781,19.729480
2308,UNS 2025-12-30,2025-01-01,5,Liberal Democrats,#FAA61A,77,7621.866230,11.725948
2308,UNS 2025-12-30,2025-01-01,7,Other,#808080,16,2240.700562,3.447232
2308,UNS 2025-12-30,2025-01-01,3,Plaid Cymru,#005B54,4,639.880404,0.984431
2308,UNS 2025-12-30,2025-01-01,2,Reform UK,#12B6CF,315,19015.541054,29.254679
2308,UNS 2025-12-30,2025-01-01,12,SDLP,#2AA82C,2,221.014150,0.340022
2308,UNS 2025-12-30,2025-01-01,8,Scottish National Party,#FFF95D,19,1459.303890,2.245083
2308,UNS 2025-12-30,2025-01-01,13,Sinn Féin,#326760,7,522.101456,0.803233
2308,UNS 2025-12-30,2025-01-01,11,Ulster Unionist Party,#48A5EE,1,227.895434,0.350608
2309,UNS 2025-12-31,2025-01-01,10,Alliance,#F6CB2F,1,292.650631,0.450232
2309,UNS 2025-12-31,2025-01-01,4,Conservative,#0087DC,51,11089.833725,17.061283
2309,UNS 2025-12-31,2025-01-01,9,Democratic Unionist Party,#D46A4C,6,432.611288,0.665556
2309,UNS 2025-12-31,2025-01-01,6,Green,#6AB023,9,8506.376537,13.086733
2309,UNS 2025-12-31,2025-01-01,1,Labour,#E4003B,139,12717.207853,19.564935
2309,UNS 2025-12-31,2025-01-01,5,Liberal Democrats,#FAA61A,76,7593.756139,11.682702
2309,UNS 2025-12-31,2025-01-01,7,Other,#808080,16,2250.473628,3.462267
2309,UNS 2025-12-31,2025-01-01,3,Plaid Cymru,#005B54,4,646.388775,0.994444
2309,UNS 2025-12-31,2025-01-01,2,Reform UK,#12B6CF,319,19041.562830,29.294712
2309,UNS 2025-12-31,2025-01-01,12,SDLP,#2AA82C,2,221.206508,0.340318
2309,UNS 2025-12-31,2025-01-01,8,Scottish National Party,#FFF95D,19,1457.237244,2.241903
2309,UNS 2025-12-31,2025-01-01,13,Sinn Féin,#326760,7,522.641342,0.804064
2309,UNS 2025-12-31,2025-01-01,11,Ulster Unionist Party,#48A5EE,1,228.053501,0.350852
2310,UNS 2026-01-01,2026-01-01,10,Alliance,#F6CB2F,1,292.650631,0.450232
2310,UNS 2026-01-01,2026-01-01,4,Conservative,#0087DC,51,11089.833725,17.061283
2310,UNS 2026-01-01,2026-01-01,9,Democratic Unionist Party,#D46A4C,6,432.611288,0.665556
2310,UNS 2026-01-01,2026-01-01,6,Green,#6AB023,9,8506.376537,13.086733
2310,UNS 2026-01-01,2026-01-01,1,Labour,#E4003B,139,12717.207853,19.564935
2310,UNS 2026-01-01,2026-01-01,5,Liberal Democrats,#FAA61A,76,7593.756139,11.682702
2310,UNS 2026-01-01,2026-01-01,7,Other,#808080,16,2250.473628,3.462267
2310,UNS 2026-01-01,2026-01-01,3,Plaid Cymru,#005B54,4,646.388775,0.994444
2310,UNS 2026-01-01,2026-01-01,2,Reform UK,#12B6CF,319,19041.562830,29.294712
2310,UNS 2026-01-01,2026-01-01,12,SDLP,#2AA82C,2,221.206508,0.340318
2310,UNS 2026-01-01,2026-01-01,8,Scottish National Party,#FFF95D,19,1457.237244,2.241903
2310,UNS 2026-01-01,2026-01-01,13,Sinn Féin,#326760,7,522.641342,0.804064
2310,UNS 2026-01-01,2026-01-01,11,Ulster Unionist Party,#48A5EE,1,228.053501,0.350852
2311,UNS 2026-01-02,2026-01-01,10,Alliance,#F6CB2F,1,292.650631,0.450232
2311,UNS 2026-01-02,2026-01-01,4,Conservative,#0087DC,51,11089.833725,17.061283
2311,UNS 2026-01-02,2026-01-01,9,Democratic Unionist Party,#D46A4C,6,432.611288,0.665556
2311,UNS 2026-01-02,2026-01-01,6,Green,#6AB023,9,8506.376537,13.086733
2311,UNS 2026-01-02,2026-01-01,1,Labour,#E4003B,139,12717.207853,19.564935
2311,UNS 2026-01-02,2026-01-01,5,Liberal Democrats,#FAA61A,76,7593.756139,11.682702
2311,UNS 2026-01-02,2026-01-01,7,Other,#808080,16,2250.473628,3.462267
2311,UNS 2026-01-02,2026-01-01,3,Plaid Cymru,#005B54,4,646.388775,0.994444
2311,UNS 2026-01-02,2026-01-01,2,Reform UK,#12B6CF,319,19041.562830,29.294712
2311,UNS 2026-01-02,2026-01-01,12,SDLP,#2AA82C,2,221.206508,0.340318
2311,UNS 2026-01-02,2026-01-01,8,Scottish National Party,#FFF95D,19,1457.237244,2.241903
2311,UNS 2026-01-02,2026-01-01,13,Sinn Féin,#326760,7,522.641342,0.804064
2311,UNS 2026-01-02,2026-01-01,11,Ulster Unionist Party,#48A5EE,1,228.053501,0.350852
2312,UNS 2026-01-03,2026-01-01,10,Alliance,#F6CB2F,1,292.650631,0.450232
2312,UNS 2026-01-03,2026-01-01,4,Conservative,#0087DC,51,11089.833725,17.061283
2312,UNS 2026-01-03,2026-01-01,9,Democratic Unionist Party,#D46A4C,6,432.611288,0.665556
2312,UNS 2026-01-03,2026-01-01,6,Green,#6AB023,9,8506.376537,13.086733
2312,UNS 2026-01-03,2026-01-01,1,Labour,#E4003B,139,12717.207853,19.564935
2312,UNS 2026-01-03,2026-01-01,5,Liberal Democrats,#FAA61A,76,7593.756139,11.682702
2312,UNS 2026-01-03,2026-01-01,7,Other,#808080,16,2250.473628,3.462267
2312,UNS 2026-01-03,2026-01-01,3,Plaid Cymru,#005B54,4,646.388775,0.994444
2312,UNS 2026-01-03,2026-01-01,2,Reform UK,#12B6CF,319,19041.562830,29.294712
2312,UNS 2026-01-03,2026-01-01,12,SDLP,#2AA82C,2,221.206508,0.340318
2312,UNS 2026-01-03,2026-01-01,8,Scottish National Party,#FFF95D,19,1457.237244,2.241903
2312,UNS 2026-01-03,2026-01-01,13,Sinn Féin,#326760,7,522.641342,0.804064
2312,UNS 2026-01-03,2026-01-01,11,Ulster Unionist Party,#48A5EE,1,228.053501,0.350852
2313,UNS 2026-01-04,2026-01-01,10,Alliance,#F6CB2F,1,292.650631,0.450232
2313,UNS 2026-01-04,2026-01-01,4,Conservative,#0087DC,51,11089.799346,17.061230
2313,UNS 2026-01-04,2026-01-01,9,Democratic Unionist Party,#D46A4C,6,432.611288,0.665556
2313,UNS 2026-01-04,2026-01-01,6,Green,#6AB023,9,8506.410116,13.086785
2313,UNS 2026-01-04,2026-01-01,1,Labour,#E4003B,139,12717.145169,19.564839
2313,UNS 2026-01-04,2026-01-01,5,Liberal Democrats,#FAA61A,76,7593.759402,11.682707
2313,UNS 2026-01-04,2026-01-01,7,Other,#808080,16,2250.481454,3.462279
2313,UNS 2026-01-04,2026-01-01,3,Plaid Cymru,#005B54,4,646.390284,0.994447
2313,UNS 2026-01-04,2026-01-01,2,Reform UK,#12B6CF,319,19041.617300,29.294796
2313,UNS 2026-01-04,2026-01-01,12,SDLP,#2AA82C,2,221.206508,0.340318
2313,UNS 2026-01-04,2026-01-01,8,Scottish National Party,#FFF95D,19,1457.233658,2.241898
2313,UNS 2026-01-04,2026-01-01,13,Sinn Féin,#326760,7,522.641342,0.804064
2313,UNS 2026-01-04,2026-01-01,11,Ulster Unionist Party,#48A5EE,1,228.053501,0.350852
2314,UNS 2026-01-05,2026-01-01,10,Alliance,#F6CB2F,1,292.894945,0.450608
2314,UNS 2026-01-05,2026-01-01,4,Conservative,#0087DC,59,11238.276961,17.289657
2314,UNS 2026-01-05,2026-01-01,9,Democratic Unionist Party,#D46A4C,6,432.998526,0.666152
2314,UNS 2026-01-05,2026-01-01,6,Green,#6AB023,9,8466.899878,13.026000
2314,UNS 2026-01-05,2026-01-01,1,Labour,#E4003B,137,12685.626771,19.516349
2314,UNS 2026-01-05,2026-01-01,5,Liberal Democrats,#FAA61A,76,7656.959685,11.779938
2314,UNS 2026-01-05,2026-01-01,7,Other,#808080,15,2203.464519,3.389945
2314,UNS 2026-01-05,2026-01-01,3,Plaid Cymru,#005B54,4,630.925534,0.970655
2314,UNS 2026-01-05,2026-01-01,2,Reform UK,#12B6CF,312,18936.474289,29.133037
2314,UNS 2026-01-05,2026-01-01,12,SDLP,#2AA82C,2,221.397458,0.340611
2314,UNS 2026-01-05,2026-01-01,8,Scottish National Party,#FFF95D,21,1482.693749,2.281067
2314,UNS 2026-01-05,2026-01-01,13,Sinn Féin,#326760,7,523.177275,0.804888
2314,UNS 2026-01-05,2026-01-01,11,Ulster Unionist Party,#48A5EE,1,228.210412,0.351093
2315,UNS 2026-01-06,2026-01-01,10,Alliance,#F6CB2F,1,292.894945,0.450608
2315,UNS 2026-01-06,2026-01-01,4,Conservative,#0087DC,59,11238.276961,17.289657
2315,UNS 2026-01-06,2026-01-01,9,Democratic Unionist Party,#D46A4C,6,432.998526,0.666152
2315,UNS 2026-01-06,2026-01-01,6,Green,#6AB023,9,8466.899878,13.026000
2315,UNS 2026-01-06,2026-01-01,1,Labour,#E4003B,137,12685.626771,19.516349
2315,UNS 2026-01-06,2026-01-01,5,Liberal Democrats,#FAA61A,76,7656.959685,11.779938
2315,UNS 2026-01-06,2026-01-01,7,Other,#808080,15,2203.464519,3.389945
2315,UNS 2026-01-06,2026-01-01,3,Plaid Cymru,#005B54,4,630.925534,0.970655
2315,UNS 2026-01-06,2026-01-01,2,Reform UK,#12B6CF,312,18936.474289,29.133037
2315,UNS 2026-01-06,2026-01-01,12,SDLP,#2AA82C,2,221.397458,0.340611
2315,UNS 2026-01-06,2026-01-01,8,Scottish National Party,#FFF95D,21,1482.693749,2.281067
2315,UNS 2026-01-06,2026-01-01,13,Sinn Féin,#326760,7,523.177275,0.804888
2315,UNS 2026-01-06,2026-01-01,11,Ulster Unionist Party,#48A5EE,1,228.210412,0.351093
2316,UNS 2026-01-07,2026-01-01,10,Alliance,#F6CB2F,1,292.894945,0.450608
2316,UNS 2026-01-07,2026-01-01,4,Conservative,#0087DC,59,11238.276961,17.289657
2316,UNS 2026-01-07,2026-01-01,9,Democratic Unionist Party,#D46A4C,6,432.998526,0.666152
2316,UNS 2026-01-07,2026-01-01,6,Green,#6AB023,9,8466.899878,13.026000
2316,UNS 2026-01-07,2026-01-01,1,Labour,#E4003B,137,12685.626771,19.516349
2316,UNS 2026-01-07,2026-01-01,5,Liberal Democrats,#FAA61A,76,7656.959685,11.779938
2316,UNS 2026-01-07,2026-01-01,7,Other,#808080,15,2203.464519,3.389945
2316,UNS 2026-01-07,2026-01-01,3,Plaid Cymru,#005B54,4,630.925534,0.970655
2316,UNS 2026-01-07,2026-01-01,2,Reform UK,#12B6CF,312,18936.474289,29.133037
2316,UNS 2026-01-07,2026-01-01,12,SDLP,#2AA82C,2,221.397458,0.340611
2316,UNS 2026-01-07,2026-01-01,8,Scottish National Party,#FFF95D,21,1482.693749,2.281067
2316,UNS 2026-01-07,2026-01-01,13,Sinn Féin,#326760,7,523.177275,0.804888
2316,UNS 2026-01-07,2026-01-01,11,Ulster Unionist Party,#48A5EE,1,228.210412,0.351093
2317,UNS 2026-01-08,2026-01-01,10,Alliance,#F6CB2F,1,293.082681,0.450896
2317,UNS 2026-01-08,2026-01-01,4,Conservative,#0087DC,57,11228.833677,17.275129
2317,UNS 2026-01-08,2026-01-01,9,Democratic Unionist Party,#D46A4C,6,433.298242,0.666613
2317,UNS 2026-01-08,2026-01-01,6,Green,#6AB023,9,8567.963706,13.181483
2317,UNS 2026-01-08,2026-01-01,1,Labour,#E4003B,137,12565.954296,19.332237
2317,UNS 2026-01-08,2026-01-01,5,Liberal Democrats,#FAA61A,77,7618.769092,11.721183
2317,UNS 2026-01-08,2026-01-01,7,Other,#808080,15,2187.733304,3.365744
2317,UNS 2026-01-08,2026-01-01,3,Plaid Cymru,#005B54,4,632.930809,0.973740
2317,UNS 2026-01-08,2026-01-01,2,Reform UK,#12B6CF,313,19003.500907,29.236155
2317,UNS 2026-01-08,2026-01-01,12,SDLP,#2AA82C,2,221.569424,0.340876
2317,UNS 2026-01-08,2026-01-01,8,Scottish National Party,#FFF95D,21,1494.357106,2.299011
2317,UNS 2026-01-08,2026-01-01,13,Sinn Féin,#326760,7,523.664860,0.805638
2317,UNS 2026-01-08,2026-01-01,11,Ulster Unionist Party,#48A5EE,1,228.341896,0.351295
2318,UNS 2026-01-09,2026-01-01,10,Alliance,#F6CB2F,1,293.241216,0.451140
2318,UNS 2026-01-09,2026-01-01,4,Conservative,#0087DC,55,11229.992395,17.276911
2318,UNS 2026-01-09,2026-01-01,9,Democratic Unionist Party,#D46A4C,6,433.532909,0.666974
2318,UNS 2026-01-09,2026-01-01,6,Green,#6AB023,9,8552.012763,13.156943
2318,UNS 2026-01-09,2026-01-01,1,Labour,#E4003B,135,12608.854894,19.398238
2318,UNS 2026-01-09,2026-01-01,5,Liberal Democrats,#FAA61A,76,7611.165363,11.709485
2318,UNS 2026-01-09,2026-01-01,7,Other,#808080,15,2195.614455,3.377868
2318,UNS 2026-01-09,2026-01-01,3,Plaid Cymru,#005B54,4,605.903890,0.932160
2318,UNS 2026-01-09,2026-01-01,2,Reform UK,#12B6CF,318,19052.241317,29.311140
2318,UNS 2026-01-09,2026-01-01,12,SDLP,#2AA82C,2,221.712165,0.341096
2318,UNS 2026-01-09,2026-01-01,8,Scottish National Party,#FFF95D,21,1443.249235,2.220383
2318,UNS 2026-01-09,2026-01-01,13,Sinn Féin,#326760,7,524.027699,0.806196
2318,UNS 2026-01-09,2026-01-01,11,Ulster Unionist Party,#48A5EE,1,228.451700,0.351464
2319,UNS 2026-01-10,2026-01-01,10,Alliance,#F6CB2F,1,293.241216,0.451140
2319,UNS 2026-01-10,2026-01-01,4,Conservative,#0087DC,55,11229.992395,17.276911
2319,UNS 2026-01-10,2026-01-01,9,Democratic Unionist Party,#D46A4C,6,433.532909,0.666974
2319,UNS 2026-01-10,2026-01-01,6,Green,#6AB023,9,8552.012763,13.156943
2319,UNS 2026-01-10,2026-01-01,1,Labour,#E4003B,135,12608.854894,19.398238
2319,UNS 2026-01-10,2026-01-01,5,Liberal Democrats,#FAA61A,76,7611.165363,11.709485
2319,UNS 2026-01-10,2026-01-01,7,Other,#808080,15,2195.614455,3.377868
2319,UNS 2026-01-10,2026-01-01,3,Plaid Cymru,#005B54,4,605.903890,0.932160
2319,UNS 2026-01-10,2026-01-01,2,Reform UK,#12B6CF,318,19052.241317,29.311140
2319,UNS 2026-01-10,2026-01-01,12,SDLP,#2AA82C,2,221.712165,0.341096
2319,UNS 2026-01-10,2026-01-01,8,Scottish National Party,#FFF95D,21,1443.249235,2.220383
2319,UNS 2026-01-10,2026-01-01,13,Sinn Féin,#326760,7,524.027699,0.806196
2319,UNS 2026-01-10,2026-01-01,11,Ulster Unionist Party,#48A5EE,1,228.451700,0.351464
2320,UNS 2026-01-11,2026-01-01,10,Alliance,#F6CB2F,1,293.241216,0.451140
2320,UNS 2026-01-11,2026-01-01,4,Conservative,#0087DC,55,11229.992395,17.276911
2320,UNS 2026-01-11,2026-01-01,9,Democratic Unionist Party,#D46A4C,6,433.532909,0.666974
2320,UNS 2026-01-11,2026-01-01,6,Green,#6AB023,9,8552.012763,13.156943
2320,UNS 2026-01-11,2026-01-01,1,Labour,#E4003B,135,12608.854894,19.398238
2320,UNS 2026-01-11,2026-01-01,5,Liberal Democrats,#FAA61A,76,7611.165363,11.709485
2320,UNS 2026-01-11,2026-01-01,7,Other,#808080,15,2195.614455,3.377868
2320,UNS 2026-01-11,2026-01-01,3,Plaid Cymru,#005B54,4,605.903890,0.932160
2320,UNS 2026-01-11,2026-01-01,2,Reform UK,#12B6CF,318,19052.241317,29.311140
2320,UNS 2026-01-11,2026-01-01,12,SDLP,#2AA82C,2,221.712165,0.341096
2320,UNS 2026-01-11,2026-01-01,8,Scottish National Party,#FFF95D,21,1443.249235,2.220383
2320,UNS 2026-01-11,2026-01-01,13,Sinn Féin,#326760,7,524.027699,0.806196
2320,UNS 2026-01-11,2026-01-01,11,Ulster Unionist Party,#48A5EE,1,228.451700,0.351464
2321,UNS 2026-01-12,2026-01-01,10,Alliance,#F6CB2F,1,293.241216,0.451140
2321,UNS 2026-01-12,2026-01-01,4,Conservative,#0087DC,58,11275.977257,17.347657
2321,UNS 2026-01-12,2026-01-01,9,Democratic Unionist Party,#D46A4C,6,433.532909,0.666974
2321,UNS 2026-01-12,2026-01-01,6,Green,#6AB023,9,8561.108484,13.170936
2321,UNS 2026-01-12,2026-01-01,1,Labour,#E4003B,138,12619.960226,19.415323
2321,UNS 2026-01-12,2026-01-01,5,Liberal Democrats,#FAA61A,77,7688.710116,11.828785
2321,UNS 2026-01-12,2026-01-01,7,Other,#808080,15,2183.614460,3.359407
2321,UNS 2026-01-12,2026-01-01,3,Plaid Cymru,#005B54,4,615.507660,0.946935
2321,UNS 2026-01-12,2026-01-01,2,Reform UK,#12B6CF,311,18873.348982,29.035922
2321,UNS 2026-01-12,2026-01-01,12,SDLP,#2AA82C,2,221.712165,0.341096
2321,UNS 2026-01-12,2026-01-01,8,Scottish National Party,#FFF95D,21,1480.807126,2.278165
2321,UNS 2026-01-12,2026-01-01,13,Sinn Féin,#326760,7,524.027699,0.806196
2321,UNS 2026-01-12,2026-01-01,11,Ulster Unionist Party,#48A5EE,1,228.451700,0.351464
2322,UNS 2026-01-13,2026-01-01,10,Alliance,#F6CB2F,1,293.385836,0.451363
2322,UNS 2026-01-13,2026-01-01,4,Conservative,#0087DC,57,11342.993102,17.450759
2322,UNS 2026-01-13,2026-01-01,9,Democratic Unionist Party,#D46A4C,6,433.734864,0.667284
2322,UNS 2026-01-13,2026-01-01,6,Green,#6AB023,9,8525.307434,13.115858
2322,UNS 2026-01-13,2026-01-01,1,Labour,#E4003B,139,12618.290083,19.412754
2322,UNS 2026-01-13,2026-01-01,5,Liberal Democrats,#FAA61A,76,7655.061770,11.777018
2322,UNS 2026-01-13,2026-01-01,7,Other,#808080,15,2167.718204,3.334951
2322,UNS 2026-01-13,2026-01-01,3,Plaid Cymru,#005B54,4,612.763229,0.942713
2322,UNS 2026-01-13,2026-01-01,2,Reform UK,#12B6CF,312,18901.247919,29.078843
2322,UNS 2026-01-13,2026-01-01,12,SDLP,#2AA82C,2,221.847518,0.341304
2322,UNS 2026-01-13,2026-01-01,8,Scottish National Party,#FFF95D,21,1474.749900,2.268846
2322,UNS 2026-01-13,2026-01-01,13,Sinn Féin,#326760,7,524.342022,0.806680
2322,UNS 2026-01-13,2026-01-01,11,Ulster Unionist Party,#48A5EE,1,228.558117,0.351628
2323,UNS 2026-01-14,2026-01-01,10,Alliance,#F6CB2F,1,283.698820,0.436460
2323,UNS 2026-01-14,2026-01-01,4,Conservative,#0087DC,64,11495.483448,17.685359
2323,UNS 2026-01-14,2026-01-01,9,Democratic Unionist Party,#D46A4C,6,418.362498,0.643635
2323,UNS 2026-01-14,2026-01-01,6,Green,#6AB023,9,8580.123791,13.200190
2323,UNS 2026-01-14,2026-01-01,1,Labour,#E4003B,141,12541.581040,19.294740
2323,UNS 2026-01-14,2026-01-01,5,Liberal Democrats,#FAA61A,75,7646.233037,11.763435
2323,UNS 2026-01-14,2026-01-01,7,Other,#808080,15,2253.179716,3.466430
2323,UNS 2026-01-14,2026-01-01,3,Plaid Cymru,#005B54,4,607.666486,0.934872
2323,UNS 2026-01-14,2026-01-01,2,Reform UK,#12B6CF,306,18800.598656,28.923998
2323,UNS 2026-01-14,2026-01-01,12,SDLP,#2AA82C,2,213.636513,0.328672
2323,UNS 2026-01-14,2026-01-01,8,Scottish National Party,#FFF95D,19,1435.406720,2.208318
2323,UNS 2026-01-14,2026-01-01,13,Sinn Féin,#326760,7,502.620287,0.773262
2323,UNS 2026-01-14,2026-01-01,11,Ulster Unionist Party,#48A5EE,1,221.408987,0.340629
2324,UNS 2026-01-15,2026-01-01,10,Alliance,#F6CB2F,1,284.811822,0.438172
2324,UNS 2026-01-15,2026-01-01,4,Conservative,#0087DC,63,11468.571703,17.643956
2324,UNS 2026-01-15,2026-01-01,9,Democratic Unionist Party,#D46A4C,6,419.928234,0.646043
2324,UNS 2026-01-15,2026-01-01,6,Green,#6AB023,9,8562.429968,13.172969
2324,UNS 2026-01-15,2026-01-01,1,Labour,#E4003B,142,12613.247749,19.404997
2324,UNS 2026-01-15,2026-01-01,5,Liberal Democrats,#FAA61A,77,7625.675228,11.731808
2324,UNS 2026-01-15,2026-01-01,7,Other,#808080,15,2282.979486,3.512276
2324,UNS 2026-01-15,2026-01-01,3,Plaid Cymru,#005B54,5,604.483486,0.929975
2324,UNS 2026-01-15,2026-01-01,2,Reform UK,#12B6CF,303,18764.071171,28.867802
2324,UNS 2026-01-15,2026-01-01,12,SDLP,#2AA82C,2,214.503112,0.330005
2324,UNS 2026-01-15,2026-01-01,8,Scottish National Party,#FFF95D,19,1432.762634,2.204250
2324,UNS 2026-01-15,2026-01-01,13,Sinn Féin,#326760,7,504.400983,0.776002
2324,UNS 2026-01-15,2026-01-01,11,Ulster Unionist Party,#48A5EE,1,222.134425,0.341745
2325,UNS 2026-01-16,2026-01-01,10,Alliance,#F6CB2F,1,284.811625,0.438172
2325,UNS 2026-01-16,2026-01-01,4,Conservative,#0087DC,63,11468.537102,17.643903
2325,UNS 2026-01-16,2026-01-01,9,Democratic Unionist Party,#D46A4C,6,419.927938,0.646043
2325,UNS 2026-01-16,2026-01-01,6,Green,#6AB023,9,8562.451566,13.173002
2325,UNS 2026-01-16,2026-01-01,1,Labour,#E4003B,142,12613.224872,19.404961
2325,UNS 2026-01-16,2026-01-01,5,Liberal Democrats,#FAA61A,77,7625.678233,11.731813
2325,UNS 2026-01-16,2026-01-01,7,Other,#808080,15,2282.986191,3.512286
2325,UNS 2026-01-16,2026-01-01,3,Plaid Cymru,#005B54,5,604.484172,0.929976
2325,UNS 2026-01-16,2026-01-01,2,Reform UK,#12B6CF,303,18764.100350,28.867847
2325,UNS 2026-01-16,2026-01-01,12,SDLP,#2AA82C,2,214.502935,0.330005
2325,UNS 2026-01-16,2026-01-01,8,Scottish National Party,#FFF95D,19,1432.760107,2.204246
2325,UNS 2026-01-16,2026-01-01,13,Sinn Féin,#326760,7,504.400615,0.776001
2325,UNS 2026-01-16,2026-01-01,11,Ulster Unionist Party,#48A5EE,1,222.134295,0.341745
2326,UNS 2026-01-17,2026-01-01,10,Alliance,#F6CB2F,1,284.811625,0.438172
2326,UNS 2026-01-17,2026-01-01,4,Conservative,#0087DC,63,11468.537102,17.643903
2326,UNS 2026-01-17,2026-01-01,9,Democratic Unionist Party,#D46A4C,6,419.927938,0.646043
2326,UNS 2026-01-17,2026-01-01,6,Green,#6AB023,9,8562.451566,13.173002
2326,UNS 2026-01-17,2026-01-01,1,Labour,#E4003B,142,12613.224872,19.404961
2326,UNS 2026-01-17,2026-01-01,5,Liberal Democrats,#FAA61A,77,7625.678233,11.731813
2326,UNS 2026-01-17,2026-01-01,7,Other,#808080,15,2282.986191,3.512286
2326,UNS 2026-01-17,2026-01-01,3,Plaid Cymru,#005B54,5,604.484172,0.929976
2326,UNS 2026-01-17,2026-01-01,2,Reform UK,#12B6CF,303,18764.100350,28.867847
2326,UNS 2026-01-17,2026-01-01,12,SDLP,#2AA82C,2,214.502935,0.330005
2326,UNS 2026-01-17,2026-01-01,8,Scottish National Party,#FFF95D,19,1432.760107,2.204246
2326,UNS 2026-01-17,2026-01-01,13,Sinn Féin,#326760,7,504.400615,0.776001
2326,UNS 2026-01-17,2026-01-01,11,Ulster Unionist Party,#48A5EE,1,222.134295,0.341745
2327,UNS 2026-01-18,2026-01-01,10,Alliance,#F6CB2F,1,284.811625,0.438172
2327,UNS 2026-01-18,2026-01-01,4,Conservative,#0087DC,63,11468.537102,17.643903
2327,UNS 2026-01-18,2026-01-01,9,Democratic Unionist Party,#D46A4C,6,419.927938,0.646043
2327,UNS 2026-01-18,2026-01-01,6,Green,#6AB023,9,8562.451566,13.173002
2327,UNS 2026-01-18,2026-01-01,1,Labour,#E4003B,142,12613.224872,19.404961
2327,UNS 2026-01-18,2026-01-01,5,Liberal Democrats,#FAA61A,77,7625.678233,11.731813
2327,UNS 2026-01-18,2026-01-01,7,Other,#808080,15,2282.986191,3.512286
2327,UNS 2026-01-18,2026-01-01,3,Plaid Cymru,#005B54,5,604.484172,0.929976
2327,UNS 2026-01-18,2026-01-01,2,Reform UK,#12B6CF,303,18764.100350,28.867847
2327,UNS 2026-01-18,2026-01-01,12,SDLP,#2AA82C,2,214.502935,0.330005
2327,UNS 2026-01-18,2026-01-01,8,Scottish National Party,#FFF95D,19,1432.760107,2.204246
2327,UNS 2026-01-18,2026-01-01,13,Sinn Féin,#326760,7,504.400615,0.776001
2327,UNS 2026-01-18,2026-01-01,11,Ulster Unionist Party,#48A5EE,1,222.134295,0.341745
2328,UNS 2026-01-19,2026-01-01,10,Alliance,#F6CB2F,1,286.413826,0.440637
2328,UNS 2026-01-19,2026-01-01,4,Conservative,#0087DC,69,11593.448368,17.836074
2328,UNS 2026-01-19,2026-01-01,9,Democratic Unionist Party,#D46A4C,6,422.407285,0.649857
2328,UNS 2026-01-19,2026-01-01,6,Green,#6AB023,9,8476.141511,13.040218
2328,UNS 2026-01-19,2026-01-01,1,Labour,#E4003B,148,12722.228052,19.572659
2328,UNS 2026-01-19,2026-01-01,5,Liberal Democrats,#FAA61A,76,7621.884165,11.725976
2328,UNS 2026-01-19,2026-01-01,7,Other,#808080,15,2281.169501,3.509492
2328,UNS 2026-01-19,2026-01-01,3,Plaid Cymru,#005B54,5,593.695960,0.913378
2328,UNS 2026-01-19,2026-01-01,2,Reform UK,#12B6CF,292,18615.017367,28.638488
2328,UNS 2026-01-19,2026-01-01,12,SDLP,#2AA82C,2,216.039230,0.332368
2328,UNS 2026-01-19,2026-01-01,8,Scottish National Party,#FFF95D,19,1440.526629,2.216195
2328,UNS 2026-01-19,2026-01-01,13,Sinn Féin,#326760,7,507.737630,0.781135
2328,UNS 2026-01-19,2026-01-01,11,Ulster Unionist Party,#48A5EE,1,223.290477,0.343524
2329,UNS 2026-01-20,2026-01-01,10,Alliance,#F6CB2F,1,286.413826,0.440637
2329,UNS 2026-01-20,2026-01-01,4,Conservative,#0087DC,69,11593.448368,17.836074
2329,UNS 2026-01-20,2026-01-01,9,Democratic Unionist Party,#D46A4C,6,422.407285,0.649857
2329,UNS 2026-01-20,2026-01-01,6,Green,#6AB023,9,8476.141511,13.040218
2329,UNS 2026-01-20,2026-01-01,1,Labour,#E4003B,148,12722.228052,19.572659
2329,UNS 2026-01-20,2026-01-01,5,Liberal Democrats,#FAA61A,76,7621.884165,11.725976
2329,UNS 2026-01-20,2026-01-01,7,Other,#808080,15,2281.169501,3.509492
2329,UNS 2026-01-20,2026-01-01,3,Plaid Cymru,#005B54,5,593.695960,0.913378
2329,UNS 2026-01-20,2026-01-01,2,Reform UK,#12B6CF,292,18615.017367,28.638488
2329,UNS 2026-01-20,2026-01-01,12,SDLP,#2AA82C,2,216.039230,0.332368
2329,UNS 2026-01-20,2026-01-01,8,Scottish National Party,#FFF95D,19,1440.526629,2.216195
2329,UNS 2026-01-20,2026-01-01,13,Sinn Féin,#326760,7,507.737630,0.781135
2329,UNS 2026-01-20,2026-01-01,11,Ulster Unionist Party,#48A5EE,1,223.290477,0.343524
2330,UNS 2026-01-21,2026-01-01,10,Alliance,#F6CB2F,1,286.987144,0.441519
2330,UNS 2026-01-21,2026-01-01,4,Conservative,#0087DC,68,11554.128491,17.775582
2330,UNS 2026-01-21,2026-01-01,9,Democratic Unionist Party,#D46A4C,6,423.375252,0.651347
2330,UNS 2026-01-21,2026-01-01,6,Green,#6AB023,9,8583.842841,13.205912
2330,UNS 2026-01-21,2026-01-01,1,Labour,#E4003B,145,12613.888434,19.405982
2330,UNS 2026-01-21,2026-01-01,5,Liberal Democrats,#FAA61A,76,7571.077366,11.647811
2330,UNS 2026-01-21,2026-01-01,7,Other,#808080,15,2272.086952,3.495518
2330,UNS 2026-01-21,2026-01-01,3,Plaid Cymru,#005B54,5,591.151540,0.909464
2330,UNS 2026-01-21,2026-01-01,2,Reform UK,#12B6CF,296,18688.495716,28.751532
2330,UNS 2026-01-21,2026-01-01,12,SDLP,#2AA82C,2,216.569595,0.333184
2330,UNS 2026-01-21,2026-01-01,8,Scottish National Party,#FFF95D,19,1465.384360,2.254437
2330,UNS 2026-01-21,2026-01-01,13,Sinn Féin,#326760,7,509.231801,0.783434
2330,UNS 2026-01-21,2026-01-01,11,Ulster Unionist Party,#48A5EE,1,223.780509,0.344278
2331,UNS 2026-01-22,2026-01-01,10,Alliance,#F6CB2F,1,286.987144,0.441519
2331,UNS 2026-01-22,2026-01-01,4,Conservative,#0087DC,68,11554.128491,17.775582
2331,UNS 2026-01-22,2026-01-01,9,Democratic Unionist Party,#D46A4C,6,423.375252,0.651347
2331,UNS 2026-01-22,2026-01-01,6,Green,#6AB023,9,8583.842841,13.205912
2331,UNS 2026-01-22,2026-01-01,1,Labour,#E4003B,145,12613.888434,19.405982
2331,UNS 2026-01-22,2026-01-01,5,Liberal Democrats,#FAA61A,76,7571.077366,11.647811
2331,UNS 2026-01-22,2026-01-01,7,Other,#808080,15,2272.086952,3.495518
2331,UNS 2026-01-22,2026-01-01,3,Plaid Cymru,#005B54,5,591.151540,0.909464
2331,UNS 2026-01-22,2026-01-01,2,Reform UK,#12B6CF,296,18688.495716,28.751532
2331,UNS 2026-01-22,2026-01-01,12,SDLP,#2AA82C,2,216.569595,0.333184
2331,UNS 2026-01-22,2026-01-01,8,Scottish National Party,#FFF95D,19,1465.384360,2.254437
2331,UNS 2026-01-22,2026-01-01,13,Sinn Féin,#326760,7,509.231801,0.783434
2331,UNS 2026-01-22,2026-01-01,11,Ulster Unionist Party,#48A5EE,1,223.780509,0.344278
2332,UNS 2026-01-23,2026-01-01,10,Alliance,#F6CB2F,1,287.529289,0.442353
2332,UNS 2026-01-23,2026-01-01,4,Conservative,#0087DC,65,11522.413342,17.726790
2332,UNS 2026-01-23,2026-01-01,9,Democratic Unionist Party,#D46A4C,6,424.290576,0.652755
2332,UNS 2026-01-23,2026-01-01,6,Green,#6AB023,9,8519.198547,13.106459
2332,UNS 2026-01-23,2026-01-01,1,Labour,#E4003B,146,12700.294545,19.538915
2332,UNS 2026-01-23,2026-01-01,5,Liberal Democrats,#FAA61A,76,7585.076597,11.669349
2332,UNS 2026-01-23,2026-01-01,7,Other,#808080,15,2278.701576,3.505695
2332,UNS 2026-01-23,2026-01-01,3,Plaid Cymru,#005B54,4,568.389155,0.874445
2332,UNS 2026-01-23,2026-01-01,2,Reform UK,#12B6CF,299,18739.001440,28.829233
2332,UNS 2026-01-23,2026-01-01,12,SDLP,#2AA82C,2,217.071106,0.333956
2332,UNS 2026-01-23,2026-01-01,8,Scottish National Party,#FFF95D,19,1423.145240,2.189454
2332,UNS 2026-01-23,2026-01-01,13,Sinn Féin,#326760,7,510.644693,0.785607
2332,UNS 2026-01-23,2026-01-01,11,Ulster Unionist Party,#48A5EE,1,224.243894,0.344991
2333,UNS 2026-01-24,2026-01-01,10,Alliance,#F6CB2F,1,287.529289,0.442353
2333,UNS 2026-01-24,2026-01-01,4,Conservative,#0087DC,65,11522.413342,17.726790
2333,UNS 2026-01-24,2026-01-01,9,Democratic Unionist Party,#D46A4C,6,424.290576,0.652755
2333,UNS 2026-01-24,2026-01-01,6,Green,#6AB023,9,8519.198547,13.106459
2333,UNS 2026-01-24,2026-01-01,1,Labour,#E4003B,146,12700.294545,19.538915
2333,UNS 2026-01-24,2026-01-01,5,Liberal Democrats,#FAA61A,76,7585.076597,11.669349
2333,UNS 2026-01-24,2026-01-01,7,Other,#808080,15,2278.701576,3.505695
2333,UNS 2026-01-24,2026-01-01,3,Plaid Cymru,#005B54,4,568.389155,0.874445
2333,UNS 2026-01-24,2026-01-01,2,Reform UK,#12B6CF,299,18739.001440,28.829233
2333,UNS 2026-01-24,2026-01-01,12,SDLP,#2AA82C,2,217.071106,0.333956
2333,UNS 2026-01-24,2026-01-01,8,Scottish National Party,#FFF95D,19,1423.145240,2.189454
2333,UNS 2026-01-24,2026-01-01,13,Sinn Féin,#326760,7,510.644693,0.785607
2333,UNS 2026-01-24,2026-01-01,11,Ulster Unionist Party,#48A5EE,1,224.243894,0.344991
2334,UNS 2026-01-25,2026-01-01,10,Alliance,#F6CB2F,1,288.026251,0.443117
2334,UNS 2026-01-25,2026-01-01,4,Conservative,#0087DC,67,11551.091413,17.770910
2334,UNS 2026-01-25,2026-01-01,9,Democratic Unionist Party,#D46A4C,6,425.119691,0.654030
2334,UNS 2026-01-25,2026-01-01,6,Green,#6AB023,9,8428.508231,12.966936
2334,UNS 2026-01-25,2026-01-01,1,Labour,#E4003B,146,12765.830403,19.639739
2334,UNS 2026-01-25,2026-01-01,5,Liberal Democrats,#FAA61A,76,7576.912783,11.656789
2334,UNS 2026-01-25,2026-01-01,7,Other,#808080,15,2272.315385,3.495870
2334,UNS 2026-01-25,2026-01-01,3,Plaid Cymru,#005B54,5,565.336539,0.869749
2334,UNS 2026-01-25,2026-01-01,2,Reform UK,#12B6CF,296,18728.730061,28.813431
2334,UNS 2026-01-25,2026-01-01,12,SDLP,#2AA82C,2,217.493168,0.334605
2334,UNS 2026-01-25,2026-01-01,8,Scottish National Party,#FFF95D,19,1444.078401,2.221659
2334,UNS 2026-01-25,2026-01-01,13,Sinn Féin,#326760,7,511.882398,0.787511
2334,UNS 2026-01-25,2026-01-01,11,Ulster Unionist Party,#48A5EE,1,224.675275,0.345654
2335,UNS 2026-01-26,2026-01-01,10,Alliance,#F6CB2F,1,288.026251,0.443117
2335,UNS 2026-01-26,2026-01-01,4,Conservative,#0087DC,66,11490.618056,17.677874
2335,UNS 2026-01-26,2026-01-01,9,Democratic Unionist Party,#D46A4C,6,425.119691,0.654030
2335,UNS 2026-01-26,2026-01-01,6,Green,#6AB023,9,8476.814554,13.041253
2335,UNS 2026-01-26,2026-01-01,1,Labour,#E4003B,148,12769.766663,19.645795
2335,UNS 2026-01-26,2026-01-01,5,Liberal Democrats,#FAA61A,76,7623.955591,11.729162
2335,UNS 2026-01-26,2026-01-01,7,Other,#808080,15,2253.511771,3.466941
2335,UNS 2026-01-26,2026-01-01,3,Plaid Cymru,#005B54,4,633.285140,0.974285
2335,UNS 2026-01-26,2026-01-01,2,Reform UK,#12B6CF,297,18669.930651,28.722970
2335,UNS 2026-01-26,2026-01-01,12,SDLP,#2AA82C,2,217.493168,0.334605
2335,UNS 2026-01-26,2026-01-01,8,Scottish National Party,#FFF95D,18,1414.920790,2.176801
2335,UNS 2026-01-26,2026-01-01,13,Sinn Féin,#326760,7,511.882398,0.787511
2335,UNS 2026-01-26,2026-01-01,11,Ulster Unionist Party,#48A5EE,1,224.675275,0.345654
2336,UNS 2026-01-27,2026-01-01,10,Alliance,#F6CB2F,1,288.026251,0.443117
2336,UNS 2026-01-27,2026-01-01,4,Conservative,#0087DC,71,11617.730410,17.873431
2336,UNS 2026-01-27,2026-01-01,9,Democratic Unionist Party,#D46A4C,6,425.119691,0.654030
2336,UNS 2026-01-27,2026-01-01,6,Green,#6AB023,9,8430.249046,12.969614
2336,UNS 2026-01-27,2026-01-01,1,Labour,#E4003B,151,12851.358665,19.771321
2336,UNS 2026-01-27,2026-01-01,5,Liberal Democrats,#FAA61A,76,7634.206861,11.744934
2336,UNS 2026-01-27,2026-01-01,7,Other,#808080,15,2230.269614,3.431184
2336,UNS 2026-01-27,2026-01-01,3,Plaid Cymru,#005B54,4,610.234613,0.938822
2336,UNS 2026-01-27,2026-01-01,2,Reform UK,#12B6CF,290,18578.160284,28.581785
2336,UNS 2026-01-27,2026-01-01,12,SDLP,#2AA82C,2,217.493168,0.334605
2336,UNS 2026-01-27,2026-01-01,8,Scottish National Party,#FFF95D,17,1380.593724,2.123990
2336,UNS 2026-01-27,2026-01-01,13,Sinn Féin,#326760,7,511.882398,0.787511
2336,UNS 2026-01-27,2026-01-01,11,Ulster Unionist Party,#48A5EE,1,224.675275,0.345654
2337,UNS 2026-01-28,2026-01-01,10,Alliance,#F6CB2F,1,288.499968,0.443846
2337,UNS 2026-01-28,2026-01-01,4,Conservative,#0087DC,70,11567.980832,17.796894
2337,UNS 2026-01-28,2026-01-01,9,Democratic Unionist Party,#D46A4C,6,425.905360,0.655239
2337,UNS 2026-01-28,2026-01-01,6,Green,#6AB023,9,8577.361619,13.195941
2337,UNS 2026-01-28,2026-01-01,1,Labour,#E4003B,148,12793.260300,19.681939
2337,UNS 2026-01-28,2026-01-01,5,Liberal Democrats,#FAA61A,76,7577.689264,11.657983
2337,UNS 2026-01-28,2026-01-01,7,Other,#808080,15,2234.423140,3.437574
2337,UNS 2026-01-28,2026-01-01,3,Plaid Cymru,#005B54,4,620.425743,0.954501
2337,UNS 2026-01-28,2026-01-01,2,Reform UK,#12B6CF,293,18574.781031,28.576586
2337,UNS 2026-01-28,2026-01-01,12,SDLP,#2AA82C,2,217.877809,0.335197
2337,UNS 2026-01-28,2026-01-01,8,Scottish National Party,#FFF95D,18,1383.670115,2.128723
2337,UNS 2026-01-28,2026-01-01,13,Sinn Féin,#326760,7,513.035237,0.789285
2337,UNS 2026-01-28,2026-01-01,11,Ulster Unionist Party,#48A5EE,1,225.089582,0.346292
2338,UNS 2026-01-29,2026-01-01,10,Alliance,#F6CB2F,1,289.166195,0.444871
2338,UNS 2026-01-29,2026-01-01,4,Conservative,#0087DC,66,11537.121098,17.749417
2338,UNS 2026-01-29,2026-01-01,9,Democratic Unionist Party,#D46A4C,6,427.010299,0.656939
2338,UNS 2026-01-29,2026-01-01,6,Green,#6AB023,9,8542.083138,13.141666
2338,UNS 2026-01-29,2026-01-01,1,Labour,#E4003B,145,12783.369998,19.666723
2338,UNS 2026-01-29,2026-01-01,5,Liberal Democrats,#FAA61A,73,7535.522695,11.593112
2338,UNS 2026-01-29,2026-01-01,7,Other,#808080,15,2198.365919,3.382101
2338,UNS 2026-01-29,2026-01-01,3,Plaid Cymru,#005B54,4,601.733664,0.925744
2338,UNS 2026-01-29,2026-01-01,2,Reform UK,#12B6CF,302,18704.307078,28.775857
2338,UNS 2026-01-29,2026-01-01,12,SDLP,#2AA82C,2,218.418740,0.336029
2338,UNS 2026-01-29,2026-01-01,8,Scottish National Party,#FFF95D,19,1422.572402,2.188573
2338,UNS 2026-01-29,2026-01-01,13,Sinn Féin,#326760,7,514.656521,0.791779
2338,UNS 2026-01-29,2026-01-01,11,Ulster Unionist Party,#48A5EE,1,225.672253,0.347188
2339,UNS 2026-01-30,2026-01-01,10,Alliance,#F6CB2F,1,289.166111,0.444871
2339,UNS 2026-01-30,2026-01-01,4,Conservative,#0087DC,66,11537.109024,17.749398
2339,UNS 2026-01-30,2026-01-01,9,Democratic Unionist Party,#D46A4C,6,427.010159,0.656939
2339,UNS 2026-01-30,2026-01-01,6,Green,#6AB023,9,8542.101637,13.141695
2339,UNS 2026-01-30,2026-01-01,1,Labour,#E4003B,145,12783.350516,19.666693
2339,UNS 2026-01-30,2026-01-01,5,Liberal Democrats,#FAA61A,73,7535.528093,11.593120
2339,UNS 2026-01-30,2026-01-01,7,Other,#808080,15,2198.367910,3.382104
2339,UNS 2026-01-30,2026-01-01,3,Plaid Cymru,#005B54,4,601.734232,0.925745
2339,UNS 2026-01-30,2026-01-01,2,Reform UK,#12B6CF,302,18704.316389,28.775871
2339,UNS 2026-01-30,2026-01-01,12,SDLP,#2AA82C,2,218.418672,0.336029
2339,UNS 2026-01-30,2026-01-01,8,Scottish National Party,#FFF95D,19,1422.568759,2.188567
2339,UNS 2026-01-30,2026-01-01,13,Sinn Féin,#326760,7,514.656317,0.791779
2339,UNS 2026-01-30,2026-01-01,11,Ulster Unionist Party,#48A5EE,1,225.672180,0.347188
2340,UNS 2026-01-31,2026-01-01,10,Alliance,#F6CB2F,1,289.166111,0.444871
2340,UNS 2026-01-31,2026-01-01,4,Conservative,#0087DC,66,11537.109024,17.749398
2340,UNS 2026-01-31,2026-01-01,9,Democratic Unionist Party,#D46A4C,6,427.010159,0.656939
2340,UNS 2026-01-31,2026-01-01,6,Green,#6AB023,9,8542.101637,13.141695
2340,UNS 2026-01-31,2026-01-01,1,Labour,#E4003B,145,12783.350516,19.666693
2340,UNS 2026-01-31,2026-01-01,5,Liberal Democrats,#FAA61A,73,7535.528093,11.593120
2340,UNS 2026-01-31,2026-01-01,7,Other,#808080,15,2198.367910,3.382104
2340,UNS 2026-01-31,2026-01-01,3,Plaid Cymru,#005B54,4,601.734232,0.925745
2340,UNS 2026-01-31,2026-01-01,2,Reform UK,#12B6CF,302,18704.316389,28.775871
2340,UNS 2026-01-31,2026-01-01,12,SDLP,#2AA82C,2,218.418672,0.336029
2340,UNS 2026-01-31,2026-01-01,8,Scottish National Party,#FFF95D,19,1422.568759,2.188567
2340,UNS 2026-01-31,2026-01-01,13,Sinn Féin,#326760,7,514.656317,0.791779
2340,UNS 2026-01-31,2026-01-01,11,Ulster Unionist Party,#48A5EE,1,225.672180,0.347188
2341,UNS 2026-02-01,2026-01-01,10,Alliance,#F6CB2F,1,289.166111,0.444871
2341,UNS 2026-02-01,2026-01-01,4,Conservative,#0087DC,66,11537.109024,17.749398
2341,UNS 2026-02-01,2026-01-01,9,Democratic Unionist Party,#D46A4C,6,427.010159,0.656939
2341,UNS 2026-02-01,2026-01-01,6,Green,#6AB023,9,8542.101637,13.141695
2341,UNS 2026-02-01,2026-01-01,1,Labour,#E4003B,145,12783.350516,19.666693
2341,UNS 2026-02-01,2026-01-01,5,Liberal Democrats,#FAA61A,73,7535.528093,11.593120
2341,UNS 2026-02-01,2026-01-01,7,Other,#808080,15,2198.367910,3.382104
2341,UNS 2026-02-01,2026-01-01,3,Plaid Cymru,#005B54,4,601.734232,0.925745
2341,UNS 2026-02-01,2026-01-01,2,Reform UK,#12B6CF,302,18704.316389,28.775871
2341,UNS 2026-02-01,2026-01-01,12,SDLP,#2AA82C,2,218.418672,0.336029
2341,UNS 2026-02-01,2026-01-01,8,Scottish National Party,#FFF95D,19,1422.568759,2.188567
2341,UNS 2026-02-01,2026-01-01,13,Sinn Féin,#326760,7,514.656317,0.791779
2341,UNS 2026-02-01,2026-01-01,11,Ulster Unionist Party,#48A5EE,1,225.672180,0.347188
2342,UNS 2026-02-02,2026-01-01,10,Alliance,#F6CB2F,1,289.568963,0.445491
2342,UNS 2026-02-02,2026-01-01,4,Conservative,#0087DC,66,11534.953409,17.746082
2342,UNS 2026-02-02,2026-01-01,9,Democratic Unionist Party,#D46A4C,6,427.678281,0.657967
2342,UNS 2026-02-02,2026-01-01,6,Green,#6AB023,9,8551.240642,13.155755
2342,UNS 2026-02-02,2026-01-01,1,Labour,#E4003B,146,12803.262833,19.697327
2342,UNS 2026-02-02,2026-01-01,5,Liberal Democrats,#FAA61A,74,7577.748975,11.658075
2342,UNS 2026-02-02,2026-01-01,7,Other,#808080,15,2176.499486,3.348461
2342,UNS 2026-02-02,2026-01-01,3,Plaid Cymru,#005B54,4,611.539281,0.940830
2342,UNS 2026-02-02,2026-01-01,2,Reform UK,#12B6CF,300,18615.075487,28.638578
2342,UNS 2026-02-02,2026-01-01,12,SDLP,#2AA82C,2,218.745748,0.336532
2342,UNS 2026-02-02,2026-01-01,8,Scottish National Party,#FFF95D,19,1452.025747,2.233886
2342,UNS 2026-02-02,2026-01-01,13,Sinn Féin,#326760,7,515.636641,0.793287
2342,UNS 2026-02-02,2026-01-01,11,Ulster Unionist Party,#48A5EE,1,226.024506,0.347730
2343,UNS 2026-02-03,2026-01-01,10,Alliance,#F6CB2F,1,289.568963,0.445491
2343,UNS 2026-02-03,2026-01-01,4,Conservative,#0087DC,66,11534.953409,17.746082
2343,UNS 2026-02-03,2026-01-01,9,Democratic Unionist Party,#D46A4C,6,427.678281,0.657967
2343,UNS 2026-02-03,2026-01-01,6,Green,#6AB023,9,8551.240642,13.155755
2343,UNS 2026-02-03,2026-01-01,1,Labour,#E4003B,146,12803.262833,19.697327
2343,UNS 2026-02-03,2026-01-01,5,Liberal Democrats,#FAA61A,74,7577.748975,11.658075
2343,UNS 2026-02-03,2026-01-01,7,Other,#808080,15,2176.499486,3.348461
2343,UNS 2026-02-03,2026-01-01,3,Plaid Cymru,#005B54,4,611.539281,0.940830
2343,UNS 2026-02-03,2026-01-01,2,Reform UK,#12B6CF,300,18615.075487,28.638578
2343,UNS 2026-02-03,2026-01-01,12,SDLP,#2AA82C,2,218.745748,0.336532
2343,UNS 2026-02-03,2026-01-01,8,Scottish National Party,#FFF95D,19,1452.025747,2.233886
2343,UNS 2026-02-03,2026-01-01,13,Sinn Féin,#326760,7,515.636641,0.793287
2343,UNS 2026-02-03,2026-01-01,11,Ulster Unionist Party,#48A5EE,1,226.024506,0.347730
2344,UNS 2026-02-04,2026-01-01,10,Alliance,#F6CB2F,1,289.934178,0.446053
2344,UNS 2026-02-04,2026-01-01,4,Conservative,#0087DC,64,11507.236397,17.703441
2344,UNS 2026-02-04,2026-01-01,9,Democratic Unionist Party,#D46A4C,6,428.279537,0.658892
2344,UNS 2026-02-04,2026-01-01,6,Green,#6AB023,9,8656.942576,13.318373
2344,UNS 2026-02-04,2026-01-01,1,Labour,#E4003B,145,12726.050093,19.578539
2344,UNS 2026-02-04,2026-01-01,5,Liberal Democrats,#FAA61A,73,7533.272912,11.589651
2344,UNS 2026-02-04,2026-01-01,7,Other,#808080,15,2178.343602,3.351298
2344,UNS 2026-02-04,2026-01-01,3,Plaid Cymru,#005B54,4,613.909401,0.944476
2344,UNS 2026-02-04,2026-01-01,2,Reform UK,#12B6CF,304,18657.781312,28.704279
2344,UNS 2026-02-04,2026-01-01,12,SDLP,#2AA82C,2,219.050037,0.337000
2344,UNS 2026-02-04,2026-01-01,8,Scottish National Party,#FFF95D,19,1446.364420,2.225176
2344,UNS 2026-02-04,2026-01-01,13,Sinn Féin,#326760,7,516.536697,0.794672
2344,UNS 2026-02-04,2026-01-01,11,Ulster Unionist Party,#48A5EE,1,226.298839,0.348152
2345,UNS 2026-02-05,2026-01-01,10,Alliance,#F6CB2F,1,289.934178,0.446053
2345,UNS 2026-02-05,2026-01-01,4,Conservative,#0087DC,64,11507.236397,17.703441
2345,UNS 2026-02-05,2026-01-01,9,Democratic Unionist Party,#D46A4C,6,428.279537,0.658892
2345,UNS 2026-02-05,2026-01-01,6,Green,#6AB023,9,8656.942576,13.318373
2345,UNS 2026-02-05,2026-01-01,1,Labour,#E4003B,145,12726.050093,19.578539
2345,UNS 2026-02-05,2026-01-01,5,Liberal Democrats,#FAA61A,73,7533.272912,11.589651
2345,UNS 2026-02-05,2026-01-01,7,Other,#808080,15,2178.343602,3.351298
2345,UNS 2026-02-05,2026-01-01,3,Plaid Cymru,#005B54,4,613.909401,0.944476
2345,UNS 2026-02-05,2026-01-01,2,Reform UK,#12B6CF,304,18657.781312,28.704279
2345,UNS 2026-02-05,2026-01-01,12,SDLP,#2AA82C,2,219.050037,0.337000
2345,UNS 2026-02-05,2026-01-01,8,Scottish National Party,#FFF95D,19,1446.364420,2.225176
2345,UNS 2026-02-05,2026-01-01,13,Sinn Féin,#326760,7,516.536697,0.794672
2345,UNS 2026-02-05,2026-01-01,11,Ulster Unionist Party,#48A5EE,1,226.298839,0.348152
2346,UNS 2026-02-06,2026-01-01,10,Alliance,#F6CB2F,1,290.269916,0.446569
2346,UNS 2026-02-06,2026-01-01,4,Conservative,#0087DC,64,11454.951610,17.623002
2346,UNS 2026-02-06,2026-01-01,9,Democratic Unionist Party,#D46A4C,6,428.829320,0.659737
2346,UNS 2026-02-06,2026-01-01,6,Green,#6AB023,9,8641.462259,13.294557
2346,UNS 2026-02-06,2026-01-01,1,Labour,#E4003B,144,12816.089327,19.717061
2346,UNS 2026-02-06,2026-01-01,5,Liberal Democrats,#FAA61A,73,7487.707598,11.519550
2346,UNS 2026-02-06,2026-01-01,7,Other,#808080,15,2184.091504,3.360141
2346,UNS 2026-02-06,2026-01-01,3,Plaid Cymru,#005B54,4,592.438939,0.911445
2346,UNS 2026-02-06,2026-01-01,2,Reform UK,#12B6CF,305,18735.203701,28.823390
2346,UNS 2026-02-06,2026-01-01,12,SDLP,#2AA82C,2,219.334902,0.337438
2346,UNS 2026-02-06,2026-01-01,8,Scottish National Party,#FFF95D,19,1405.728115,2.162659
2346,UNS 2026-02-06,2026-01-01,13,Sinn Féin,#326760,7,517.371585,0.795956
2346,UNS 2026-02-06,2026-01-01,11,Ulster Unionist Party,#48A5EE,1,226.521223,0.348494
2347,UNS 2026-02-07,2026-01-01,10,Alliance,#F6CB2F,1,290.269916,0.446569
2347,UNS 2026-02-07,2026-01-01,4,Conservative,#0087DC,64,11454.951610,17.623002
2347,UNS 2026-02-07,2026-01-01,9,Democratic Unionist Party,#D46A4C,6,428.829320,0.659737
2347,UNS 2026-02-07,2026-01-01,6,Green,#6AB023,9,8641.462259,13.294557
2347,UNS 2026-02-07,2026-01-01,1,Labour,#E4003B,144,12816.089327,19.717061
2347,UNS 2026-02-07,2026-01-01,5,Liberal Democrats,#FAA61A,73,7487.707598,11.519550
2347,UNS 2026-02-07,2026-01-01,7,Other,#808080,15,2184.091504,3.360141
2347,UNS 2026-02-07,2026-01-01,3,Plaid Cymru,#005B54,4,592.438939,0.911445
2347,UNS 2026-02-07,2026-01-01,2,Reform UK,#12B6CF,305,18735.203701,28.823390
2347,UNS 2026-02-07,2026-01-01,12,SDLP,#2AA82C,2,219.334902,0.337438
2347,UNS 2026-02-07,2026-01-01,8,Scottish National Party,#FFF95D,19,1405.728115,2.162659
2347,UNS 2026-02-07,2026-01-01,13,Sinn Féin,#326760,7,517.371585,0.795956
2347,UNS 2026-02-07,2026-01-01,11,Ulster Unionist Party,#48A5EE,1,226.521223,0.348494
2348,UNS 2026-02-08,2026-01-01,10,Alliance,#F6CB2F,1,290.269916,0.446569
2348,UNS 2026-02-08,2026-01-01,4,Conservative,#0087DC,64,11454.951610,17.623002
2348,UNS 2026-02-08,2026-01-01,9,Democratic Unionist Party,#D46A4C,6,428.829320,0.659737
2348,UNS 2026-02-08,2026-01-01,6,Green,#6AB023,9,8641.462259,13.294557
2348,UNS 2026-02-08,2026-01-01,1,Labour,#E4003B,144,12816.089327,19.717061
2348,UNS 2026-02-08,2026-01-01,5,Liberal Democrats,#FAA61A,73,7487.707598,11.519550
2348,UNS 2026-02-08,2026-01-01,7,Other,#808080,15,2184.091504,3.360141
2348,UNS 2026-02-08,2026-01-01,3,Plaid Cymru,#005B54,4,592.438939,0.911445
2348,UNS 2026-02-08,2026-01-01,2,Reform UK,#12B6CF,305,18735.203701,28.823390
2348,UNS 2026-02-08,2026-01-01,12,SDLP,#2AA82C,2,219.334902,0.337438
2348,UNS 2026-02-08,2026-01-01,8,Scottish National Party,#FFF95D,19,1405.728115,2.162659
2348,UNS 2026-02-08,2026-01-01,13,Sinn Féin,#326760,7,517.371585,0.795956
2348,UNS 2026-02-08,2026-01-01,11,Ulster Unionist Party,#48A5EE,1,226.521223,0.348494
2349,UNS 2026-02-09,2026-01-01,10,Alliance,#F6CB2F,1,290.269916,0.446569
2349,UNS 2026-02-09,2026-01-01,4,Conservative,#0087DC,65,11440.063724,17.600098
2349,UNS 2026-02-09,2026-01-01,9,Democratic Unionist Party,#D46A4C,6,428.829320,0.659737
2349,UNS 2026-02-09,2026-01-01,6,Green,#6AB023,9,8691.096838,13.370918
2349,UNS 2026-02-09,2026-01-01,1,Labour,#E4003B,145,12808.475914,19.705348
2349,UNS 2026-02-09,2026-01-01,5,Liberal Democrats,#FAA61A,73,7511.379737,11.555969
2349,UNS 2026-02-09,2026-01-01,7,Other,#808080,15,2163.901772,3.329080
2349,UNS 2026-02-09,2026-01-01,3,Plaid Cymru,#005B54,5,608.735058,0.936515
2349,UNS 2026-02-09,2026-01-01,2,Reform UK,#12B6CF,302,18669.380267,28.722123
2349,UNS 2026-02-09,2026-01-01,12,SDLP,#2AA82C,2,219.334902,0.337438
2349,UNS 2026-02-09,2026-01-01,8,Scottish National Party,#FFF95D,19,1424.639743,2.191753
2349,UNS 2026-02-09,2026-01-01,13,Sinn Féin,#326760,7,517.371585,0.795956
2349,UNS 2026-02-09,2026-01-01,11,Ulster Unionist Party,#48A5EE,1,226.521223,0.348494
2350,UNS 2026-02-10,2026-01-01,10,Alliance,#F6CB2F,1,290.596311,0.447071
2350,UNS 2026-02-10,2026-01-01,4,Conservative,#0087DC,65,11497.310699,17.688170
2350,UNS 2026-02-10,2026-01-01,9,Democratic Unionist Party,#D46A4C,6,429.355100,0.660546
2350,UNS 2026-02-10,2026-01-01,6,Green,#6AB023,9,8596.687281,13.225673
2350,UNS 2026-02-10,2026-01-01,1,Labour,#E4003B,147,12885.532584,19.823896
2350,UNS 2026-02-10,2026-01-01,5,Liberal Democrats,#FAA61A,73,7477.236687,11.503441
2350,UNS 2026-02-10,2026-01-01,7,Other,#808080,15,2143.755620,3.298086
2350,UNS 2026-02-10,2026-01-01,3,Plaid Cymru,#005B54,4,599.735594,0.922670
2350,UNS 2026-02-10,2026-01-01,2,Reform UK,#12B6CF,301,18688.623546,28.751729
2350,UNS 2026-02-10,2026-01-01,12,SDLP,#2AA82C,2,219.600760,0.337847
2350,UNS 2026-02-10,2026-01-01,8,Scottish National Party,#FFF95D,19,1426.697087,2.194919
2350,UNS 2026-02-10,2026-01-01,13,Sinn Féin,#326760,7,518.134646,0.797130
2350,UNS 2026-02-10,2026-01-01,11,Ulster Unionist Party,#48A5EE,1,226.734083,0.348822
2351,UNS 2026-02-11,2026-01-01,10,Alliance,#F6CB2F,1,290.892403,0.447527
2351,UNS 2026-02-11,2026-01-01,4,Conservative,#0087DC,66,11489.774210,17.676576
2351,UNS 2026-02-11,2026-01-01,9,Democratic Unionist Party,#D46A4C,6,429.824429,0.661268
2351,UNS 2026-02-11,2026-01-01,6,Green,#6AB023,9,8694.179247,13.375660
2351,UNS 2026-02-11,2026-01-01,1,Labour,#E4003B,144,12808.106686,19.704780
2351,UNS 2026-02-11,2026-01-01,5,Liberal Democrats,#FAA61A,73,7431.473263,11.433036
2351,UNS 2026-02-11,2026-01-01,7,Other,#808080,15,2156.752245,3.318080
2351,UNS 2026-02-11,2026-01-01,3,Plaid Cymru,#005B54,5,605.625327,0.931731
2351,UNS 2026-02-11,2026-01-01,2,Reform UK,#12B6CF,302,18685.620940,28.747109
2351,UNS 2026-02-11,2026-01-01,12,SDLP,#2AA82C,2,219.832215,0.338203
2351,UNS 2026-02-11,2026-01-01,8,Scottish National Party,#FFF95D,19,1442.210544,2.218785
2351,UNS 2026-02-11,2026-01-01,13,Sinn Féin,#326760,7,518.784234,0.798130
2351,UNS 2026-02-11,2026-01-01,11,Ulster Unionist Party,#48A5EE,1,226.924256,0.349114
2352,UNS 2026-02-12,2026-01-01,10,Alliance,#F6CB2F,1,290.892403,0.447527
2352,UNS 2026-02-12,2026-01-01,4,Conservative,#0087DC,66,11489.774210,17.676576
2352,UNS 2026-02-12,2026-01-01,9,Democratic Unionist Party,#D46A4C,6,429.824429,0.661268
2352,UNS 2026-02-12,2026-01-01,6,Green,#6AB023,9,8694.179247,13.375660
2352,UNS 2026-02-12,2026-01-01,1,Labour,#E4003B,144,12808.106686,19.704780
2352,UNS 2026-02-12,2026-01-01,5,Liberal Democrats,#FAA61A,73,7431.473263,11.433036
2352,UNS 2026-02-12,2026-01-01,7,Other,#808080,15,2156.752245,3.318080
2352,UNS 2026-02-12,2026-01-01,3,Plaid Cymru,#005B54,5,605.625327,0.931731
2352,UNS 2026-02-12,2026-01-01,2,Reform UK,#12B6CF,302,18685.620940,28.747109
2352,UNS 2026-02-12,2026-01-01,12,SDLP,#2AA82C,2,219.832215,0.338203
2352,UNS 2026-02-12,2026-01-01,8,Scottish National Party,#FFF95D,19,1442.210544,2.218785
2352,UNS 2026-02-12,2026-01-01,13,Sinn Féin,#326760,7,518.784234,0.798130
2352,UNS 2026-02-12,2026-01-01,11,Ulster Unionist Party,#48A5EE,1,226.924256,0.349114
2353,UNS 2026-02-13,2026-01-01,10,Alliance,#F6CB2F,1,290.892403,0.447527
2353,UNS 2026-02-13,2026-01-01,4,Conservative,#0087DC,66,11489.774210,17.676576
2353,UNS 2026-02-13,2026-01-01,9,Democratic Unionist Party,#D46A4C,6,429.824429,0.661268
2353,UNS 2026-02-13,2026-01-01,6,Green,#6AB023,9,8694.179247,13.375660
2353,UNS 2026-02-13,2026-01-01,1,Labour,#E4003B,144,12808.106686,19.704780
2353,UNS 2026-02-13,2026-01-01,5,Liberal Democrats,#FAA61A,73,7431.473263,11.433036
2353,UNS 2026-02-13,2026-01-01,7,Other,#808080,15,2156.752245,3.318080
2353,UNS 2026-02-13,2026-01-01,3,Plaid Cymru,#005B54,5,605.625327,0.931731
2353,UNS 2026-02-13,2026-01-01,2,Reform UK,#12B6CF,302,18685.620940,28.747109
2353,UNS 2026-02-13,2026-01-01,12,SDLP,#2AA82C,2,219.832215,0.338203
2353,UNS 2026-02-13,2026-01-01,8,Scottish National Party,#FFF95D,19,1442.210544,2.218785
2353,UNS 2026-02-13,2026-01-01,13,Sinn Féin,#326760,7,518.784234,0.798130
2353,UNS 2026-02-13,2026-01-01,11,Ulster Unionist Party,#48A5EE,1,226.924256,0.349114
2354,UNS 2026-02-14,2026-01-01,10,Alliance,#F6CB2F,1,291.179174,0.447968
2354,UNS 2026-02-14,2026-01-01,4,Conservative,#0087DC,66,11461.921474,17.633725
2354,UNS 2026-02-14,2026-01-01,9,Democratic Unionist Party,#D46A4C,6,430.278981,0.661968
2354,UNS 2026-02-14,2026-01-01,6,Green,#6AB023,9,8678.511447,13.351556
2354,UNS 2026-02-14,2026-01-01,1,Labour,#E4003B,145,12876.505611,19.810009
2354,UNS 2026-02-14,2026-01-01,5,Liberal Democrats,#FAA61A,75,7410.426828,11.400657
2354,UNS 2026-02-14,2026-01-01,7,Other,#808080,15,2188.991463,3.367679
2354,UNS 2026-02-14,2026-01-01,3,Plaid Cymru,#005B54,5,602.488932,0.926906
2354,UNS 2026-02-14,2026-01-01,2,Reform UK,#12B6CF,299,18653.580164,28.697816
2354,UNS 2026-02-14,2026-01-01,12,SDLP,#2AA82C,2,220.056379,0.338548
2354,UNS 2026-02-14,2026-01-01,8,Scottish National Party,#FFF95D,19,1439.537742,2.214673
2354,UNS 2026-02-14,2026-01-01,13,Sinn Féin,#326760,7,519.413364,0.799097
2354,UNS 2026-02-14,2026-01-01,11,Ulster Unionist Party,#48A5EE,1,227.108441,0.349398
2355,UNS 2026-02-15,2026-01-01,10,Alliance,#F6CB2F,1,291.179174,0.447968
2355,UNS 2026-02-15,2026-01-01,4,Conservative,#0087DC,66,11461.921474,17.633725
2355,UNS 2026-02-15,2026-01-01,9,Democratic Unionist Party,#D46A4C,6,430.278981,0.661968
2355,UNS 2026-02-15,2026-01-01,6,Green,#6AB023,9,8678.511447,13.351556
2355,UNS 2026-02-15,2026-01-01,1,Labour,#E4003B,145,12876.505611,19.810009
2355,UNS 2026-02-15,2026-01-01,5,Liberal Democrats,#FAA61A,75,7410.426828,11.400657
2355,UNS 2026-02-15,2026-01-01,7,Other,#808080,15,2188.991463,3.367679
2355,UNS 2026-02-15,2026-01-01,3,Plaid Cymru,#005B54,5,602.488932,0.926906
2355,UNS 2026-02-15,2026-01-01,2,Reform UK,#12B6CF,299,18653.580164,28.697816
2355,UNS 2026-02-15,2026-01-01,12,SDLP,#2AA82C,2,220.056379,0.338548
2355,UNS 2026-02-15,2026-01-01,8,Scottish National Party,#FFF95D,19,1439.537742,2.214673
2355,UNS 2026-02-15,2026-01-01,13,Sinn Féin,#326760,7,519.413364,0.799097
2355,UNS 2026-02-15,2026-01-01,11,Ulster Unionist Party,#48A5EE,1,227.108441,0.349398
2356,UNS 2026-02-16,2026-01-01,10,Alliance,#F6CB2F,1,291.179174,0.447968
2356,UNS 2026-02-16,2026-01-01,4,Conservative,#0087DC,65,11401.477364,17.540734
2356,UNS 2026-02-16,2026-01-01,9,Democratic Unionist Party,#D46A4C,6,430.278981,0.661968
2356,UNS 2026-02-16,2026-01-01,6,Green,#6AB023,9,8652.735563,13.311901
2356,UNS 2026-02-16,2026-01-01,1,Labour,#E4003B,146,12815.232204,19.715742
2356,UNS 2026-02-16,2026-01-01,5,Liberal Democrats,#FAA61A,75,7383.637579,11.359442
2356,UNS 2026-02-16,2026-01-01,7,Other,#808080,15,2236.856853,3.441318
2356,UNS 2026-02-16,2026-01-01,3,Plaid Cymru,#005B54,5,660.119604,1.015569
2356,UNS 2026-02-16,2026-01-01,2,Reform UK,#12B6CF,300,18630.445652,28.662224
2356,UNS 2026-02-16,2026-01-01,12,SDLP,#2AA82C,2,220.056379,0.338548
2356,UNS 2026-02-16,2026-01-01,8,Scottish National Party,#FFF95D,18,1531.458840,2.356091
2356,UNS 2026-02-16,2026-01-01,13,Sinn Féin,#326760,7,519.413364,0.799097
2356,UNS 2026-02-16,2026-01-01,11,Ulster Unionist Party,#48A5EE,1,227.108441,0.349398
2357,UNS 2026-02-17,2026-01-01,10,Alliance,#F6CB2F,1,291.456403,0.448394
2357,UNS 2026-02-17,2026-01-01,4,Conservative,#0087DC,67,11471.281204,17.648125
2357,UNS 2026-02-17,2026-01-01,9,Democratic Unionist Party,#D46A4C,6,430.718404,0.662644
2357,UNS 2026-02-17,2026-01-01,6,Green,#6AB023,9,8604.521905,13.237726
2357,UNS 2026-02-17,2026-01-01,1,Labour,#E4003B,145,12860.862000,19.785942
2357,UNS 2026-02-17,2026-01-01,5,Liberal Democrats,#FAA61A,76,7340.433704,11.292975
2357,UNS 2026-02-17,2026-01-01,7,Other,#808080,15,2236.545861,3.440840
2357,UNS 2026-02-17,2026-01-01,3,Plaid Cymru,#005B54,4,657.505109,1.011546
2357,UNS 2026-02-17,2026-01-01,2,Reform UK,#12B6CF,298,18616.650087,28.641000
2357,UNS 2026-02-17,2026-01-01,12,SDLP,#2AA82C,2,220.273078,0.338882
2357,UNS 2026-02-17,2026-01-01,8,Scottish National Party,#FFF95D,19,1522.444199,2.342222
2357,UNS 2026-02-17,2026-01-01,13,Sinn Féin,#326760,7,520.021549,0.800033
2357,UNS 2026-02-17,2026-01-01,11,Ulster Unionist Party,#48A5EE,1,227.286496,0.349672
2358,UNS 2026-02-18,2026-01-01,10,Alliance,#F6CB2F,1,291.712440,0.448788
2358,UNS 2026-02-18,2026-01-01,4,Conservative,#0087DC,64,11416.746097,17.564225
2358,UNS 2026-02-18,2026-01-01,9,Democratic Unionist Party,#D46A4C,6,431.124234,0.663268
2358,UNS 2026-02-18,2026-01-01,6,Green,#6AB023,9,8709.670304,13.399493
2358,UNS 2026-02-18,2026-01-01,1,Labour,#E4003B,146,12780.577023,19.662426
2358,UNS 2026-02-18,2026-01-01,5,Liberal Democrats,#FAA61A,76,7285.537035,11.208519
2358,UNS 2026-02-18,2026-01-01,7,Other,#808080,15,2326.023654,3.578498
2358,UNS 2026-02-18,2026-01-01,3,Plaid Cymru,#005B54,5,663.656569,1.021010
2358,UNS 2026-02-18,2026-01-01,2,Reform UK,#12B6CF,299,18605.673149,28.624113
2358,UNS 2026-02-18,2026-01-01,12,SDLP,#2AA82C,2,220.473209,0.339190
2358,UNS 2026-02-18,2026-01-01,8,Scottish National Party,#FFF95D,19,1520.772111,2.339649
2358,UNS 2026-02-18,2026-01-01,13,Sinn Féin,#326760,7,520.583235,0.800897
2358,UNS 2026-02-18,2026-01-01,11,Ulster Unionist Party,#48A5EE,1,227.450940,0.349925
2359,UNS 2026-02-19,2026-01-01,10,Alliance,#F6CB2F,1,291.712440,0.448788
2359,UNS 2026-02-19,2026-01-01,4,Conservative,#0087DC,64,11416.746097,17.564225
2359,UNS 2026-02-19,2026-01-01,9,Democratic Unionist Party,#D46A4C,6,431.124234,0.663268
2359,UNS 2026-02-19,2026-01-01,6,Green,#6AB023,9,8709.670304,13.399493
2359,UNS 2026-02-19,2026-01-01,1,Labour,#E4003B,146,12780.577023,19.662426
2359,UNS 2026-02-19,2026-01-01,5,Liberal Democrats,#FAA61A,76,7285.537035,11.208519
2359,UNS 2026-02-19,2026-01-01,7,Other,#808080,15,2326.023654,3.578498
2359,UNS 2026-02-19,2026-01-01,3,Plaid Cymru,#005B54,5,663.656569,1.021010
2359,UNS 2026-02-19,2026-01-01,2,Reform UK,#12B6CF,299,18605.673149,28.624113
2359,UNS 2026-02-19,2026-01-01,12,SDLP,#2AA82C,2,220.473209,0.339190
2359,UNS 2026-02-19,2026-01-01,8,Scottish National Party,#FFF95D,19,1520.772111,2.339649
2359,UNS 2026-02-19,2026-01-01,13,Sinn Féin,#326760,7,520.583235,0.800897
2359,UNS 2026-02-19,2026-01-01,11,Ulster Unionist Party,#48A5EE,1,227.450940,0.349925
2360,UNS 2026-02-20,2026-01-01,10,Alliance,#F6CB2F,1,291.712385,0.448788
2360,UNS 2026-02-20,2026-01-01,4,Conservative,#0087DC,64,11416.740759,17.564217
2360,UNS 2026-02-20,2026-01-01,9,Democratic Unionist Party,#D46A4C,6,431.124148,0.663268
2360,UNS 2026-02-20,2026-01-01,6,Green,#6AB023,9,8709.687812,13.399520
2360,UNS 2026-02-20,2026-01-01,1,Labour,#E4003B,146,12780.551278,19.662387
2360,UNS 2026-02-20,2026-01-01,5,Liberal Democrats,#FAA61A,76,7285.536918,11.208518
2360,UNS 2026-02-20,2026-01-01,7,Other,#808080,15,2326.027016,3.578503
2360,UNS 2026-02-20,2026-01-01,3,Plaid Cymru,#005B54,5,663.658763,1.021013
2360,UNS 2026-02-20,2026-01-01,2,Reform UK,#12B6CF,299,18605.678370,28.624121
2360,UNS 2026-02-20,2026-01-01,12,SDLP,#2AA82C,2,220.473166,0.339189
2360,UNS 2026-02-20,2026-01-01,8,Scottish National Party,#FFF95D,19,1520.775363,2.339654
2360,UNS 2026-02-20,2026-01-01,13,Sinn Féin,#326760,7,520.583116,0.800897
2360,UNS 2026-02-20,2026-01-01,11,Ulster Unionist Party,#48A5EE,1,227.450905,0.349924
