code,seats,change,votepercent,votepercentchange
conservative,23,-7,36.34885229820442,-4.856251210198934
labour,23,7,33.0301523961674,3.1646591111561335
libdems,0,0,6.251370092312795,-14.580682985182309
ukip,0,0,16.678406639428754,13.810978462343616
snp,0,0,0.0,0.0
plaidcymru,0,0,0.0,0.0
green,0,0,6.020731453967324,5.250508547742334
uu,0,0,0.0,0.0
sdlp,0,0,0.0,0.0
dup,0,0,0.0,0.0
sinnfein,0,0,0.0,0.0
alliance,0,0,0.0,0.0
other,0,0,1.6704871199193008,-2.7892119258608483
total,46,,100.0,
