code,seats,change,votepercent,votepercentchange
conservative,42,-9,38.61832509200161,-8.737418894849704
labour,15,13,25.06048545776614,5.164746023901085
libdems,0,-4,11.904791920144545,-12.51401515516791
ukip,1,0,16.001073934166335,12.285068918833485
snp,0,0,0.0,0.0
plaidcymru,0,0,0.0,0.0
green,0,0,6.741696686511053,5.59030566463346
uu,0,0,0.0,0.0
sdlp,0,0,0.0,0.0
dup,0,0,0.0,0.0
sinnfein,0,0,0.0,0.0
alliance,0,0,0.0,0.0
other,0,0,1.673626909410314,-1.7886865573504196
total,58,,100.0,
