code,seats,change,votepercent,votepercentchange
conservative,22,-8,33.08028197777098,-8.124821530632374
labour,24,8,32.80130173251728,2.9358084475060124
libdems,0,0,10.110119629323515,-10.721933448171589
ukip,0,0,16.01016178750698,13.142733610421843
snp,0,0,0.0,0.0
plaidcymru,0,0,0.0,0.0
green,0,0,5.825936661054341,5.055713754829351
uu,0,0,0.0,0.0
sdlp,0,0,0.0,0.0
dup,0,0,0.0,0.0
sinnfein,0,0,0.0,0.0
alliance,0,0,0.0,0.0
other,0,0,2.1721982118269043,-2.2875008339532448
total,46,,100.0,
