code,seats,change,votepercent,votepercentchange
conservative,23,-7,36.56773461645508,-4.637368891948277
labour,23,7,32.893785625219714,3.028292340208445
libdems,0,0,6.2868436943002735,-14.54520938319483
ukip,0,0,16.520177718653887,13.652749541568749
snp,0,0,0.0,0.0
plaidcymru,0,0,0.0,0.0
green,0,0,6.052058527359331,5.281835621134341
uu,0,0,0.0,0.0
sdlp,0,0,0.0,0.0
dup,0,0,0.0,0.0
sinnfein,0,0,0.0,0.0
alliance,0,0,0.0,0.0
other,0,0,1.679399818011723,-2.780299227768426
total,46,,100.0,
