code,seats,change,votepercent,votepercentchange
conservative,41,-10,41.31231256132786,-6.043431425523458
labour,15,13,25.505790732064625,5.6100512981995685
libdems,1,-3,7.321924623740619,-17.096882451571837
ukip,1,0,16.756464474757106,13.040459459424255
snp,0,0,0.0,0.0
plaidcymru,0,0,0.0,0.0
green,0,0,7.13839020412676,5.986999182249168
uu,0,0,0.0,0.0
sdlp,0,0,0.0,0.0
dup,0,0,0.0,0.0
sinnfein,0,0,0.0,0.0
alliance,0,0,0.0,0.0
other,0,0,1.9651174039830286,-1.497196062777705
total,58,,100.0,
