code,seats,change,votepercent,votepercentchange
conservative,41,-10,41.41773820843376,-5.938005778417555
labour,15,13,25.641508469141808,5.745769035276751
libdems,1,-3,7.250735245339761,-17.168071829972693
ukip,1,0,16.751466344559184,13.035461329226333
snp,0,0,0.0,0.0
plaidcymru,0,0,0.0,0.0
green,0,0,7.081642637595913,5.930251615718321
uu,0,0,0.0,0.0
sdlp,0,0,0.0,0.0
dup,0,0,0.0,0.0
sinnfein,0,0,0.0,0.0
alliance,0,0,0.0,0.0
other,0,0,1.8569090949295712,-1.6054043718311624
total,58,,100.0,
