code,seats,change,votepercent,votepercentchange
conservative,266,-28,36.98372306004444,-2.388127326456569
labour,242,51,32.881340799721784,4.9026114744646065
libdems,20,-22,10.00011696284909,-14.153266133516164
ukip,3,1,13.508257772083853,9.8364544558559
snp,0,0,0.0,0.0
plaidcymru,0,0,0.0,0.0
green,1,0,4.981174829438926,3.828640906242981
uu,0,0,0.0,0.0
sdlp,0,0,0.0,0.0
dup,0,0,0.0,0.0
sinnfein,0,0,0.0,0.0
alliance,0,0,0.0,0.0
other,1,-2,1.645386575861909,-2.026313376590754
total,533,,100.00,
