code,seats,change,votepercent,votepercentchange
conservative,268,-26,36.14136982156934,-3.2304805649316677
labour,240,49,31.852484172983306,3.873754847726129
libdems,18,-24,12.018282845689415,-12.135100250675839
ukip,5,3,13.165613871476593,9.49381055524864
snp,0,0,0.0,0.0
plaidcymru,0,0,0.0,0.0
green,1,0,4.897716028348665,3.74518210515272
uu,0,0,0.0,0.0
sdlp,0,0,0.0,0.0
dup,0,0,0.0,0.0
sinnfein,0,0,0.0,0.0
alliance,0,0,0.0,0.0
other,1,-2,1.9245332599326763,-1.747166692519987
total,533,,100.00,
