code,seats,change,votepercent,votepercentchange
conservative,254,-40,34.87441133664546,-4.5214174634812
labour,263,72,32.89838166555617,4.90261261425373
libdems,12,-30,9.059234183041115,-15.108858910559674
ukip,3,1,15.68182021980404,12.028704708460316
snp,0,0,0.0,0.0
plaidcymru,0,0,0.0,0.0
green,0,-1,5.870944953080426,4.7296429617579285
uu,0,0,0.0,0.0
sdlp,0,0,0.0,0.0
dup,0,0,0.0,0.0
sinnfein,0,0,0.0,0.0
alliance,0,0,0.0,0.0
other,1,-2,1.6152076418727905,-2.030683910431099
total,533,,100.00,
