code,seats,change,votepercent,votepercentchange
conservative,260,-34,36.87399363254498,-2.497856753956029
labour,249,58,32.69570801093836,4.716978685681184
libdems,19,-23,11.221929901852613,-12.93145319451264
ukip,3,1,12.855331047620236,9.183527731392282
snp,0,0,0.0,0.0
plaidcymru,0,0,0.0,0.0
green,1,0,4.594977305317363,3.442443382121418
uu,0,0,0.0,0.0
sdlp,0,0,0.0,0.0
dup,0,0,0.0,0.0
sinnfein,0,0,0.0,0.0
alliance,0,0,0.0,0.0
other,1,-2,1.758060101726449,-1.9136398507262142
total,533,,100.00,
