code,seats,change,votepercent,votepercentchange
conservative,267,-27,35.99876487279516,-3.3841235469380635
labour,241,50,30.843095178871216,2.856521920929758
libdems,21,-21,14.430878492021968,-9.729276088098072
ukip,2,0,12.210121337212339,8.537288618336838
snp,0,0,0.0,0.0
plaidcymru,0,0,0.0,0.0
green,1,0,4.23206121989085,3.079204179858369
uu,0,0,0.0,0.0
sdlp,0,0,0.0,0.0
dup,0,0,0.0,0.0
sinnfein,0,0,0.0,0.0
alliance,0,0,0.0,0.0
other,1,-2,2.285078899208474,-1.3596150840888246
total,533,,100.00,
