code,seats,change,votepercent,votepercentchange
conservative,279,-15,36.60383820141557,-2.768012185085439
labour,230,39,31.39400453402957,3.4152752087723925
libdems,17,-25,12.2212436755699,-11.932139420795354
ukip,5,3,13.074874335986742,9.403071019758787
snp,0,0,0.0,0.0
plaidcymru,0,0,0.0,0.0
green,1,0,4.883031401938521,3.730497478742576
uu,0,0,0.0,0.0
sdlp,0,0,0.0,0.0
dup,0,0,0.0,0.0
sinnfein,0,0,0.0,0.0
alliance,0,0,0.0,0.0
other,1,-2,1.8230078510596979,-1.8486921013929654
total,533,,100.00,
