code,seats,change,votepercent,votepercentchange
conservative,251,-43,34.47846205561671,-4.917366744509948
labour,265,74,33.08395841460618,5.088189363303737
libdems,13,-29,8.909237629964103,-15.258855463636685
ukip,2,0,15.369993245012964,11.71687773366924
snp,0,0,0.0,0.0
plaidcymru,0,0,0.0,0.0
green,1,0,6.4440416421597275,5.30273965083723
uu,0,0,0.0,0.0
sdlp,0,0,0.0,0.0
dup,0,0,0.0,0.0
sinnfein,0,0,0.0,0.0
alliance,0,0,0.0,0.0
other,1,-2,1.7143070126403173,-1.9315845396635727
total,533,,100.00,
