code,seats,change,votepercent,votepercentchange
conservative,261,-33,36.229672047010965,-3.1421783394900444
labour,250,59,32.69301096909045,4.714281643833274
libdems,17,-25,11.334326530096654,-12.8190565662686
ukip,3,1,13.405485652475846,9.733682336247892
snp,0,0,0.0,0.0
plaidcymru,0,0,0.0,0.0
green,1,0,4.558916618101081,3.406382694905137
uu,0,0,0.0,0.0
sdlp,0,0,0.0,0.0
dup,0,0,0.0,0.0
sinnfein,0,0,0.0,0.0
alliance,0,0,0.0,0.0
other,1,-2,1.778588183224997,-1.8931117692276662
total,533,,100.00,
