code,seats,change,votepercent,votepercentchange
conservative,260,-34,36.48000926347209,-2.891841123028918
labour,250,59,33.545332726685075,5.566603401427898
libdems,19,-23,10.432704735014404,-13.72067836135085
ukip,2,0,13.3206272493453,9.648823933117345
snp,0,0,0.0,0.0
plaidcymru,0,0,0.0,0.0
green,1,0,4.708557366273242,3.5560234430772972
uu,0,0,0.0,0.0
sdlp,0,0,0.0,0.0
dup,0,0,0.0,0.0
sinnfein,0,0,0.0,0.0
alliance,0,0,0.0,0.0
other,1,-2,1.5127686592098835,-2.1589312932427798
total,533,,100.00,
