code,seats,change,votepercent,votepercentchange
conservative,263,-31,36.38087563101482,-2.9909747554861923
labour,244,53,33.142906044486445,5.164176719229268
libdems,21,-21,9.958279335463617,-14.195103760901636
ukip,3,1,14.057832693156422,10.38602937692847
snp,0,0,0.0,0.0
plaidcymru,0,0,0.0,0.0
green,1,0,4.925525826186901,3.772991902990956
uu,0,0,0.0,0.0
sdlp,0,0,0.0,0.0
dup,0,0,0.0,0.0
sinnfein,0,0,0.0,0.0
alliance,0,0,0.0,0.0
other,1,-2,1.534580469691795,-2.137119482760868
total,533,,100.00,
