code,seats,change,votepercent,votepercentchange
conservative,256,-38,36.17417192155371,-3.197678464947302
labour,250,59,32.71184530943338,4.733115984176202
libdems,21,-21,11.52190677738123,-12.631476318984024
ukip,4,2,13.279232754002669,9.607429437774716
snp,0,0,0.0,0.0
plaidcymru,0,0,0.0,0.0
green,1,0,4.58008338681141,3.427549463615465
uu,0,0,0.0,0.0
sdlp,0,0,0.0,0.0
dup,0,0,0.0,0.0
sinnfein,0,0,0.0,0.0
alliance,0,0,0.0,0.0
other,1,-2,1.7327598508176103,-1.938940101635053
total,533,,100.00,
