code,seats,change,votepercent,votepercentchange
conservative,254,-40,36.33192058847392,-3.0399297980270887
labour,254,63,33.70377224983482,5.725042924577643
libdems,21,-21,10.537631247664882,-13.615751848700372
ukip,2,0,13.126148601650044,9.45434528542209
snp,0,0,0.0,0.0
plaidcymru,0,0,0.0,0.0
green,1,0,4.747394287126308,3.594860363930364
uu,0,0,0.0,0.0
sdlp,0,0,0.0,0.0
dup,0,0,0.0,0.0
sinnfein,0,0,0.0,0.0
alliance,0,0,0.0,0.0
other,1,-2,1.553133025250025,-2.118566927202638
total,533,,100.00,
