code,seats,change,votepercent,votepercentchange
conservative,258,-36,34.70125113444075,-4.697256101605944
labour,264,73,33.36960346758546,5.37193104540037
libdems,7,-35,8.613008701011438,-15.556727528185995
ukip,2,0,14.920756598977231,11.274191500813224
snp,0,0,0.0,0.0
plaidcymru,0,0,0.0,0.0
green,1,0,6.780503346653826,5.639123760714277
uu,0,0,0.0,0.0
sdlp,0,0,0.0,0.0
dup,0,0,0.0,0.0
sinnfein,0,0,0.0,0.0
alliance,0,0,0.0,0.0
other,1,-2,1.614876751331289,-2.031262677135933
total,533,,100.00,
