code,seats,change,votepercent,votepercentchange
conservative,269,-25,36.05644018670233,-3.326448233030888
labour,239,48,30.82401376637085,2.837440508429392
libdems,21,-21,14.52258242576339,-9.637572154356649
ukip,2,0,11.861389204352843,8.188556485477342
snp,0,0,0.0,0.0
plaidcymru,0,0,0.0,0.0
green,1,0,4.330876814693153,3.1780197746606715
uu,0,0,0.0,0.0
sdlp,0,0,0.0,0.0
dup,0,0,0.0,0.0
sinnfein,0,0,0.0,0.0
alliance,0,0,0.0,0.0
other,1,-2,2.404697602117433,-1.2399963811798655
total,533,,100.00,
