code,seats,change,votepercent,votepercentchange
conservative,265,-29,36.46292193496908,-2.908928451531928
labour,243,52,33.18337517097055,5.204645845713372
libdems,20,-22,9.638719468096296,-14.514663628268957
ukip,3,1,14.06978569351644,10.397982377288486
snp,0,0,0.0,0.0
plaidcymru,0,0,0.0,0.0
green,1,0,5.091961317710518,3.9394273945145732
uu,0,0,0.0,0.0
sdlp,0,0,0.0,0.0
dup,0,0,0.0,0.0
sinnfein,0,0,0.0,0.0
alliance,0,0,0.0,0.0
other,1,-2,1.5532364147371098,-2.118463537715553
total,533,,100.00,
