code,seats,change,votepercent,votepercentchange
conservative,260,-34,35.079282470920845,-4.57512424229467
labour,265,74,32.4316267608875,4.195081981195173
libdems,4,-38,8.417493636199492,-15.958455516212997
ukip,2,0,15.696981212086166,12.688480762463108
snp,0,0,0.0,0.0
plaidcymru,0,0,0.0,0.0
green,1,0,6.680721903392965,5.683037362847228
uu,0,0,0.0,0.0
sdlp,0,0,0.0,0.0
dup,0,0,0.0,0.0
sinnfein,0,0,0.0,0.0
alliance,0,0,0.0,0.0
other,1,-2,1.6938940165130347,-2.0330203479978417
total,533,,100.0,
