code,seats,change,votepercent,votepercentchange
conservative,262,-32,36.01886048672357,-3.352989899777441
labour,246,55,32.12068893121296,4.141959605955783
libdems,18,-24,11.64809602677731,-12.505287069587943
ukip,5,3,13.646822769648884,9.97501945342093
snp,0,0,0.0,0.0
plaidcymru,0,0,0.0,0.0
green,1,0,4.782874336835499,3.630340413639554
uu,0,0,0.0,0.0
sdlp,0,0,0.0,0.0
dup,0,0,0.0,0.0
sinnfein,0,0,0.0,0.0
alliance,0,0,0.0,0.0
other,1,-2,1.7826574488017726,-1.8890425036508907
total,533,,100.00,
