code,seats,change,votepercent,votepercentchange
conservative,264,-30,36.87334870406933,-2.49850168243168
labour,244,53,33.87283480835815,5.894105483100972
libdems,21,-21,9.810351390276793,-14.34303170608846
ukip,2,0,13.217763395334423,9.545960079106468
snp,0,0,0.0,0.0
plaidcymru,0,0,0.0,0.0
green,1,0,4.674825188320886,3.5222912651249416
uu,0,0,0.0,0.0
sdlp,0,0,0.0,0.0
dup,0,0,0.0,0.0
sinnfein,0,0,0.0,0.0
alliance,0,0,0.0,0.0
other,1,-2,1.5508765136404203,-2.120823438812243
total,533,,100.00,
