code,seats,change,votepercent,votepercentchange
conservative,262,-32,36.51738122926736,-2.854469157233652
labour,251,60,32.7581281011732,4.779398775916022
libdems,15,-27,11.614413631570994,-12.53896946479426
ukip,3,1,12.626731226015787,8.954927909787834
snp,0,0,0.0,0.0
plaidcymru,0,0,0.0,0.0
green,1,0,4.713677997458318,3.5611440742623737
uu,0,0,0.0,0.0
sdlp,0,0,0.0,0.0
dup,0,0,0.0,0.0
sinnfein,0,0,0.0,0.0
alliance,0,0,0.0,0.0
other,1,-2,1.7696678145143443,-1.902032137938319
total,533,,100.00,
