code,seats,change,votepercent,votepercentchange
conservative,262,-32,36.32986241800993,-3.041987968491078
labour,246,55,33.29081339251036,5.312084067253181
libdems,20,-22,9.71291359375686,-14.440469502608394
ukip,3,1,14.022430068031126,10.350626751803173
snp,0,0,0.0,0.0
plaidcymru,0,0,0.0,0.0
green,1,0,5.077557760021758,3.9250238368258135
uu,0,0,0.0,0.0
sdlp,0,0,0.0,0.0
dup,0,0,0.0,0.0
sinnfein,0,0,0.0,0.0
alliance,0,0,0.0,0.0
other,1,-2,1.5664227676699674,-2.105277184782696
total,533,,100.00,
