code,seats,change,votepercent,votepercentchange
conservative,256,-38,36.80441554753433,-2.567434838966676
labour,251,60,33.354364540067664,5.375635214810487
libdems,22,-20,11.04937989065228,-13.104003205712973
ukip,2,0,12.5417313438329,8.869928027604946
snp,0,0,0.0,0.0
plaidcymru,0,0,0.0,0.0
green,1,0,4.551247747199462,3.3987138240035177
uu,0,0,0.0,0.0
sdlp,0,0,0.0,0.0
dup,0,0,0.0,0.0
sinnfein,0,0,0.0,0.0
alliance,0,0,0.0,0.0
other,1,-2,1.6988609307133566,-1.9728390217393066
total,533,,100.00,
