code,seats,change,votepercent,votepercentchange
conservative,263,-31,36.27742691944478,-3.094423467056231
labour,243,52,32.93973113039716,4.961001805139986
libdems,22,-20,10.051973627832364,-14.10140946853289
ukip,3,1,13.749014490219992,10.077211173992037
snp,0,0,0.0,0.0
plaidcymru,0,0,0.0,0.0
green,1,0,5.277108078618709,4.124574155422764
uu,0,0,0.0,0.0
sdlp,0,0,0.0,0.0
dup,0,0,0.0,0.0
sinnfein,0,0,0.0,0.0
alliance,0,0,0.0,0.0
other,1,-2,1.704745753486995,-1.9669541989656683
total,533,,100.00,
