code,seats,change,votepercent,votepercentchange
conservative,265,-29,36.88585557924013,-2.48599480726088
labour,244,53,32.98271466276957,5.00398533751239
libdems,19,-23,10.056567982908431,-14.096815113456822
ukip,3,1,13.694046950037853,10.0222436338099
snp,0,0,0.0,0.0
plaidcymru,0,0,0.0,0.0
green,1,0,4.812536000235173,3.6600020770392288
uu,0,0,0.0,0.0
sdlp,0,0,0.0,0.0
dup,0,0,0.0,0.0
sinnfein,0,0,0.0,0.0
alliance,0,0,0.0,0.0
other,1,-2,1.5682788248088493,-2.1034211276438137
total,533,,100.00,
