code,seats,change,votepercent,votepercentchange
conservative,262,-32,35.48878965997144,-3.9196357516492313
labour,264,73,32.685562470494524,4.666696044562396
libdems,4,-38,8.51252908554927,-15.675503431728186
ukip,1,-1,15.15524743216558,11.585084750626834
snp,0,0,0.0,0.0
plaidcymru,0,0,0.0,0.0
green,1,0,6.521752043349451,5.356138605223166
uu,0,0,0.0,0.0
sdlp,0,0,0.0,0.0
dup,0,0,0.0,0.0
sinnfein,0,0,0.0,0.0
alliance,0,0,0.0,0.0
other,1,-2,1.6361193084697379,-2.012780217034976
total,533,,100.00,
