code,seats,change,votepercent,votepercentchange
conservative,259,-35,36.85087009278783,-2.5209802937131798
labour,249,58,32.85513315620733,4.876403830950153
libdems,20,-22,11.166092333390553,-12.9872907629747
ukip,3,1,12.789778971717633,9.11797565548968
snp,0,0,0.0,0.0
plaidcymru,0,0,0.0,0.0
green,1,0,4.598548077264594,3.4460141540686493
uu,0,0,0.0,0.0
sdlp,0,0,0.0,0.0
dup,0,0,0.0,0.0
sinnfein,0,0,0.0,0.0
alliance,0,0,0.0,0.0
other,1,-2,1.7395773686320577,-1.9321225838206055
total,533,,100.00,
