code,seats,change,votepercent,votepercentchange
conservative,250,-44,35.945408095574,-3.4264422909270067
labour,255,64,33.3627183215538,5.3839889962966225
libdems,23,-19,11.083029609829971,-13.070353486535282
ukip,3,1,13.66575447273089,9.993951156502938
snp,0,0,0.0,0.0
plaidcymru,0,0,0.0,0.0
green,1,0,4.283198301573413,3.1306643783774684
uu,0,0,0.0,0.0
sdlp,0,0,0.0,0.0
dup,0,0,0.0,0.0
sinnfein,0,0,0.0,0.0
alliance,0,0,0.0,0.0
other,1,-2,1.6598911987379232,-2.0118087537147398
total,533,,100.00,
