code,seats,change,votepercent,votepercentchange
conservative,257,-37,36.23972865532498,-3.132121731176028
labour,251,60,33.48848338009187,5.509754054834694
libdems,20,-22,10.70284632055434,-13.450536775810914
ukip,3,1,13.380685651598032,9.708882335370077
snp,0,0,0.0,0.0
plaidcymru,0,0,0.0,0.0
green,1,0,4.678225386737003,3.525691463541058
uu,0,0,0.0,0.0
sdlp,0,0,0.0,0.0
dup,0,0,0.0,0.0
sinnfein,0,0,0.0,0.0
alliance,0,0,0.0,0.0
other,1,-2,1.5100306056937796,-2.1616693467588837
total,533,,100.00,
