code,seats,change,votepercent,votepercentchange
conservative,255,-39,36.456386510546174,-2.915463875954835
labour,250,59,33.09654587948932,5.117816554232142
libdems,23,-19,11.042153695229743,-13.11122940113551
ukip,3,1,13.339710149606052,9.667906833378098
snp,0,0,0.0,0.0
plaidcymru,0,0,0.0,0.0
green,1,0,4.394658024513315,3.24212410131737
uu,0,0,0.0,0.0
sdlp,0,0,0.0,0.0
dup,0,0,0.0,0.0
sinnfein,0,0,0.0,0.0
alliance,0,0,0.0,0.0
other,1,-2,1.6705457406153956,-2.0011542118372674
total,533,,100.00,
