code,seats,change,votepercent,votepercentchange
conservative,273,-21,36.19111881713563,-3.1917696025975886
labour,235,44,30.53918337245347,2.55261011451201
libdems,21,-21,14.553465925403666,-9.606688654716374
ukip,2,0,12.1909552252632,8.5181225063877
snp,0,0,0.0,0.0
plaidcymru,0,0,0.0,0.0
green,1,0,4.220463674572879,3.0676066345403976
uu,0,0,0.0,0.0
sdlp,0,0,0.0,0.0
dup,0,0,0.0,0.0
sinnfein,0,0,0.0,0.0
alliance,0,0,0.0,0.0
other,1,-2,2.304812985171153,-1.3398809981261453
total,533,,100.00,
