code,seats,change,votepercent,votepercentchange
conservative,266,-28,36.55996514820629,-2.811885238294721
labour,246,55,32.37546133050169,4.396732005244516
libdems,16,-26,11.624557851396586,-12.528825244968667
ukip,3,1,12.828951036333244,9.15714772010529
snp,0,0,0.0,0.0
plaidcymru,0,0,0.0,0.0
green,1,0,4.808398957908287,3.6558650347123427
uu,0,0,0.0,0.0
sdlp,0,0,0.0,0.0
dup,0,0,0.0,0.0
sinnfein,0,0,0.0,0.0
alliance,0,0,0.0,0.0
other,1,-2,1.802665675653906,-1.8690342767987573
total,533,,100.00,
