code,seats,change,votepercent,votepercentchange
conservative,262,-32,35.380889834558886,-4.027535577061784
labour,264,73,32.47851295359412,4.459646527661992
libdems,4,-38,8.765180776779003,-15.422851740498453
ukip,1,-1,15.327540514524728,11.75737783298598
snp,0,0,0.0,0.0
plaidcymru,0,0,0.0,0.0
green,1,0,6.388398155392777,5.222784717266492
uu,0,0,0.0,0.0
sdlp,0,0,0.0,0.0
dup,0,0,0.0,0.0
sinnfein,0,0,0.0,0.0
alliance,0,0,0.0,0.0
other,1,-2,1.659477765150487,-1.9894217603542266
total,533,,100.00,
