code,seats,change,votepercent,votepercentchange
conservative,259,-35,36.46884484594602,-2.903005540554986
labour,251,60,33.53736471437524,5.558635389118059
libdems,19,-23,10.30698511401485,-13.846397982350403
ukip,2,0,13.564885304816427,9.893081988588474
snp,0,0,0.0,0.0
plaidcymru,0,0,0.0,0.0
green,1,0,4.626693608160798,3.474159684964853
uu,0,0,0.0,0.0
sdlp,0,0,0.0,0.0
dup,0,0,0.0,0.0
sinnfein,0,0,0.0,0.0
alliance,0,0,0.0,0.0
other,1,-2,1.4952264126866694,-2.176473539765994
total,533,,100.00,
