code,seats,change,votepercent,votepercentchange
conservative,255,-39,36.42563802759271,-2.946212358908298
labour,251,60,33.24290283913726,5.264173513880081
libdems,22,-20,10.861530969916565,-13.291852126448688
ukip,3,1,13.327143398235382,9.655340082007427
snp,0,0,0.0,0.0
plaidcymru,0,0,0.0,0.0
green,1,0,4.44841381775976,3.2958798945638152
uu,0,0,0.0,0.0
sdlp,0,0,0.0,0.0
dup,0,0,0.0,0.0
sinnfein,0,0,0.0,0.0
alliance,0,0,0.0,0.0
other,1,-2,1.6943709473583253,-1.977329005094338
total,533,,100.00,
