code,seats,change,votepercent,votepercentchange
conservative,258,-36,36.62972083033178,-2.742129556169232
labour,248,57,33.02265660146728,5.0439272762101055
libdems,22,-20,11.092831116672825,-13.060551979692429
ukip,3,1,13.3044895138708,9.632686197642848
snp,0,0,0.0,0.0
plaidcymru,0,0,0.0,0.0
green,1,0,4.286567724669754,3.1340338014738096
uu,0,0,0.0,0.0
sdlp,0,0,0.0,0.0
dup,0,0,0.0,0.0
sinnfein,0,0,0.0,0.0
alliance,0,0,0.0,0.0
other,1,-2,1.663734212987563,-2.0079657394651003
total,533,,100.00,
