code,seats,change,votepercent,votepercentchange
conservative,262,-32,36.31117036363562,-3.060680022865391
labour,250,59,32.707060834144116,4.728331508886939
libdems,16,-26,11.49643272987639,-12.656950366488863
ukip,3,1,13.164319384276252,9.4925160680483
snp,0,0,0.0,0.0
plaidcymru,0,0,0.0,0.0
green,1,0,4.599514253193037,3.4469803299970927
uu,0,0,0.0,0.0
sdlp,0,0,0.0,0.0
dup,0,0,0.0,0.0
sinnfein,0,0,0.0,0.0
alliance,0,0,0.0,0.0
other,1,-2,1.7215024348745855,-1.9501975175780777
total,533,,100.00,
