code,seats,change,votepercent,votepercentchange
conservative,256,-38,36.8225675509873,-2.549282835513708
labour,251,60,33.365299266280665,5.386569941023488
libdems,22,-20,11.008940207486548,-13.144442888878705
ukip,2,0,12.54905955866583,8.877256242437877
snp,0,0,0.0,0.0
plaidcymru,0,0,0.0,0.0
green,1,0,4.554858886137534,3.4023249629415897
uu,0,0,0.0,0.0
sdlp,0,0,0.0,0.0
dup,0,0,0.0,0.0
sinnfein,0,0,0.0,0.0
alliance,0,0,0.0,0.0
other,1,-2,1.6992745304421222,-1.972425422010541
total,533,,100.00,
