code,seats,change,votepercent,votepercentchange
conservative,265,-29,36.45564046500873,-2.916209921492282
labour,243,52,33.17975061398714,5.201021288729962
libdems,20,-22,9.649113949298833,-14.50426914706642
ukip,3,1,14.068955805285267,10.397152489057312
snp,0,0,0.0,0.0
plaidcymru,0,0,0.0,0.0
green,1,0,5.089376635555958,3.936842712360013
uu,0,0,0.0,0.0
sdlp,0,0,0.0,0.0
dup,0,0,0.0,0.0
sinnfein,0,0,0.0,0.0
alliance,0,0,0.0,0.0
other,1,-2,1.5571625308640795,-2.114537421588584
total,533,,100.00,
