code,seats,change,votepercent,votepercentchange
conservative,264,-30,36.75520741001727,-2.616642976483739
labour,244,53,33.79910407240842,5.8203747471512415
libdems,21,-21,9.819681891473218,-14.333701204892035
ukip,2,0,13.492334703527066,9.820531387299113
snp,0,0,0.0,0.0
plaidcymru,0,0,0.0,0.0
green,1,0,4.595056892871899,3.442522969675954
uu,0,0,0.0,0.0
sdlp,0,0,0.0,0.0
dup,0,0,0.0,0.0
sinnfein,0,0,0.0,0.0
alliance,0,0,0.0,0.0
other,1,-2,1.5386150297021295,-2.133084922750534
total,533,,100.00,
