code,seats,change,votepercent,votepercentchange
conservative,262,-32,35.16070452583414,-4.247720885786528
labour,264,73,32.549046017867184,4.530179591935056
libdems,4,-38,8.503132394686215,-15.684900122591241
ukip,1,-1,15.48443212153545,11.914269439996701
snp,0,0,0.0,0.0
plaidcymru,0,0,0.0,0.0
green,1,0,6.596973713910233,5.431360275783948
uu,0,0,0.0,0.0
sdlp,0,0,0.0,0.0
dup,0,0,0.0,0.0
sinnfein,0,0,0.0,0.0
alliance,0,0,0.0,0.0
other,1,-2,1.7057112261667717,-1.943188299337942
total,533,,100.00,
