code,seats,change,votepercent,votepercentchange
conservative,262,-32,35.16277622152629,-4.244943179195815
labour,264,73,32.55005964133691,4.531695179765329
libdems,4,-38,8.50353330125765,-15.684065881919459
ukip,1,-1,15.491606646707677,11.920512635039609
snp,0,0,0.0,0.0
plaidcymru,0,0,0.0,0.0
green,1,0,6.602413811157939,5.436025022937145
uu,0,0,0.0,0.0
sdlp,0,0,0.0,0.0
dup,0,0,0.0,0.0
sinnfein,0,0,0.0,0.0
alliance,0,0,0.0,0.0
other,1,-2,1.6896103780135319,-1.9592237766268086
total,533,,100.00,
