code,seats,change,votepercent,votepercentchange
conservative,259,-35,36.33488513101219,-3.0369652554888162
labour,251,60,33.540245755253665,5.561516429996487
libdems,19,-23,10.568604209016142,-13.584778887349112
ukip,2,0,13.39318606597007,9.721382749742116
snp,0,0,0.0,0.0
plaidcymru,0,0,0.0,0.0
green,1,0,4.670356479664045,3.5178225564681007
uu,0,0,0.0,0.0
sdlp,0,0,0.0,0.0
dup,0,0,0.0,0.0
sinnfein,0,0,0.0,0.0
alliance,0,0,0.0,0.0
other,1,-2,1.49272235908388,-2.178977593368783
total,533,,100.00,
