code,seats,change,votepercent,votepercentchange
conservative,260,-34,36.13791054044695,-3.2449778792862674
labour,246,55,32.21996821886456,4.2333949609231
libdems,23,-19,12.934757597299999,-11.22539698282004
ukip,2,0,12.332757798320086,8.659925079444585
snp,0,0,0.0,0.0
plaidcymru,0,0,0.0,0.0
green,1,0,4.465562210219758,3.312705170187277
uu,0,0,0.0,0.0
sdlp,0,0,0.0,0.0
dup,0,0,0.0,0.0
sinnfein,0,0,0.0,0.0
alliance,0,0,0.0,0.0
other,1,-2,1.909043634848649,-1.7356503484486494
total,533,,100.00,
