code,seats,change,votepercent,votepercentchange
conservative,260,-34,36.86404502100691,-2.5078053654941
labour,249,58,32.707315968205144,4.728586642947967
libdems,19,-23,11.237730700339684,-12.91565239602557
ukip,3,1,12.817005236268354,9.1452019200404
snp,0,0,0.0,0.0
plaidcymru,0,0,0.0,0.0
green,1,0,4.6282879508594075,3.475754027663463
uu,0,0,0.0,0.0
sdlp,0,0,0.0,0.0
dup,0,0,0.0,0.0
sinnfein,0,0,0.0,0.0
alliance,0,0,0.0,0.0
other,1,-2,1.745615123320502,-1.9260848291321613
total,533,,100.00,
