code,seats,change,votepercent,votepercentchange
conservative,263,-31,36.28499086461275,-3.0868595218882575
labour,243,52,33.1976186821564,5.218889356899226
libdems,22,-20,10.068797967216002,-14.084585129149252
ukip,3,1,13.862243982346556,10.1904406661186
snp,0,0,0.0,0.0
plaidcymru,0,0,0.0,0.0
green,1,0,4.977356177643095,3.8248222544471506
uu,0,0,0.0,0.0
sdlp,0,0,0.0,0.0
dup,0,0,0.0,0.0
sinnfein,0,0,0.0,0.0
alliance,0,0,0.0,0.0
other,1,-2,1.6089923260251924,-2.062707626427471
total,533,,100.00,
