code,seats,change,votepercent,votepercentchange
conservative,265,-29,36.11198941533166,-3.2598609711693527
labour,244,53,32.10959542010983,4.130866094852649
libdems,17,-25,11.715609243400976,-12.437773852964277
ukip,5,3,13.660556866275694,9.98875355004774
snp,0,0,0.0,0.0
plaidcymru,0,0,0.0,0.0
green,1,0,4.6591324929216045,3.50659856972566
uu,0,0,0.0,0.0
sdlp,0,0,0.0,0.0
dup,0,0,0.0,0.0
sinnfein,0,0,0.0,0.0
alliance,0,0,0.0,0.0
other,1,-2,1.743116561960241,-1.9285833904924223
total,533,,100.00,
