code,seats,change,votepercent,votepercentchange
conservative,272,-22,36.21139605998059,-3.1604543265204157
labour,238,47,31.75426816071932,3.775538835462143
libdems,17,-25,11.996890502820696,-12.156492593544558
ukip,4,2,13.404971538447473,9.733168222219518
snp,0,0,0.0,0.0
plaidcymru,0,0,0.0,0.0
green,1,0,4.823284097028819,3.6707501738328743
uu,0,0,0.0,0.0
sdlp,0,0,0.0,0.0
dup,0,0,0.0,0.0
sinnfein,0,0,0.0,0.0
alliance,0,0,0.0,0.0
other,1,-2,1.8091896410031,-1.8625103114495631
total,533,,100.00,
