code,seats,change,votepercent,votepercentchange
conservative,259,-35,36.854515628331,-2.5173347581700085
labour,248,57,33.1253956265594,5.146666301302226
libdems,21,-21,11.077871159118176,-13.075511937247077
ukip,3,1,12.783901774980167,9.112098458752214
snp,0,0,0.0,0.0
plaidcymru,0,0,0.0,0.0
green,1,0,4.46283913549232,3.3103052122963756
uu,0,0,0.0,0.0
sdlp,0,0,0.0,0.0
dup,0,0,0.0,0.0
sinnfein,0,0,0.0,0.0
alliance,0,0,0.0,0.0
other,1,-2,1.6954766755189288,-1.9762232769337345
total,533,,100.00,
