code,seats,change,votepercent,votepercentchange
conservative,260,-34,36.55062328785709,-2.8212270986439165
labour,250,59,33.5188612922131,5.540131966955926
libdems,19,-23,10.25661519152452,-13.896767904840733
ukip,2,0,13.47233264392761,9.800529327699657
snp,0,0,0.0,0.0
plaidcymru,0,0,0.0,0.0
green,1,0,4.67302144664165,3.5204875234457056
uu,0,0,0.0,0.0
sdlp,0,0,0.0,0.0
dup,0,0,0.0,0.0
sinnfein,0,0,0.0,0.0
alliance,0,0,0.0,0.0
other,1,-2,1.528546137836023,-2.1431538146166402
total,533,,100.00,
