code,seats,change,votepercent,votepercentchange
conservative,258,-36,34.76406383745617,-4.634443398590527
labour,263,72,33.33650692097474,5.338834498789648
libdems,8,-34,8.645024280479648,-15.524711948717785
ukip,2,0,14.819430075902938,11.17286497773893
snp,0,0,0.0,0.0
plaidcymru,0,0,0.0,0.0
green,1,0,6.817497852272615,5.676118266333066
uu,0,0,0.0,0.0
sdlp,0,0,0.0,0.0
dup,0,0,0.0,0.0
sinnfein,0,0,0.0,0.0
alliance,0,0,0.0,0.0
other,1,-2,1.6174770329138857,-2.0286623955533365
total,533,,100.00,
