code,seats,change,votepercent,votepercentchange
conservative,253,-41,36.2220136208134,-3.14983676568761
labour,255,64,33.80407966290005,5.825350337642874
libdems,21,-21,10.51574499859235,-13.637638097772903
ukip,2,0,13.273534551602122,9.601731235374167
snp,0,0,0.0,0.0
plaidcymru,0,0,0.0,0.0
green,1,0,4.598004088170011,3.4454701649740667
uu,0,0,0.0,0.0
sdlp,0,0,0.0,0.0
dup,0,0,0.0,0.0
sinnfein,0,0,0.0,0.0
alliance,0,0,0.0,0.0
other,1,-2,1.5866230779220611,-2.085076874530602
total,533,,100.00,
