code,seats,change,votepercent,votepercentchange
conservative,258,-36,36.61778787297518,-2.754062513525831
labour,248,57,33.019194390771474,5.040465065514297
libdems,22,-20,11.225260398391214,-12.92812269797404
ukip,3,1,12.965114647029376,9.293311330801423
snp,0,0,0.0,0.0
plaidcymru,0,0,0.0,0.0
green,1,0,4.47688735225637,3.3243534290604257
uu,0,0,0.0,0.0
sdlp,0,0,0.0,0.0
dup,0,0,0.0,0.0
sinnfein,0,0,0.0,0.0
alliance,0,0,0.0,0.0
other,1,-2,1.69575533857639,-1.9759446138762733
total,533,,100.00,
