code,seats,change,votepercent,votepercentchange
conservative,255,-39,36.279865405328316,-3.0919849811726934
labour,251,60,32.925353728960616,4.946624403703439
libdems,22,-20,11.323775228800883,-12.82960786756437
ukip,3,1,13.402143649315896,9.730340333087941
snp,0,0,0.0,0.0
plaidcymru,0,0,0.0,0.0
green,1,0,4.444282342523681,3.291748419327736
uu,0,0,0.0,0.0
sdlp,0,0,0.0,0.0
dup,0,0,0.0,0.0
sinnfein,0,0,0.0,0.0
alliance,0,0,0.0,0.0
other,1,-2,1.62457964507061,-2.047120307382053
total,533,,100.00,
