code,seats,change,votepercent,votepercentchange
conservative,257,-37,36.506937186787965,-2.864913199713044
labour,246,55,33.087550086439485,5.108820761182308
libdems,23,-19,9.972046645741743,-14.18133645062351
ukip,5,3,13.964197187291685,10.29239387106373
snp,0,0,0.0,0.0
plaidcymru,0,0,0.0,0.0
green,1,0,4.860849623211803,3.7083157000158584
uu,0,0,0.0,0.0
sdlp,0,0,0.0,0.0
dup,0,0,0.0,0.0
sinnfein,0,0,0.0,0.0
alliance,0,0,0.0,0.0
other,1,-2,1.608419270527321,-2.063280681925342
total,533,,100.00,
