code,seats,change,votepercent,votepercentchange
conservative,265,-29,35.45545454112744,-3.9259179353017117
labour,261,70,32.77261061776151,4.787114631194413
libdems,4,-38,8.363600487956452,-15.79562410896452
ukip,1,-1,14.745695124931745,11.081835569514606
snp,0,0,0.0,0.0
plaidcymru,0,0,0.0,0.0
green,1,0,7.094191479596828,5.92869778507932
uu,0,0,0.0,0.0
sdlp,0,0,0.0,0.0
dup,0,0,0.0,0.0
sinnfein,0,0,0.0,0.0
alliance,0,0,0.0,0.0
other,1,-2,1.5684477486260342,-2.076105941522105
total,533,,100.00,
