code,seats,change,votepercent,votepercentchange
conservative,257,-37,36.8188957344632,-2.552954652037812
labour,252,61,33.36345905862469,5.384729733367514
libdems,20,-22,10.98242341127931,-13.170959685085943
ukip,2,0,12.584701067383259,8.912897751155306
snp,0,0,0.0,0.0
plaidcymru,0,0,0.0,0.0
green,1,0,4.55905111957792,3.4065171963819756
uu,0,0,0.0,0.0
sdlp,0,0,0.0,0.0
dup,0,0,0.0,0.0
sinnfein,0,0,0.0,0.0
alliance,0,0,0.0,0.0
other,1,-2,1.6914696086716239,-1.9802303437810393
total,533,,100.00,
