code,seats,change,votepercent,votepercentchange
conservative,268,-26,36.21104146890218,-3.171846950831039
labour,244,53,30.94848275166208,2.961909493720622
libdems,18,-24,14.187146450906297,-9.973008129213742
ukip,1,-1,12.088390606863467,8.415557887987966
snp,0,0,0.0,0.0
plaidcymru,0,0,0.0,0.0
green,1,0,4.297308188529574,3.144451148497093
uu,0,0,0.0,0.0
sdlp,0,0,0.0,0.0
dup,0,0,0.0,0.0
sinnfein,0,0,0.0,0.0
alliance,0,0,0.0,0.0
other,1,-2,2.2676305331363995,-1.377063450160899
total,533,,100.00,
