code,seats,change,votepercent,votepercentchange
conservative,264,-30,36.031018857060964,-3.351869562672256
labour,244,53,30.82549409392241,2.83892083598095
libdems,22,-20,14.535131972291348,-9.625022607828692
ukip,1,-1,12.005023008150127,8.332190289274626
snp,0,0,0.0,0.0
plaidcymru,0,0,0.0,0.0
green,1,0,4.255864477808484,3.103007437776003
uu,0,0,0.0,0.0
sdlp,0,0,0.0,0.0
dup,0,0,0.0,0.0
sinnfein,0,0,0.0,0.0
alliance,0,0,0.0,0.0
other,1,-2,2.347467590766673,-1.2972263925306255
total,533,,100.00,
