code,seats,change,votepercent,votepercentchange
conservative,255,-39,36.34171042509157,-3.0301399614094393
labour,253,62,33.60967510977749,5.630945784520314
libdems,21,-21,10.563524975246748,-13.589858121118505
ukip,2,0,13.143808708559455,9.4720053923315
snp,0,0,0.0,0.0
plaidcymru,0,0,0.0,0.0
green,1,0,4.79093737041484,3.638403447218895
uu,0,0,0.0,0.0
sdlp,0,0,0.0,0.0
dup,0,0,0.0,0.0
sinnfein,0,0,0.0,0.0
alliance,0,0,0.0,0.0
other,1,-2,1.550343410909895,-2.1213565415427684
total,533,,100.00,
