code,seats,change,votepercent,votepercentchange
conservative,264,-30,37.01562313590241,-2.3562272505986
labour,243,52,32.900760025482334,4.922030700225157
libdems,21,-21,9.976014790359443,-14.17736830600581
ukip,3,1,13.34985890365135,9.678055587423398
snp,0,0,0.0,0.0
plaidcymru,0,0,0.0,0.0
green,1,0,5.08238872726337,3.9298548040674257
uu,0,0,0.0,0.0
sdlp,0,0,0.0,0.0
dup,0,0,0.0,0.0
sinnfein,0,0,0.0,0.0
alliance,0,0,0.0,0.0
other,1,-2,1.6753544173410881,-1.996345535111575
total,533,,100.00,
