code,seats,change,votepercent,votepercentchange
conservative,251,-43,35.18141631580139,-4.2144124843252655
labour,263,72,32.71981213923595,4.724043087933506
libdems,15,-27,9.461777164356219,-14.70631592924457
ukip,2,0,14.95714741144649,11.304031900102766
snp,0,0,0.0,0.0
plaidcymru,0,0,0.0,0.0
green,1,0,5.937824437392981,4.796522446070483
uu,0,0,0.0,0.0
sdlp,0,0,0.0,0.0
dup,0,0,0.0,0.0
sinnfein,0,0,0.0,0.0
alliance,0,0,0.0,0.0
other,1,-2,1.742022531766964,-1.903869020536926
total,533,,100.00,
