code,seats,change,votepercent,votepercentchange
conservative,254,-40,36.23729085415589,-3.134559532345122
labour,253,62,33.661290958330895,5.682561633073718
libdems,21,-21,10.68542357373522,-13.467959522630034
ukip,3,1,13.217160789011814,9.54535747278386
snp,0,0,0.0,0.0
plaidcymru,0,0,0.0,0.0
green,1,0,4.5810568281276565,3.428522904931712
uu,0,0,0.0,0.0
sdlp,0,0,0.0,0.0
dup,0,0,0.0,0.0
sinnfein,0,0,0.0,0.0
alliance,0,0,0.0,0.0
other,1,-2,1.6177769966385236,-2.05392295581414
total,533,,100.00,
