code,seats,change,votepercent,votepercentchange
conservative,258,-36,36.43931098731674,-2.9325393991842716
labour,252,61,33.60439998729004,5.62567066203286
libdems,19,-23,10.447201692530731,-13.706181403834522
ukip,2,0,13.207895851580354,9.536092535352399
snp,0,0,0.0,0.0
plaidcymru,0,0,0.0,0.0
green,1,0,4.801949693099171,3.649415769903227
uu,0,0,0.0,0.0
sdlp,0,0,0.0,0.0
dup,0,0,0.0,0.0
sinnfein,0,0,0.0,0.0
alliance,0,0,0.0,0.0
other,1,-2,1.499241788182968,-2.1724581642696954
total,533,,100.00,
