code,seats,change,votepercent,votepercentchange
conservative,257,-37,35.97247488913965,-3.399375497361362
labour,253,62,32.63208492472717,4.65335559946999
libdems,17,-25,11.549110709703136,-12.604272386662117
ukip,4,2,13.5135570321384,9.841753715910446
snp,0,0,0.0,0.0
plaidcymru,0,0,0.0,0.0
green,1,0,4.565420288016439,3.412886364820494
uu,0,0,0.0,0.0
sdlp,0,0,0.0,0.0
dup,0,0,0.0,0.0
sinnfein,0,0,0.0,0.0
alliance,0,0,0.0,0.0
other,1,-2,1.7673521562752093,-1.904347796177454
total,533,,100.00,
