code,seats,change,votepercent,votepercentchange
conservative,33,5,33.499236113112914,-1.1602941016180708
labour,40,2,34.22951197716987,-2.5296389672285997
libdems,0,-7,11.108846674930097,-11.071709847917605
ukip,0,0,13.156467095212015,11.362458220782013
snp,0,0,0.0,0.0
plaidcymru,0,0,0.0,0.0
green,0,0,6.260961056181719,5.063066460990531
uu,0,0,0.0,0.0
sdlp,0,0,0.0,0.0
dup,0,0,0.0,0.0
sinnfein,0,0,0.0,0.0
alliance,0,0,0.0,0.0
other,0,0,1.7449770833933873,-1.6638817650082594
total,73,,100.0,
