code,seats,change,votepercent,votepercentchange
conservative,2,0,20.697819468038833,-2.9354380304838124
labour,27,2,47.481760510787765,4.101654007241272
libdems,0,-2,7.657056569088477,-15.81892321499157
ukip,0,0,14.828520077799936,12.117718555746738
snp,0,0,0.0,0.0
plaidcymru,0,0,0.0,0.0
green,0,0,6.8916135279973085,6.1751168618830805
uu,0,0,0.0,0.0
sdlp,0,0,0.0,0.0
dup,0,0,0.0,0.0
sinnfein,0,0,0.0,0.0
alliance,0,0,0.0,0.0
other,0,0,2.443229846287679,-3.6401281793957128
total,29,,100.0,
