code,seats,change,votepercent,votepercentchange
conservative,17,-5,26.92953306194235,-4.846059522130439
labour,58,11,40.10702097048698,0.6482999634244209
libdems,0,-6,10.65477810646463,-10.995830996057432
ukip,0,0,14.140287802062053,11.37317224143812
snp,0,0,0.0,0.0
plaidcymru,0,0,0.0,0.0
green,0,0,6.455416403700569,5.6245995847378785
uu,0,0,0.0,0.0
sdlp,0,0,0.0,0.0
dup,0,0,0.0,0.0
sinnfein,0,0,0.0,0.0
alliance,0,0,0.0,0.0
other,0,0,1.7129636553434213,-1.8041812714125511
total,75,,100.0,
