code,seats,change,votepercent,votepercentchange
conservative,4,2,26.26238448346062,2.629126984937976
labour,25,0,39.871024524258985,-3.509081979287508
libdems,0,-2,11.15621414206221,-12.319765642017837
ukip,0,0,13.594903494593805,10.884101972540606
snp,0,0,0.0,0.0
plaidcymru,0,0,0.0,0.0
green,0,0,6.2758742653621065,5.559377599247878
uu,0,0,0.0,0.0
sdlp,0,0,0.0,0.0
dup,0,0,0.0,0.0
sinnfein,0,0,0.0,0.0
alliance,0,0,0.0,0.0
other,0,0,2.8395990902622694,-3.2437589354211225
total,29,,100.0,
