code,seats,change,votepercent,votepercentchange
conservative,2,0,20.772305780762853,-2.860951717759793
labour,27,2,47.487868350366476,4.107761846819983
libdems,0,-2,7.641154297841539,-15.834825486238508
ukip,0,0,14.840374326942726,12.129572804889527
snp,0,0,0.0,0.0
plaidcymru,0,0,0.0,0.0
green,0,0,6.701397694063308,5.98490102794908
uu,0,0,0.0,0.0
sdlp,0,0,0.0,0.0
dup,0,0,0.0,0.0
sinnfein,0,0,0.0,0.0
alliance,0,0,0.0,0.0
other,0,0,2.556899550023102,-3.5264584756602897
total,29,,100.0,
