code,seats,change,votepercent,votepercentchange
conservative,17,-5,28.297122606608475,-3.4784699774643144
labour,58,11,42.43728617646097,2.978565169398415
libdems,0,-6,6.554940821472285,-15.095668281049775
ukip,0,0,14.82226946947019,12.055153908846258
snp,0,0,0.0,0.0
plaidcymru,0,0,0.0,0.0
green,0,0,6.88434191611684,6.05352509715415
uu,0,0,0.0,0.0
sdlp,0,0,0.0,0.0
dup,0,0,0.0,0.0
sinnfein,0,0,0.0,0.0
alliance,0,0,0.0,0.0
other,0,0,1.0040390098712357,-2.5131059168847365
total,75,,100.0,
