code,seats,change,votepercent,votepercentchange
conservative,39,3,36.16492519871604,-7.124115645022172
labour,15,11,21.732576564908904,6.171824898700896
libdems,1,-14,18.114661709218808,-16.98474580051782
ukip,0,0,16.489089111840624,12.928242676350257
snp,0,0,0.0,0.0
plaidcymru,0,0,0.0,0.0
green,0,0,6.780789460706007,5.76522725105084
uu,0,0,0.0,0.0
sdlp,0,0,0.0,0.0
dup,0,0,0.0,0.0
sinnfein,0,0,0.0,0.0
alliance,0,0,0.0,0.0
other,0,0,0.7179579546096189,-0.7564333805619956
total,55,,100.0,
