code,seats,change,votepercent,votepercentchange
conservative,62,-11,38.453563695200785,-11.44703456304191
labour,20,16,24.207357607836745,7.768735340614729
libdems,0,-3,12.877284642934924,-13.76612511160721
ukip,1,0,15.81886825154476,12.396780881298858
snp,0,0,0.0,0.0
plaidcymru,0,0,0.0,0.0
green,0,-1,6.550398690075337,5.386597601583623
uu,0,0,0.0,0.0
sdlp,0,0,0.0,0.0
dup,0,0,0.0,0.0
sinnfein,0,0,0.0,0.0
alliance,0,0,0.0,0.0
other,1,-1,2.092527112407454,-0.3389541488480874
total,84,,100.0,
