code,seats,change,votepercent,votepercentchange
conservative,69,-4,44.11677675204845,-5.7838215061942435
labour,12,8,21.850047590888376,5.411425323666361
libdems,0,-3,9.162186681704984,-17.48122307283715
ukip,1,0,16.488605361674495,13.066517991428592
snp,0,0,0.0,0.0
plaidcymru,0,0,0.0,0.0
green,1,0,6.989612690531945,5.825811602040231
uu,0,0,0.0,0.0
sdlp,0,0,0.0,0.0
dup,0,0,0.0,0.0
sinnfein,0,0,0.0,0.0
alliance,0,0,0.0,0.0
other,1,-1,1.3927709231517478,-1.0387103381037937
total,84,,100.0,
