code,seats,change,votepercent,votepercentchange
conservative,38,2,36.87334693960694,-6.415693904131274
labour,15,11,22.45217404356128,6.891422377353271
libdems,2,-13,16.55413675627247,-18.54527075346416
ukip,0,0,16.77299024844017,13.212143812949803
snp,0,0,0.0,0.0
plaidcymru,0,0,0.0,0.0
green,0,0,6.908465706222422,5.892903496567255
uu,0,0,0.0,0.0
sdlp,0,0,0.0,0.0
dup,0,0,0.0,0.0
sinnfein,0,0,0.0,0.0
alliance,0,0,0.0,0.0
other,0,0,0.438886305896715,-1.0355050292748995
total,55,,100.0,
