code,seats,change,votepercent,votepercentchange
conservative,27,-6,35.01741555869493,-4.707824296174614
labour,32,8,33.42552493817728,2.678862512599256
libdems,0,-2,6.261021118393344,-14.295576108056437
ukip,0,0,16.82883510672229,13.499479062257825
snp,0,0,0.0,0.0
plaidcymru,0,0,0.0,0.0
green,0,0,6.114564047736201,5.32084380130663
uu,0,0,0.0,0.0
sdlp,0,0,0.0,0.0
dup,0,0,0.0,0.0
sinnfein,0,0,0.0,0.0
alliance,0,0,0.0,0.0
other,0,0,2.352639230275952,-2.495784971932661
total,59,,100.0,
