code,seats,change,votepercent,votepercentchange
conservative,27,-6,34.80177657608456,-4.923463278784979
labour,32,8,33.55428621735974,2.8076237917817117
libdems,0,-2,6.232602245266281,-14.3239949811835
ukip,0,0,16.98416286723205,13.654806822767585
snp,0,0,0.0,0.0
plaidcymru,0,0,0.0,0.0
green,0,0,6.083348068499498,5.289627822069926
uu,0,0,0.0,0.0
sdlp,0,0,0.0,0.0
dup,0,0,0.0,0.0
sinnfein,0,0,0.0,0.0
alliance,0,0,0.0,0.0
other,0,0,2.3438240255578657,-2.5046001766507473
total,59,,100.0,
