code,seats,change,votepercent,votepercentchange
conservative,27,-6,33.116268776863876,-6.608971078005666
labour,32,8,32.5809963433942,1.8343339178161706
libdems,0,-2,10.09461578905157,-10.461981437398212
ukip,0,0,15.90259645745891,12.573240412994444
snp,0,0,0.0,0.0
plaidcymru,0,0,0.0,0.0
green,0,0,5.8852119851121785,5.091491738682607
uu,0,0,0.0,0.0
sdlp,0,0,0.0,0.0
dup,0,0,0.0,0.0
sinnfein,0,0,0.0,0.0
alliance,0,0,0.0,0.0
other,0,0,2.420310648119269,-2.428113554089344
total,59,,100.0,
