code,seats,change,votepercent,votepercentchange
conservative,27,-6,33.53838325658572,-6.186856598283825
labour,32,8,31.9532441409689,1.2065817153908718
libdems,0,-2,10.013064005419585,-10.543533221030197
ukip,0,0,16.185452174250404,12.856096129785938
snp,0,0,0.0,0.0
plaidcymru,0,0,0.0,0.0
green,0,0,5.879996180028113,5.086275933598541
uu,0,0,0.0,0.0
sdlp,0,0,0.0,0.0
dup,0,0,0.0,0.0
sinnfein,0,0,0.0,0.0
alliance,0,0,0.0,0.0
other,0,0,2.429860242747276,-2.418563959461337
total,59,,100.0,
