code,seats,change,votepercent,votepercentchange
conservative,16,-3,30.031981135670886,-2.6388480469319013
labour,37,6,38.07936413977313,3.9002121996710173
libdems,1,-2,7.118924577551416,-15.696674643207073
ukip,0,0,14.79678923669365,12.010930543068636
snp,0,0,0.0,0.0
plaidcymru,0,0,0.0,0.0
green,0,0,6.799640293311775,5.7778679282658265
uu,0,0,0.0,0.0
sdlp,0,0,0.0,0.0
dup,0,0,0.0,0.0
sinnfein,0,0,0.0,0.0
alliance,0,0,0.0,0.0
other,0,-1,3.1733006169991413,-3.3534879808665043
total,54,,100.0,
