code,seats,change,votepercent,votepercentchange
conservative,11,-8,26.75735379418381,-5.913475388418977
labour,42,11,39.499157515071026,5.32000557496891
libdems,1,-2,10.991406410348976,-11.824192810409514
ukip,0,0,13.565345921796956,10.779487228171941
snp,0,0,0.0,0.0
plaidcymru,0,0,0.0,0.0
green,0,0,6.1415001504871976,5.119727785441249
uu,0,0,0.0,0.0
sdlp,0,0,0.0,0.0
dup,0,0,0.0,0.0
sinnfein,0,0,0.0,0.0
alliance,0,0,0.0,0.0
other,0,-1,3.0452362081120308,-3.481552389753615
total,54,,100.0,
