code,seats,change,votepercent,votepercentchange
conservative,257,-37,35.13693552129911,-4.234914865201901
labour,256,65,33.51906137091784,5.540332045660662
libdems,11,-31,8.595968396927898,-15.557414699437356
ukip,7,5,15.435773471185325,11.76397015495737
snp,0,0,0.0,0.0
plaidcymru,0,0,0.0,0.0
green,1,0,5.922246474269403,4.769712551073458
uu,0,0,0.0,0.0
sdlp,0,0,0.0,0.0
dup,0,0,0.0,0.0
sinnfein,0,0,0.0,0.0
alliance,0,0,0.0,0.0
other,1,-2,1.3900147654004311,-2.281685187052232
total,533,,100.00,
