code,seats,change,votepercent,votepercentchange
conservative,246,-48,34.17920479217085,-5.20368362756237
labour,265,74,33.00509267961079,5.018519421669332
libdems,16,-26,9.519524784604133,-14.640629795515906
ukip,4,2,15.30569274973392,11.632860030858419
snp,0,0,0.0,0.0
plaidcymru,0,0,0.0,0.0
green,1,0,6.258943515869851,5.10608647583737
uu,0,0,0.0,0.0
sdlp,0,0,0.0,0.0
dup,0,0,0.0,0.0
sinnfein,0,0,0.0,0.0
alliance,0,0,0.0,0.0
other,1,-2,1.7315414780104572,-1.9131525052868412
total,533,,100.00,
