code,seats,change,votepercent,votepercentchange
conservative,247,-47,34.37517495696936,-5.00771346276386
labour,265,74,32.85629894214096,4.869725684199501
libdems,15,-27,9.47588779111865,-14.68426678900139
ukip,4,2,15.139409611946807,11.466576893071306
snp,0,0,0.0,0.0
plaidcymru,0,0,0.0,0.0
green,1,0,6.382200215180503,5.2293431751480215
uu,0,0,0.0,0.0
sdlp,0,0,0.0,0.0
dup,0,0,0.0,0.0
sinnfein,0,0,0.0,0.0
alliance,0,0,0.0,0.0
other,1,-2,1.7710284826437228,-1.8736655006535756
total,533,,100.00,
