code,seats,change,votepercent,votepercentchange
conservative,255,-39,35.62618281223933,-3.745667574261681
labour,259,68,33.68880844263554,5.710079117378363
libdems,11,-31,8.720356275395826,-15.433026820969427
ukip,6,4,15.096279810006937,11.424476493778982
snp,0,0,0.0,0.0
plaidcymru,0,0,0.0,0.0
green,1,0,5.371706903157442,4.219172979961497
uu,0,0,0.0,0.0
sdlp,0,0,0.0,0.0
dup,0,0,0.0,0.0
sinnfein,0,0,0.0,0.0
alliance,0,0,0.0,0.0
other,1,-2,1.496665756564926,-2.1750341958877373
total,533,,100.00,
