code,seats,change,votepercent,votepercentchange
conservative,257,-37,35.34188330927727,-4.029967077223738
labour,256,65,33.277749873416695,5.299020548159518
libdems,11,-31,8.649506335832147,-15.503876760533107
ukip,7,5,15.340910176362017,11.669106860134065
snp,0,0,0.0,0.0
plaidcymru,0,0,0.0,0.0
green,1,0,5.9473899237934775,4.794856000597533
uu,0,0,0.0,0.0
sdlp,0,0,0.0,0.0
dup,0,0,0.0,0.0
sinnfein,0,0,0.0,0.0
alliance,0,0,0.0,0.0
other,1,-2,1.44256038131839,-2.229139571134273
total,533,,100.00,
