code,seats,change,votepercent,votepercentchange
conservative,254,-40,35.26543971796032,-4.10641066854069
labour,259,68,33.274130607879236,5.295401282622059
libdems,11,-31,8.541925958814163,-15.61145713755109
ukip,7,5,15.744045700995164,12.072242384767211
snp,0,0,0.0,0.0
plaidcymru,0,0,0.0,0.0
green,1,0,5.782669582473997,4.630135659278053
uu,0,0,0.0,0.0
sdlp,0,0,0.0,0.0
dup,0,0,0.0,0.0
sinnfein,0,0,0.0,0.0
alliance,0,0,0.0,0.0
other,1,-2,1.3917884318771179,-2.2799115205755456
total,533,,100.00,
