code,seats,change,votepercent,votepercentchange
conservative,256,-38,35.195863036074336,-4.175987350426674
labour,257,66,33.2296807675639,5.250951442306722
libdems,11,-31,8.651289313781495,-15.502093782583758
ukip,7,5,15.539428444172882,11.86762512794493
snp,0,0,0.0,0.0
plaidcymru,0,0,0.0,0.0
green,1,0,5.967141676596821,4.814607753400876
uu,0,0,0.0,0.0
sdlp,0,0,0.0,0.0
dup,0,0,0.0,0.0
sinnfein,0,0,0.0,0.0
alliance,0,0,0.0,0.0
other,1,-2,1.4165967618105677,-2.2551031906420955
total,533,,100.00,
