code,seats,change,votepercent,votepercentchange
conservative,255,-39,36.339356647383,-3.03249373911801
labour,255,64,33.96013726604554,5.981407940788365
libdems,17,-25,9.204964885996892,-14.948418210368361
ukip,4,2,14.130126399026807,10.458323082798852
snp,0,0,0.0,0.0
plaidcymru,0,0,0.0,0.0
green,1,0,4.967100493587141,3.8145665703911966
uu,0,0,0.0,0.0
sdlp,0,0,0.0,0.0
dup,0,0,0.0,0.0
sinnfein,0,0,0.0,0.0
alliance,0,0,0.0,0.0
other,1,-2,1.3983143079606204,-2.273385644492043
total,533,,100.00,
