code,seats,change,votepercent,votepercentchange
conservative,262,-32,35.95734317609613,-3.414507210404878
labour,253,62,33.32734743393421,5.34861810867703
libdems,11,-31,8.569900145295167,-15.583482951070087
ukip,5,3,14.891668801563808,11.219865485335855
snp,0,0,0.0,0.0
plaidcymru,0,0,0.0,0.0
green,1,0,5.786854598435887,4.634320675239942
uu,0,0,0.0,0.0
sdlp,0,0,0.0,0.0
dup,0,0,0.0,0.0
sinnfein,0,0,0.0,0.0
alliance,0,0,0.0,0.0
other,1,-2,1.4668858446747999,-2.2048141077778634
total,533,,100.00,
