code,seats,change,votepercent,votepercentchange
conservative,251,-43,34.69759919255194,-4.685289227181279
labour,261,70,33.09693743322405,5.110364175282591
libdems,16,-26,9.248957589483089,-14.91119699063695
ukip,3,1,15.285909067587438,11.613076348711937
snp,0,0,0.0,0.0
plaidcymru,0,0,0.0,0.0
green,1,0,6.031742739462792,4.8788856994303105
uu,0,0,0.0,0.0
sdlp,0,0,0.0,0.0
dup,0,0,0.0,0.0
sinnfein,0,0,0.0,0.0
alliance,0,0,0.0,0.0
other,1,-2,1.6388539776906916,-2.005840005606607
total,533,,100.00,
