code,seats,change,votepercent,votepercentchange
conservative,264,-30,36.80753764095181,-2.564312745549202
labour,246,55,33.02171078137666,5.042981456119485
libdems,18,-24,9.670717892399885,-14.482665203965368
ukip,3,1,13.965165062509572,10.293361746281619
snp,0,0,0.0,0.0
plaidcymru,0,0,0.0,0.0
green,1,0,5.017865669998494,3.865331746802549
uu,0,0,0.0,0.0
sdlp,0,0,0.0,0.0
dup,0,0,0.0,0.0
sinnfein,0,0,0.0,0.0
alliance,0,0,0.0,0.0
other,1,-2,1.5170029527635802,-2.154696999689083
total,533,,100.00,
