code,seats,change,votepercent,votepercentchange
conservative,264,-30,36.74694107275443,-2.6249093137465778
labour,244,53,33.82170226987303,5.842972944615852
libdems,21,-21,9.76712401187905,-14.386259084486204
ukip,2,0,13.523492439604716,9.851689123376762
snp,0,0,0.0,0.0
plaidcymru,0,0,0.0,0.0
green,1,0,4.608613730773856,3.456079807577911
uu,0,0,0.0,0.0
sdlp,0,0,0.0,0.0
dup,0,0,0.0,0.0
sinnfein,0,0,0.0,0.0
alliance,0,0,0.0,0.0
other,1,-2,1.5321264751149237,-2.1395734773377395
total,533,,100.00,
