code,seats,change,votepercent,votepercentchange
conservative,257,-37,36.52711328769545,-2.8447370988055596
labour,256,65,33.7732957939594,5.794566468702222
libdems,14,-28,9.093690326988511,-15.059692769376742
ukip,4,2,13.990985591027979,10.319182274800024
snp,0,0,0.0,0.0
plaidcymru,0,0,0.0,0.0
green,1,0,5.146235209748406,3.9937012865524615
uu,0,0,0.0,0.0
sdlp,0,0,0.0,0.0
dup,0,0,0.0,0.0
sinnfein,0,0,0.0,0.0
alliance,0,0,0.0,0.0
other,1,-2,1.46867979058026,-2.203020161872403
total,533,,100.00,
