code,seats,change,votepercent,votepercentchange
conservative,248,-46,35.39132389588401,-3.9805264906170024
labour,257,66,34.07304690890096,6.094317583643786
libdems,20,-22,9.585038294818364,-14.568344801546889
ukip,6,4,14.79550871876438,11.123705402536427
snp,0,0,0.0,0.0
plaidcymru,0,0,0.0,0.0
green,1,0,4.642627310786995,3.4900933875910507
uu,0,0,0.0,0.0
sdlp,0,0,0.0,0.0
dup,0,0,0.0,0.0
sinnfein,0,0,0.0,0.0
alliance,0,0,0.0,0.0
other,1,-2,1.5124548708452932,-2.15924508160737
total,533,,100.00,
