code,seats,change,votepercent,votepercentchange
conservative,251,-43,35.75361924330736,-3.618231143193647
labour,255,64,33.65333878952539,5.674609464268215
libdems,18,-24,9.557858183660384,-14.59552491270487
ukip,7,5,14.786328558463506,11.114525242235551
snp,0,0,0.0,0.0
plaidcymru,0,0,0.0,0.0
green,1,0,4.805360771075965,3.6528268478800205
uu,0,0,0.0,0.0
sdlp,0,0,0.0,0.0
dup,0,0,0.0,0.0
sinnfein,0,0,0.0,0.0
alliance,0,0,0.0,0.0
other,1,-2,1.4434944539673953,-2.228205498485268
total,533,,100.00,
