code,seats,change,votepercent,votepercentchange
conservative,256,-38,36.28567069755749,-3.086179688943517
labour,251,60,33.8667892125472,5.888059887290019
libdems,19,-23,9.177369450058986,-14.976013646306267
ukip,5,3,14.15212321303665,10.480319896808695
snp,0,0,0.0,0.0
plaidcymru,0,0,0.0,0.0
green,1,0,5.079388731853262,3.9268548086573176
uu,0,0,0.0,0.0
sdlp,0,0,0.0,0.0
dup,0,0,0.0,0.0
sinnfein,0,0,0.0,0.0
alliance,0,0,0.0,0.0
other,1,-2,1.4386586949464133,-2.23304125750625
total,533,,100.00,
