code,seats,change,votepercent,votepercentchange
conservative,255,-39,36.0980569741633,-3.27379341233771
labour,255,64,33.71568748618376,5.736958160926584
libdems,15,-27,9.16989516619836,-14.983487930166893
ukip,6,4,14.10148164638466,10.429678330156705
snp,0,0,0.0,0.0
plaidcymru,0,0,0.0,0.0
green,1,0,5.508462846945925,4.35592892374998
uu,0,0,0.0,0.0
sdlp,0,0,0.0,0.0
dup,0,0,0.0,0.0
sinnfein,0,0,0.0,0.0
alliance,0,0,0.0,0.0
other,1,-2,1.4064158801239963,-2.265284072328667
total,533,,100.00,
