code,seats,change,votepercent,votepercentchange
conservative,264,-30,36.66833546797206,-2.7035149185289526
labour,243,52,33.756796375583455,5.778067050326278
libdems,22,-20,9.934894916006765,-14.218488180358488
ukip,2,0,13.27980121289794,9.607997896669985
snp,0,0,0.0,0.0
plaidcymru,0,0,0.0,0.0
green,1,0,4.848075076486943,3.695541153290998
uu,0,0,0.0,0.0
sdlp,0,0,0.0,0.0
dup,0,0,0.0,0.0
sinnfein,0,0,0.0,0.0
alliance,0,0,0.0,0.0
other,1,-2,1.51209695105284,-2.159603001399823
total,533,,100.00,
