code,seats,change,votepercent,votepercentchange
conservative,252,-42,35.338905468804,-4.032944917697009
labour,259,68,33.667358397871155,5.688629072613978
libdems,13,-29,8.999943195049603,-15.15343990131565
ukip,7,5,15.217102711264804,11.54529939503685
snp,0,0,0.0,0.0
plaidcymru,0,0,0.0,0.0
green,1,0,5.331727459594896,4.179193536398952
uu,0,0,0.0,0.0
sdlp,0,0,0.0,0.0
dup,0,0,0.0,0.0
sinnfein,0,0,0.0,0.0
alliance,0,0,0.0,0.0
other,1,-2,1.444962767415542,-2.226737185037121
total,533,,100.00,
