code,seats,change,votepercent,votepercentchange
conservative,264,-30,36.97003925741985,-2.4018111290811603
labour,245,54,33.01576612789407,5.037036802636891
libdems,19,-23,9.662954316951616,-14.490428779413637
ukip,3,1,13.5371195723962,9.865316256168246
snp,0,0,0.0,0.0
plaidcymru,0,0,0.0,0.0
green,1,0,5.177127800344682,4.024593877148737
uu,0,0,0.0,0.0
sdlp,0,0,0.0,0.0
dup,0,0,0.0,0.0
sinnfein,0,0,0.0,0.0
alliance,0,0,0.0,0.0
other,1,-2,1.6369929249935788,-2.0347070274590844
total,533,,100.00,
