code,seats,change,votepercent,votepercentchange
conservative,245,-49,34.0868098131883,-5.296078606544917
labour,266,75,32.9418421949038,4.955268936962341
libdems,16,-26,9.619708562416204,-14.540446017703836
ukip,4,2,15.632551771503802,11.959719052628301
snp,0,0,0.0,0.0
plaidcymru,0,0,0.0,0.0
green,1,0,6.0060983585568,4.853241318524319
uu,0,0,0.0,0.0
sdlp,0,0,0.0,0.0
dup,0,0,0.0,0.0
sinnfein,0,0,0.0,0.0
alliance,0,0,0.0,0.0
other,1,-2,1.7129892994310894,-1.931704683866209
total,533,,100.00,
