code,seats,change,votepercent,votepercentchange
conservative,258,-36,36.47189028214828,-2.899960104352729
labour,246,55,33.19748508413983,5.218755758882651
libdems,20,-22,9.267939189389395,-14.885443906975858
ukip,7,5,14.590809197695306,10.919005881467353
snp,0,0,0.0,0.0
plaidcymru,0,0,0.0,0.0
green,1,0,4.95947867084239,3.8069447476464457
uu,0,0,0.0,0.0
sdlp,0,0,0.0,0.0
dup,0,0,0.0,0.0
sinnfein,0,0,0.0,0.0
alliance,0,0,0.0,0.0
other,1,-2,1.512397575784796,-2.159302376667867
total,533,,100.00,
