code,seats,change,votepercent,votepercentchange
conservative,256,-38,35.77391900486036,-3.597931381640649
labour,255,64,33.69601340302039,5.71728407776321
libdems,13,-29,9.06450913137686,-15.088873964988393
ukip,7,5,14.722600489123536,11.050797172895582
snp,0,0,0.0,0.0
plaidcymru,0,0,0.0,0.0
green,1,0,5.331156470562917,4.178622547366972
uu,0,0,0.0,0.0
sdlp,0,0,0.0,0.0
dup,0,0,0.0,0.0
sinnfein,0,0,0.0,0.0
alliance,0,0,0.0,0.0
other,1,-2,1.4118015010559417,-2.2598984513967215
total,533,,100.00,
