code,seats,change,votepercent,votepercentchange
conservative,262,-32,36.2944918044496,-3.07735858205141
labour,247,56,33.403344717460946,5.424615392203769
libdems,19,-23,9.404053824448534,-14.74932927191672
ukip,3,1,14.201442526660324,10.529639210432371
snp,0,0,0.0,0.0
plaidcymru,0,0,0.0,0.0
green,1,0,5.162340196533516,4.0098062733375714
uu,0,0,0.0,0.0
sdlp,0,0,0.0,0.0
dup,0,0,0.0,0.0
sinnfein,0,0,0.0,0.0
alliance,0,0,0.0,0.0
other,1,-2,1.5343269304470843,-2.137373022005579
total,533,,100.00,
