code,seats,change,votepercent,votepercentchange
conservative,255,-39,36.20858115331093,-3.1632692331900785
labour,256,65,34.22456319529803,6.245833870040855
libdems,17,-25,9.208292683858728,-14.945090412506525
ukip,3,1,13.788122442825912,10.116319126597958
snp,0,0,0.0,0.0
plaidcymru,0,0,0.0,0.0
green,1,0,5.190181059709434,4.037647136513489
uu,0,0,0.0,0.0
sdlp,0,0,0.0,0.0
dup,0,0,0.0,0.0
sinnfein,0,0,0.0,0.0
alliance,0,0,0.0,0.0
other,1,-2,1.380259464996967,-2.291440487455696
total,533,,100.00,
