code,seats,change,votepercent,votepercentchange
conservative,264,-30,36.46998057789723,-2.9018698086037773
labour,243,52,33.1523161333204,5.17358680806322
libdems,21,-21,9.915608047181955,-14.237775049183298
ukip,3,1,13.998939846999868,10.327136530771913
snp,0,0,0.0,0.0
plaidcymru,0,0,0.0,0.0
green,1,0,4.923906185036778,3.771372261840833
uu,0,0,0.0,0.0
sdlp,0,0,0.0,0.0
dup,0,0,0.0,0.0
sinnfein,0,0,0.0,0.0
alliance,0,0,0.0,0.0
other,1,-2,1.5392492095637715,-2.1324507428888917
total,533,,100.00,
