code,seats,change,votepercent,votepercentchange
conservative,253,-41,35.8958296075791,-3.4760207789219066
labour,256,65,33.60061294773332,5.62188362247614
libdems,17,-25,9.713258156628777,-14.440124939736476
ukip,5,3,14.48470318862962,10.812899872401665
snp,0,0,0.0,0.0
plaidcymru,0,0,0.0,0.0
green,1,0,4.884930190135985,3.7323962669400403
uu,0,0,0.0,0.0
sdlp,0,0,0.0,0.0
dup,0,0,0.0,0.0
sinnfein,0,0,0.0,0.0
alliance,0,0,0.0,0.0
other,1,-2,1.4206659092932017,-2.2510340431594615
total,533,,100.00,
