code,seats,change,votepercent,votepercentchange
conservative,252,-42,34.71321922491539,-4.669669194817828
labour,261,70,33.859994867670984,5.873421609729526
libdems,15,-27,9.135358510960236,-15.024796069159803
ukip,3,1,14.911513329824968,11.238680610949467
snp,0,0,0.0,0.0
plaidcymru,0,0,0.0,0.0
green,1,0,5.87830625656795,4.725449216535469
uu,0,0,0.0,0.0
sdlp,0,0,0.0,0.0
dup,0,0,0.0,0.0
sinnfein,0,0,0.0,0.0
alliance,0,0,0.0,0.0
other,1,-2,1.5016078100604722,-2.143086173236826
total,533,,100.00,
