code,seats,change,votepercent,votepercentchange
conservative,255,-39,36.23250701310173,-3.139343373399278
labour,255,64,33.70440626148187,5.725676936224694
libdems,16,-26,9.537592221429993,-14.61579087493526
ukip,5,3,14.208143307439284,10.536339991211332
snp,0,0,0.0,0.0
plaidcymru,0,0,0.0,0.0
green,1,0,4.896831612573616,3.744297689377672
uu,0,0,0.0,0.0
sdlp,0,0,0.0,0.0
dup,0,0,0.0,0.0
sinnfein,0,0,0.0,0.0
alliance,0,0,0.0,0.0
other,1,-2,1.4205195839735107,-2.2511803684791527
total,533,,100.00,
