code,seats,change,votepercent,votepercentchange
conservative,255,-39,36.002751124199,-3.369099262302008
labour,253,62,33.95407902585158,5.9753497005944
libdems,18,-24,9.638069501793646,-14.515313594571607
ukip,5,3,14.1009696578261,10.429166341598147
snp,0,0,0.0,0.0
plaidcymru,0,0,0.0,0.0
green,1,0,4.93071681008077,3.7781828868848253
uu,0,0,0.0,0.0
sdlp,0,0,0.0,0.0
dup,0,0,0.0,0.0
sinnfein,0,0,0.0,0.0
alliance,0,0,0.0,0.0
other,1,-2,1.3734138802489018,-2.2982860722037612
total,533,,100.00,
