code,seats,change,votepercent,votepercentchange
conservative,260,-34,35.75969798597536,-3.612152400525652
labour,254,63,33.39550565827938,5.416776333022206
libdems,11,-31,8.5668954202753,-15.586487676089954
ukip,6,4,15.126698205086019,11.454894888858064
snp,0,0,0.0,0.0
plaidcymru,0,0,0.0,0.0
green,1,0,5.747845736738152,4.5953118135422075
uu,0,0,0.0,0.0
sdlp,0,0,0.0,0.0
dup,0,0,0.0,0.0
sinnfein,0,0,0.0,0.0
alliance,0,0,0.0,0.0
other,1,-2,1.4033569936457908,-2.2683429588068726
total,533,,100.00,
