code,seats,change,votepercent,votepercentchange
conservative,261,-33,36.66097681437826,-2.7108735721227504
labour,244,53,32.76720589654902,4.788476571291845
libdems,22,-20,9.491128992390086,-14.662254103975167
ukip,4,2,14.400776758017765,10.728973441789812
snp,0,0,0.0,0.0
plaidcymru,0,0,0.0,0.0
green,1,0,5.19650302941553,4.043969106219586
uu,0,0,0.0,0.0
sdlp,0,0,0.0,0.0
dup,0,0,0.0,0.0
sinnfein,0,0,0.0,0.0
alliance,0,0,0.0,0.0
other,1,-2,1.4834085092493434,-2.18829144320332
total,533,,100.00,
