code,seats,change,votepercent,votepercentchange
conservative,257,-37,35.24726070972611,-4.124589676774896
labour,256,65,33.353857720575824,5.375128395318647
libdems,11,-31,8.749057766487654,-15.404325329877599
ukip,7,5,15.315876596670098,11.644073280442143
snp,0,0,0.0,0.0
plaidcymru,0,0,0.0,0.0
green,1,0,5.859899048553711,4.707365125357766
uu,0,0,0.0,0.0
sdlp,0,0,0.0,0.0
dup,0,0,0.0,0.0
sinnfein,0,0,0.0,0.0
alliance,0,0,0.0,0.0
other,1,-2,1.474048157986604,-2.197651794466059
total,533,,100.00,
