code,seats,change,votepercent,votepercentchange
conservative,266,-28,37.00435948016853,-2.3674909063324776
labour,244,53,32.94575467367176,4.96702534841458
libdems,18,-24,9.718607148094017,-14.434775948271236
ukip,3,1,13.56906867784632,9.897265361618366
snp,0,0,0.0,0.0
plaidcymru,0,0,0.0,0.0
green,1,0,5.179058697402126,4.026524774206181
uu,0,0,0.0,0.0
sdlp,0,0,0.0,0.0
dup,0,0,0.0,0.0
sinnfein,0,0,0.0,0.0
alliance,0,0,0.0,0.0
other,1,-2,1.5831513228172511,-2.088548629635412
total,533,,100.00,
