code,seats,change,votepercent,votepercentchange
conservative,254,-40,36.0860751976459,-3.285775188855112
labour,254,63,33.83813360861727,5.859404283360092
libdems,18,-24,9.272719092411391,-14.880664003953862
ukip,5,3,14.47446570752392,10.802662391295968
snp,0,0,0.0,0.0
plaidcymru,0,0,0.0,0.0
green,1,0,4.879646322837782,3.727112399641838
uu,0,0,0.0,0.0
sdlp,0,0,0.0,0.0
dup,0,0,0.0,0.0
sinnfein,0,0,0.0,0.0
alliance,0,0,0.0,0.0
other,1,-2,1.448960070963744,-2.222739881488919
total,533,,100.00,
