code,seats,change,votepercent,votepercentchange
conservative,250,-44,35.91981539514564,-3.4520349913553687
labour,256,65,34.41431207716213,6.435582751904953
libdems,19,-23,9.17077489039311,-14.982608205972143
ukip,6,4,14.104132754741354,10.432329438513399
snp,0,0,0.0,0.0
plaidcymru,0,0,0.0,0.0
green,1,0,4.970587149374036,3.8180532261780913
uu,0,0,0.0,0.0
sdlp,0,0,0.0,0.0
dup,0,0,0.0,0.0
sinnfein,0,0,0.0,0.0
alliance,0,0,0.0,0.0
other,1,-2,1.42037773318373,-2.2513222192689333
total,533,,100.00,
