code,seats,change,votepercent,votepercentchange
conservative,266,-28,36.83304659238849,-2.5388037941125177
labour,244,53,32.816631712966284,4.837902387709107
libdems,18,-24,9.71079061901735,-14.442592477347903
ukip,3,1,14.255327892117203,10.58352457588925
snp,0,0,0.0,0.0
plaidcymru,0,0,0.0,0.0
green,1,0,4.9404058642369995,3.787871941041055
uu,0,0,0.0,0.0
sdlp,0,0,0.0,0.0
dup,0,0,0.0,0.0
sinnfein,0,0,0.0,0.0
alliance,0,0,0.0,0.0
other,1,-2,1.44379731927367,-2.227902633178993
total,533,,100.00,
