code,seats,change,votepercent,votepercentchange
conservative,251,-43,34.511415836302696,-4.871472583430524
labour,261,70,32.97466189385912,4.988088635917663
libdems,16,-26,9.269246433240749,-14.89090814687929
ukip,3,1,15.542960141359607,11.870127422484106
snp,0,0,0.0,0.0
plaidcymru,0,0,0.0,0.0
green,1,0,6.07591022158435,4.923053181551869
uu,0,0,0.0,0.0
sdlp,0,0,0.0,0.0
dup,0,0,0.0,0.0
sinnfein,0,0,0.0,0.0
alliance,0,0,0.0,0.0
other,1,-2,1.6258054736534802,-2.0188885096438183
total,533,,100.00,
