code,seats,change,votepercent,votepercentchange
conservative,253,-41,35.93458731876352,-3.43726306773749
labour,249,58,33.26652671403795,5.287797388780774
libdems,23,-19,9.503209754863269,-14.650173341501985
ukip,6,4,14.832925295199784,11.161121978971831
snp,0,0,0.0,0.0
plaidcymru,0,0,0.0,0.0
green,1,0,4.933909128780265,3.781375205584321
uu,0,0,0.0,0.0
sdlp,0,0,0.0,0.0
dup,0,0,0.0,0.0
sinnfein,0,0,0.0,0.0
alliance,0,0,0.0,0.0
other,1,-2,1.528841788355211,-2.1428581640974524
total,533,,100.00,
