code,seats,change,votepercent,votepercentchange
conservative,258,-36,34.93993715754074,-4.44295126219248
labour,254,63,33.37040398773935,5.383830729797893
libdems,16,-26,9.19782781690156,-14.96232676321848
ukip,3,1,14.952580037622198,11.279747318746697
snp,0,0,0.0,0.0
plaidcymru,0,0,0.0,0.0
green,1,0,6.047844965571856,4.8949879255393745
uu,0,0,0.0,0.0
sdlp,0,0,0.0,0.0
dup,0,0,0.0,0.0
sinnfein,0,0,0.0,0.0
alliance,0,0,0.0,0.0
other,1,-2,1.4914060346242901,-2.1532879486730083
total,533,,100.00,
