code,seats,change,votepercent,votepercentchange
conservative,264,-30,36.55541776905721,-2.8164326174438017
labour,244,53,33.73722274116879,5.758493415911616
libdems,21,-21,9.68867117521833,-14.464711921146924
ukip,2,0,13.628714801559177,9.956911485331222
snp,0,0,0.0,0.0
plaidcymru,0,0,0.0,0.0
green,1,0,4.834707600628059,3.6821736774321145
uu,0,0,0.0,0.0
sdlp,0,0,0.0,0.0
dup,0,0,0.0,0.0
sinnfein,0,0,0.0,0.0
alliance,0,0,0.0,0.0
other,1,-2,1.555265912368437,-2.1164340400842265
total,533,,100.00,
