code,seats,change,votepercent,votepercentchange
conservative,251,-43,35.11762601010076,-4.265262409632463
labour,261,70,33.82903480634503,5.84246154840357
libdems,14,-28,9.067535664111444,-15.092618916008595
ukip,5,3,14.834454318100068,11.161621599224567
snp,0,0,0.0,0.0
plaidcymru,0,0,0.0,0.0
green,1,0,5.729767360149688,4.576910320117206
uu,0,0,0.0,0.0
sdlp,0,0,0.0,0.0
dup,0,0,0.0,0.0
sinnfein,0,0,0.0,0.0
alliance,0,0,0.0,0.0
other,1,-2,1.4215818411930146,-2.223112142104284
total,533,,100.00,
