code,seats,change,votepercent,votepercentchange
conservative,253,-41,36.10897675321668,-3.262873633284329
labour,256,65,34.26250158874723,6.28377226349005
libdems,17,-25,9.234687790701754,-14.9186953056635
ukip,5,3,13.904372622239967,10.232569306012014
snp,0,0,0.0,0.0
plaidcymru,0,0,0.0,0.0
green,1,0,5.084279628868648,3.9317457056727037
uu,0,0,0.0,0.0
sdlp,0,0,0.0,0.0
dup,0,0,0.0,0.0
sinnfein,0,0,0.0,0.0
alliance,0,0,0.0,0.0
other,1,-2,1.4051816162257291,-2.266518336226934
total,533,,100.00,
