code,seats,change,votepercent,votepercentchange
conservative,255,-39,36.34623583262847,-3.0256145538725363
labour,256,65,33.7059432539032,5.727213928646023
libdems,15,-27,9.071137403498321,-15.082245692866932
ukip,5,3,14.077826705079874,10.40602338885192
snp,0,0,0.0,0.0
plaidcymru,0,0,0.0,0.0
green,1,0,5.378112698795458,4.225578775599513
uu,0,0,0.0,0.0
sdlp,0,0,0.0,0.0
dup,0,0,0.0,0.0
sinnfein,0,0,0.0,0.0
alliance,0,0,0.0,0.0
other,1,-2,1.420744106094682,-2.2509558463579813
total,533,,100.00,
