code,seats,change,votepercent,votepercentchange
conservative,263,-31,36.50892066772596,-2.8629297187750495
labour,245,54,33.56205440766154,5.5833250824043645
libdems,21,-21,9.947243855496938,-14.206139240868316
ukip,2,0,13.544888143444938,9.873084827216985
snp,0,0,0.0,0.0
plaidcymru,0,0,0.0,0.0
green,1,0,4.889749736297253,3.737215813101308
uu,0,0,0.0,0.0
sdlp,0,0,0.0,0.0
dup,0,0,0.0,0.0
sinnfein,0,0,0.0,0.0
alliance,0,0,0.0,0.0
other,1,-2,1.547143189373369,-2.124556763079294
total,533,,100.00,
