code,seats,change,votepercent,votepercentchange
conservative,255,-39,35.6655244062355,-3.706325980265511
labour,260,69,33.63149925248962,5.652769927232441
libdems,11,-31,8.704665442610127,-15.448717653755127
ukip,5,3,14.777215549744316,11.105412233516361
snp,0,0,0.0,0.0
plaidcymru,0,0,0.0,0.0
green,1,0,5.696931304758654,4.5443973815627094
uu,0,0,0.0,0.0
sdlp,0,0,0.0,0.0
dup,0,0,0.0,0.0
sinnfein,0,0,0.0,0.0
alliance,0,0,0.0,0.0
other,1,-2,1.5241640441617892,-2.147535908290874
total,533,,100.00,
