code,seats,change,votepercent,votepercentchange
conservative,266,-28,35.9894943825591,-3.382356003941908
labour,248,57,33.0800278449936,5.1012985197364245
libdems,11,-31,8.848972879592235,-15.304410216773018
ukip,6,4,14.937185990872596,11.265382674644641
snp,0,0,0.0,0.0
plaidcymru,0,0,0.0,0.0
green,1,0,5.808659824200699,4.656125901004755
uu,0,0,0.0,0.0
sdlp,0,0,0.0,0.0
dup,0,0,0.0,0.0
sinnfein,0,0,0.0,0.0
alliance,0,0,0.0,0.0
other,1,-2,1.3356590777817654,-2.336040874670898
total,533,,100.00,
