code,seats,change,votepercent,votepercentchange
conservative,256,-38,34.919271408501196,-4.463617011232024
labour,256,65,33.186395762989235,5.199822505047777
libdems,16,-26,9.058324007186965,-15.101830572933075
ukip,3,1,15.18519377688557,11.512361058010068
snp,0,0,0.0,0.0
plaidcymru,0,0,0.0,0.0
green,1,0,6.11191804505518,4.959061005022699
uu,0,0,0.0,0.0
sdlp,0,0,0.0,0.0
dup,0,0,0.0,0.0
sinnfein,0,0,0.0,0.0
alliance,0,0,0.0,0.0
other,1,-2,1.5388969993818524,-2.105796983915446
total,533,,100.00,
