code,seats,change,votepercent,votepercentchange
conservative,250,-44,34.52730689456202,-4.855581525171203
labour,262,71,32.94936684185082,4.9627935839093595
libdems,16,-26,9.26667108525802,-14.89348349486202
ukip,3,1,15.370198680660605,11.697365961785104
snp,0,0,0.0,0.0
plaidcymru,0,0,0.0,0.0
green,1,0,6.208189729114358,5.055332689081877
uu,0,0,0.0,0.0
sdlp,0,0,0.0,0.0
dup,0,0,0.0,0.0
sinnfein,0,0,0.0,0.0
alliance,0,0,0.0,0.0
other,1,-2,1.678266768554185,-1.9664272147431134
total,533,,100.00,
