code,seats,change,votepercent,votepercentchange
conservative,265,-29,35.87847672461381,-3.4933736618871976
labour,248,57,32.59967756470315,4.620948239445973
libdems,11,-31,8.833484208869548,-15.319898887495706
ukip,7,5,15.221310999569305,11.54950768334135
snp,0,0,0.0,0.0
plaidcymru,0,0,0.0,0.0
green,1,0,6.04209250066776,4.889558577471815
uu,0,0,0.0,0.0
sdlp,0,0,0.0,0.0
dup,0,0,0.0,0.0
sinnfein,0,0,0.0,0.0
alliance,0,0,0.0,0.0
other,1,-2,1.424958001576425,-2.2467419508762383
total,533,,100.00,
