code,seats,change,votepercent,votepercentchange
conservative,266,-28,36.93809543099109,-2.4337549555099187
labour,244,53,32.996529751661,5.017800426403824
libdems,18,-24,9.685746982953408,-14.467636113411846
ukip,3,1,13.698921208882641,10.027117892654687
snp,0,0,0.0,0.0
plaidcymru,0,0,0.0,0.0
green,1,0,5.073496911576838,3.920962988380893
uu,0,0,0.0,0.0
sdlp,0,0,0.0,0.0
dup,0,0,0.0,0.0
sinnfein,0,0,0.0,0.0
alliance,0,0,0.0,0.0
other,1,-2,1.6072097139350263,-2.064490238517637
total,533,,100.00,
