code,seats,change,votepercent,votepercentchange
conservative,255,-39,36.3027362464069,-3.0691141400941078
labour,255,64,33.921078560414,5.942349235156826
libdems,17,-25,9.553196924405142,-14.600186171960111
ukip,4,2,13.862154195195226,10.190350878967273
snp,0,0,0.0,0.0
plaidcymru,0,0,0.0,0.0
green,1,0,4.95574668511458,3.803212761918635
uu,0,0,0.0,0.0
sdlp,0,0,0.0,0.0
dup,0,0,0.0,0.0
sinnfein,0,0,0.0,0.0
alliance,0,0,0.0,0.0
other,1,-2,1.4050873884641488,-2.2666125639885144
total,533,,100.00,
