code,seats,change,votepercent,votepercentchange
conservative,253,-41,36.0814378390121,-3.2904125474889057
labour,254,63,33.83741485782886,5.858685532571684
libdems,19,-23,9.268721413778962,-14.884661682586291
ukip,5,3,14.485578824848753,10.8137755086208
snp,0,0,0.0,0.0
plaidcymru,0,0,0.0,0.0
green,1,0,4.879555890294722,3.7270219670987776
uu,0,0,0.0,0.0
sdlp,0,0,0.0,0.0
dup,0,0,0.0,0.0
sinnfein,0,0,0.0,0.0
alliance,0,0,0.0,0.0
other,1,-2,1.4472911742365968,-2.224408778216066
total,533,,100.00,
