code,seats,change,votepercent,votepercentchange
conservative,253,-41,35.757982221404,-3.61386816509701
labour,249,58,33.35942775819104,5.380698432933862
libdems,23,-19,9.474061857081697,-14.679321239283556
ukip,6,4,14.851646001465078,11.179842685237123
snp,0,0,0.0,0.0
plaidcymru,0,0,0.0,0.0
green,1,0,4.993368787909872,3.840834864713927
uu,0,0,0.0,0.0
sdlp,0,0,0.0,0.0
dup,0,0,0.0,0.0
sinnfein,0,0,0.0,0.0
alliance,0,0,0.0,0.0
other,1,-2,1.5635133739483134,-2.10818657850435
total,533,,100.00,
