code,seats,change,votepercent,votepercentchange
conservative,257,-37,36.00981224198009,-3.362038144520916
labour,259,68,33.50845781292691,5.529728487669736
libdems,9,-33,8.510434483997619,-15.642948612367634
ukip,6,4,14.892091693833223,11.220288377605268
snp,0,0,0.0,0.0
plaidcymru,0,0,0.0,0.0
green,1,0,5.64382477040985,4.4912908472139055
uu,0,0,0.0,0.0
sdlp,0,0,0.0,0.0
dup,0,0,0.0,0.0
sinnfein,0,0,0.0,0.0
alliance,0,0,0.0,0.0
other,1,-2,1.4353789968522974,-2.236320955600366
total,533,,100.00,
