code,seats,change,votepercent,votepercentchange
conservative,254,-40,35.90222448558764,-3.469625900913371
labour,257,66,33.83248884045578,5.853759515198604
libdems,15,-27,9.099013568535156,-15.054369527830097
ukip,5,3,14.258020771939904,10.58621745571195
snp,0,0,0.0,0.0
plaidcymru,0,0,0.0,0.0
green,1,0,5.525666941958752,4.3731330187628075
uu,0,0,0.0,0.0
sdlp,0,0,0.0,0.0
dup,0,0,0.0,0.0
sinnfein,0,0,0.0,0.0
alliance,0,0,0.0,0.0
other,1,-2,1.382585391522774,-2.2891145609298893
total,533,,100.00,
