code,seats,change,votepercent,votepercentchange
conservative,257,-37,36.275277593030474,-3.0965727934705356
labour,253,62,33.89513234922531,5.91640302396813
libdems,16,-26,9.442749932950992,-14.710633163414261
ukip,5,3,13.932629889592048,10.260826573364096
snp,0,0,0.0,0.0
plaidcymru,0,0,0.0,0.0
green,1,0,5.022084748308804,3.869550825112859
uu,0,0,0.0,0.0
sdlp,0,0,0.0,0.0
dup,0,0,0.0,0.0
sinnfein,0,0,0.0,0.0
alliance,0,0,0.0,0.0
other,1,-2,1.432125486892372,-2.239574465560291
total,533,,100.00,
