code,seats,change,votepercent,votepercentchange
conservative,256,-38,36.1521127931291,-3.21973759337191
labour,257,66,33.67782816671008,5.699098841452901
libdems,13,-29,8.953274905668417,-15.200108190696836
ukip,5,3,14.329663387298861,10.657860071070907
snp,0,0,0.0,0.0
plaidcymru,0,0,0.0,0.0
green,1,0,5.4710972694573785,4.318563346261434
uu,0,0,0.0,0.0
sdlp,0,0,0.0,0.0
dup,0,0,0.0,0.0
sinnfein,0,0,0.0,0.0
alliance,0,0,0.0,0.0
other,1,-2,1.4160234777361638,-2.2556764747164992
total,533,,100.00,
