code,seats,change,votepercent,votepercentchange
conservative,256,-38,35.50162026666513,-3.870230119835881
labour,259,68,33.551569089576496,5.572839764319319
libdems,10,-32,8.625361917126918,-15.528021179238335
ukip,6,4,15.07240408881799,11.400600772590035
snp,0,0,0.0,0.0
plaidcymru,0,0,0.0,0.0
green,1,0,5.782837520726302,4.630303597530357
uu,0,0,0.0,0.0
sdlp,0,0,0.0,0.0
dup,0,0,0.0,0.0
sinnfein,0,0,0.0,0.0
alliance,0,0,0.0,0.0
other,1,-2,1.466207117087167,-2.2054928353654963
total,533,,100.00,
