code,seats,change,votepercent,votepercentchange
conservative,263,-31,36.716898726925024,-2.6549516595759854
labour,245,54,32.96008519890147,4.98135587364429
libdems,19,-23,9.510628361002274,-14.64275473536298
ukip,4,2,14.249466366477463,10.577663050249509
snp,0,0,0.0,0.0
plaidcymru,0,0,0.0,0.0
green,1,0,5.096877063055133,3.944343139859188
uu,0,0,0.0,0.0
sdlp,0,0,0.0,0.0
dup,0,0,0.0,0.0
sinnfein,0,0,0.0,0.0
alliance,0,0,0.0,0.0
other,1,-2,1.4660442836386396,-2.205655668814024
total,533,,100.00,
