code,seats,change,votepercent,votepercentchange
conservative,264,-30,36.84954164001375,-2.522308746487262
labour,244,53,33.12050377628307,5.141774451025896
libdems,20,-22,9.75330851926825,-14.400074577097003
ukip,3,1,13.755279265838032,10.08347594961008
snp,0,0,0.0,0.0
plaidcymru,0,0,0.0,0.0
green,1,0,4.948434379710558,3.7959004565146133
uu,0,0,0.0,0.0
sdlp,0,0,0.0,0.0
dup,0,0,0.0,0.0
sinnfein,0,0,0.0,0.0
alliance,0,0,0.0,0.0
other,1,-2,1.5729324188863394,-2.098767533566324
total,533,,100.00,
