code,seats,change,votepercent,votepercentchange
conservative,257,-37,35.1699917229355,-4.20185866356551
labour,256,65,33.70364522232476,5.724915897067582
libdems,11,-31,8.50508729515435,-15.648295801210903
ukip,7,5,15.109171088833605,11.43736777260565
snp,0,0,0.0,0.0
plaidcymru,0,0,0.0,0.0
green,1,0,6.0504093891464015,4.897875465950457
uu,0,0,0.0,0.0
sdlp,0,0,0.0,0.0
dup,0,0,0.0,0.0
sinnfein,0,0,0.0,0.0
alliance,0,0,0.0,0.0
other,1,-2,1.461695281605384,-2.210004670847279
total,533,,100.00,
