code,seats,change,votepercent,votepercentchange
conservative,255,-39,36.444782337053724,-2.9270680494472856
labour,257,66,34.25454814823479,6.275818822977612
libdems,15,-27,8.97071348298727,-15.182669613377984
ukip,4,2,13.75145984227563,10.079656526047675
snp,0,0,0.0,0.0
plaidcymru,0,0,0.0,0.0
green,1,0,5.136403022709308,3.983869099513363
uu,0,0,0.0,0.0
sdlp,0,0,0.0,0.0
dup,0,0,0.0,0.0
sinnfein,0,0,0.0,0.0
alliance,0,0,0.0,0.0
other,1,-2,1.4420931667392811,-2.229606785713382
total,533,,100.00,
