code,seats,change,votepercent,votepercentchange
conservative,257,-37,35.31616516904016,-4.055685217460848
labour,257,66,33.10108124088834,5.122351915631164
libdems,10,-32,8.556185175947997,-15.597197920417257
ukip,7,5,15.445558196276437,11.773754880048482
snp,0,0,0.0,0.0
plaidcymru,0,0,0.0,0.0
green,1,0,6.082733920796802,4.930199997600857
uu,0,0,0.0,0.0
sdlp,0,0,0.0,0.0
dup,0,0,0.0,0.0
sinnfein,0,0,0.0,0.0
alliance,0,0,0.0,0.0
other,1,-2,1.4982762970502599,-2.173423655402403
total,533,,100.00,
