code,seats,change,votepercent,votepercentchange
conservative,250,-44,34.527025117162545,-4.855863302570675
labour,262,71,32.950207599107884,4.963634341166426
libdems,16,-26,9.265589037004865,-14.894565543115174
ukip,3,1,15.36997554894023,11.69714283006473
snp,0,0,0.0,0.0
plaidcymru,0,0,0.0,0.0
green,1,0,6.208939500830338,5.056082460797857
uu,0,0,0.0,0.0
sdlp,0,0,0.0,0.0
dup,0,0,0.0,0.0
sinnfein,0,0,0.0,0.0
alliance,0,0,0.0,0.0
other,1,-2,1.6782631969541344,-1.966430786343164
total,533,,100.00,
