code,seats,change,votepercent,votepercentchange
conservative,256,-38,36.172041203067955,-3.1998091834330538
labour,248,57,33.21854463994491,5.239815314687732
libdems,20,-22,9.316812661062793,-14.83657043530246
ukip,7,5,14.90808392228704,11.236280606059086
snp,0,0,0.0,0.0
plaidcymru,0,0,0.0,0.0
green,1,0,4.99526339227198,3.842729469076035
uu,0,0,0.0,0.0
sdlp,0,0,0.0,0.0
dup,0,0,0.0,0.0
sinnfein,0,0,0.0,0.0
alliance,0,0,0.0,0.0
other,1,-2,1.3892541813653299,-2.2824457710873336
total,533,,100.00,
