code,seats,change,votepercent,votepercentchange
conservative,264,-30,36.51727545849501,-2.854574928006002
labour,246,55,33.25207280432921,5.273343479072032
libdems,19,-23,9.515357386153612,-14.638025710211641
ukip,2,0,13.879865753260269,10.208062437032314
snp,0,0,0.0,0.0
plaidcymru,0,0,0.0,0.0
green,1,0,5.270112049156798,4.117578125960853
uu,0,0,0.0,0.0
sdlp,0,0,0.0,0.0
dup,0,0,0.0,0.0
sinnfein,0,0,0.0,0.0
alliance,0,0,0.0,0.0
other,1,-2,1.565316548605104,-2.106383403847559
total,533,,100.00,
