code,seats,change,votepercent,votepercentchange
conservative,254,-40,35.28477575950671,-4.098112660226512
labour,261,70,33.6108938527121,5.624320594770644
libdems,12,-30,9.060885803722154,-15.099268776397885
ukip,4,2,14.748038153732862,11.075205434857361
snp,0,0,0.0,0.0
plaidcymru,0,0,0.0,0.0
green,1,0,5.774157077374127,4.621300037341646
uu,0,0,0.0,0.0
sdlp,0,0,0.0,0.0
dup,0,0,0.0,0.0
sinnfein,0,0,0.0,0.0
alliance,0,0,0.0,0.0
other,1,-2,1.5212493529520494,-2.123444630345249
total,533,,100.00,
