code,seats,change,votepercent,votepercentchange
conservative,264,-30,36.687676316649046,-2.684174069851963
labour,243,52,33.75455170745123,5.77582238219405
libdems,22,-20,9.918591505080515,-14.234791591284738
ukip,2,0,13.273207401753336,9.601404085525381
snp,0,0,0.0,0.0
plaidcymru,0,0,0.0,0.0
green,1,0,4.855799210001604,3.7032652868056593
uu,0,0,0.0,0.0
sdlp,0,0,0.0,0.0
dup,0,0,0.0,0.0
sinnfein,0,0,0.0,0.0
alliance,0,0,0.0,0.0
other,1,-2,1.5101738590642675,-2.161526093388396
total,533,,100.00,
