code,seats,change,votepercent,votepercentchange
conservative,262,-32,36.58065605267385,-2.791194333827157
labour,245,54,33.651195594709534,5.672466269452357
libdems,22,-20,9.952450684544836,-14.200932411820418
ukip,2,0,13.44410109336914,9.772297777141187
snp,0,0,0.0,0.0
plaidcymru,0,0,0.0,0.0
green,1,0,4.818247459176051,3.6657135359801067
uu,0,0,0.0,0.0
sdlp,0,0,0.0,0.0
dup,0,0,0.0,0.0
sinnfein,0,0,0.0,0.0
alliance,0,0,0.0,0.0
other,1,-2,1.5533491155265904,-2.118350836926073
total,533,,100.00,
