code,seats,change,votepercent,votepercentchange
conservative,250,-44,35.58974858815984,-3.7821017983411664
labour,255,64,34.03211802340429,6.05338869814711
libdems,20,-22,9.571709004002082,-14.581674092363171
ukip,6,4,14.66094977806282,10.989146461834867
snp,0,0,0.0,0.0
plaidcymru,0,0,0.0,0.0
green,1,0,4.673203595440785,3.52066967224484
uu,0,0,0.0,0.0
sdlp,0,0,0.0,0.0
dup,0,0,0.0,0.0
sinnfein,0,0,0.0,0.0
alliance,0,0,0.0,0.0
other,1,-2,1.4722710109301869,-2.199428941522476
total,533,,100.00,
