code,seats,change,votepercent,votepercentchange
conservative,256,-38,35.545415660640394,-3.837472759092826
labour,258,67,33.33097848231489,5.344405224373432
libdems,13,-29,8.985865864489007,-15.174288715631032
ukip,4,2,14.878935120774422,11.20610240189892
snp,0,0,0.0,0.0
plaidcymru,0,0,0.0,0.0
green,1,0,5.73823780182299,4.585380761790509
uu,0,0,0.0,0.0
sdlp,0,0,0.0,0.0
dup,0,0,0.0,0.0
sinnfein,0,0,0.0,0.0
alliance,0,0,0.0,0.0
other,1,-2,1.520567069958296,-2.124126913339002
total,533,,100.00,
