code,seats,change,votepercent,votepercentchange
conservative,250,-44,35.89625737163316,-3.4755930148678473
labour,256,65,34.31564853548655,6.336919210229375
libdems,19,-23,9.310816994563606,-14.842566101801648
ukip,6,4,14.18796953522896,10.516166219001008
snp,0,0,0.0,0.0
plaidcymru,0,0,0.0,0.0
green,1,0,4.813259627495895,3.66072570429995
uu,0,0,0.0,0.0
sdlp,0,0,0.0,0.0
dup,0,0,0.0,0.0
sinnfein,0,0,0.0,0.0
alliance,0,0,0.0,0.0
other,1,-2,1.4760479355918263,-2.195652016860837
total,533,,100.00,
