code,seats,change,votepercent,votepercentchange
conservative,254,-40,35.798431513699384,-3.573418872801625
labour,257,66,33.84730541957118,5.868576094314001
libdems,15,-27,9.237220297188355,-14.916162799176899
ukip,5,3,14.359269385058116,10.687466068830162
snp,0,0,0.0,0.0
plaidcymru,0,0,0.0,0.0
green,1,0,5.3438299879122875,4.191296064716343
uu,0,0,0.0,0.0
sdlp,0,0,0.0,0.0
dup,0,0,0.0,0.0
sinnfein,0,0,0.0,0.0
alliance,0,0,0.0,0.0
other,1,-2,1.413943396570683,-2.25775655588198
total,533,,100.00,
