code,seats,change,votepercent,votepercentchange
conservative,251,-43,34.39148028340834,-4.991408136324878
labour,261,70,32.687856663031724,4.701283405090265
libdems,16,-26,9.604553122688769,-14.55560145743127
ukip,3,1,15.712702262564813,12.039869543689312
snp,0,0,0.0,0.0
plaidcymru,0,0,0.0,0.0
green,1,0,6.011600357281959,4.858743317249478
uu,0,0,0.0,0.0
sdlp,0,0,0.0,0.0
dup,0,0,0.0,0.0
sinnfein,0,0,0.0,0.0
alliance,0,0,0.0,0.0
other,1,-2,1.5918073110243942,-2.052886672272904
total,533,,100.00,
