code,seats,change,votepercent,votepercentchange
conservative,252,-42,36.26998880704391,-3.1018615794571005
labour,253,62,33.83768759429887,5.858958269041693
libdems,21,-21,9.200622382785374,-14.95276071357988
ukip,5,3,14.178129059707866,10.506325743479913
snp,0,0,0.0,0.0
plaidcymru,0,0,0.0,0.0
green,1,0,5.07350979468456,3.920975871488616
uu,0,0,0.0,0.0
sdlp,0,0,0.0,0.0
dup,0,0,0.0,0.0
sinnfein,0,0,0.0,0.0
alliance,0,0,0.0,0.0
other,1,-2,1.4400623614794197,-2.2316375909732438
total,533,,100.00,
