code,seats,change,votepercent,votepercentchange
conservative,265,-29,35.87910442506596,-3.4927459614350482
labour,248,57,32.59689384965451,4.618164524397336
libdems,11,-31,8.837531122343613,-15.31585197402164
ukip,7,5,15.219330429198566,11.547527112970613
snp,0,0,0.0,0.0
plaidcymru,0,0,0.0,0.0
green,1,0,6.04130105227158,4.888767129075635
uu,0,0,0.0,0.0
sdlp,0,0,0.0,0.0
dup,0,0,0.0,0.0
sinnfein,0,0,0.0,0.0
alliance,0,0,0.0,0.0
other,1,-2,1.4258391214657686,-2.245860830986895
total,533,,100.00,
