code,seats,change,votepercent,votepercentchange
conservative,252,-42,36.05347092122641,-3.318379465274596
labour,256,65,34.27325250000429,6.294523174747113
libdems,18,-24,9.253481868955065,-14.899901227410188
ukip,5,3,13.906683713101515,10.23488039687356
snp,0,0,0.0,0.0
plaidcymru,0,0,0.0,0.0
green,1,0,5.117708356563467,3.9651744333675225
uu,0,0,0.0,0.0
sdlp,0,0,0.0,0.0
dup,0,0,0.0,0.0
sinnfein,0,0,0.0,0.0
alliance,0,0,0.0,0.0
other,1,-2,1.395402640149251,-2.276297312303412
total,533,,100.00,
