code,seats,change,votepercent,votepercentchange
conservative,259,-35,34.96251503359791,-4.42037338613531
labour,254,63,33.38479429546697,5.398221037525509
libdems,15,-27,9.142969516105287,-15.017185064014752
ukip,3,1,14.96412599901689,11.291293280141389
snp,0,0,0.0,0.0
plaidcymru,0,0,0.0,0.0
green,1,0,6.053697703664705,4.9008406636322235
uu,0,0,0.0,0.0
sdlp,0,0,0.0,0.0
dup,0,0,0.0,0.0
sinnfein,0,0,0.0,0.0
alliance,0,0,0.0,0.0
other,1,-2,1.491897452148245,-2.152796531149053
total,533,,100.00,
