code,seats,change,votepercent,votepercentchange
conservative,253,-41,35.61592286428128,-3.7559275222197286
labour,256,65,33.66857798563062,5.689848660373443
libdems,15,-27,9.162989511261767,-14.990393585103487
ukip,7,5,14.835755241435294,11.16395192520734
snp,0,0,0.0,0.0
plaidcymru,0,0,0.0,0.0
green,1,0,5.286596671567288,4.134062748371344
uu,0,0,0.0,0.0
sdlp,0,0,0.0,0.0
dup,0,0,0.0,0.0
sinnfein,0,0,0.0,0.0
alliance,0,0,0.0,0.0
other,1,-2,1.4301577258237501,-2.241542226628913
total,533,,100.00,
