code,seats,change,votepercent,votepercentchange
conservative,251,-43,35.13337700719137,-4.24951141254185
labour,261,70,32.97603189431441,4.989458636372952
libdems,15,-27,9.324337501063873,-14.835817079056167
ukip,4,2,15.05570678177976,11.382874062904259
snp,0,0,0.0,0.0
plaidcymru,0,0,0.0,0.0
green,1,0,5.955364474954025,4.8025074349215435
uu,0,0,0.0,0.0
sdlp,0,0,0.0,0.0
dup,0,0,0.0,0.0
sinnfein,0,0,0.0,0.0
alliance,0,0,0.0,0.0
other,1,-2,1.5551823406965617,-2.089511642600737
total,533,,100.00,
