code,seats,change,votepercent,votepercentchange
conservative,256,-38,34.91927060357071,-4.463617816162511
labour,256,65,33.18552889373929,5.19895563579783
libdems,16,-26,9.0592586351695,-15.100895944950539
ukip,3,1,15.185740440240512,11.51290772136501
snp,0,0,0.0,0.0
plaidcymru,0,0,0.0,0.0
green,1,0,6.1113039479154265,4.958446907882945
uu,0,0,0.0,0.0
sdlp,0,0,0.0,0.0
dup,0,0,0.0,0.0
sinnfein,0,0,0.0,0.0
alliance,0,0,0.0,0.0
other,1,-2,1.5388974793645667,-2.1057965039327318
total,533,,100.00,
