code,seats,change,votepercent,votepercentchange
conservative,252,-42,34.365908345715134,-5.016980074018086
labour,260,69,32.63405773511153,4.6474844771700745
libdems,16,-26,9.805982328500566,-14.354172251619474
ukip,3,1,15.74683196870391,12.07399924982841
snp,0,0,0.0,0.0
plaidcymru,0,0,0.0,0.0
green,1,0,5.893039200817491,4.74018216078501
uu,0,0,0.0,0.0
sdlp,0,0,0.0,0.0
dup,0,0,0.0,0.0
sinnfein,0,0,0.0,0.0
alliance,0,0,0.0,0.0
other,1,-2,1.5541804211513728,-2.090513562145926
total,533,,100.00,
