code,seats,change,votepercent,votepercentchange
conservative,260,-34,36.452429190245226,-2.919421196255783
labour,255,64,33.60476755889125,5.62603823363407
libdems,12,-30,8.897510778607586,-15.255872317757667
ukip,4,2,14.30038030448141,10.628576988253457
snp,0,0,0.0,0.0
plaidcymru,0,0,0.0,0.0
green,1,0,5.283084043411126,4.130550120215181
uu,0,0,0.0,0.0
sdlp,0,0,0.0,0.0
dup,0,0,0.0,0.0
sinnfein,0,0,0.0,0.0
alliance,0,0,0.0,0.0
other,1,-2,1.4618281243634057,-2.2098718280892573
total,533,,100.00,
