code,seats,change,votepercent,votepercentchange
conservative,249,-45,34.48544338558097,-4.897445034152248
labour,262,71,32.86249211914961,4.875918861208149
libdems,17,-25,9.51551742415036,-14.64463715596968
ukip,3,1,15.466627242433574,11.793794523558073
snp,0,0,0.0,0.0
plaidcymru,0,0,0.0,0.0
green,1,0,6.050376076071616,4.897519036039134
uu,0,0,0.0,0.0
sdlp,0,0,0.0,0.0
dup,0,0,0.0,0.0
sinnfein,0,0,0.0,0.0
alliance,0,0,0.0,0.0
other,1,-2,1.619543752613873,-2.0251502306834253
total,533,,100.00,
