code,seats,change,votepercent,votepercentchange
conservative,255,-39,36.2324893834705,-3.1393610030305084
labour,256,65,34.04797678707064,6.069247461813461
libdems,16,-26,9.294871869848027,-14.858511226517226
ukip,4,2,13.945212384002996,10.273409067775042
snp,0,0,0.0,0.0
plaidcymru,0,0,0.0,0.0
green,1,0,5.073453884677834,3.9209199614818893
uu,0,0,0.0,0.0
sdlp,0,0,0.0,0.0
dup,0,0,0.0,0.0
sinnfein,0,0,0.0,0.0
alliance,0,0,0.0,0.0
other,1,-2,1.405995690930001,-2.265704261522662
total,533,,100.00,
