code,seats,change,votepercent,votepercentchange
conservative,255,-39,35.75198733743218,-3.619863049068826
labour,260,69,33.58547042236344,5.606741097106266
libdems,11,-31,8.739399547945892,-15.413983548419361
ukip,5,3,14.718726263825902,11.046922947597949
snp,0,0,0.0,0.0
plaidcymru,0,0,0.0,0.0
green,1,0,5.698241290098514,4.54570736690257
uu,0,0,0.0,0.0
sdlp,0,0,0.0,0.0
dup,0,0,0.0,0.0
sinnfein,0,0,0.0,0.0
alliance,0,0,0.0,0.0
other,1,-2,1.506175138334062,-2.1655248141186014
total,533,,100.00,
